"case_id","unit_id","market_id","period","outcome","treated","ever_treated","adoption_period"
"04","unit_001","market_001",1,0.0709203559663401,0,1,7
"04","unit_001","market_001",2,0.191663514006151,0,1,7
"04","unit_001","market_001",3,0.283752967589246,0,1,7
"04","unit_001","market_001",4,0.220772620602739,0,1,7
"04","unit_001","market_001",5,0.269750000998317,0,1,7
"04","unit_001","market_001",6,0.296350377599547,0,1,7
"04","unit_001","market_001",7,0.536765793799596,1,1,7
"04","unit_001","market_001",8,0.580627808639031,1,1,7
"04","unit_001","market_001",9,0.57903326460351,1,1,7
"04","unit_001","market_001",10,0.735547115003337,1,1,7
"04","unit_001","market_001",11,0.68979659556269,1,1,7
"04","unit_001","market_001",12,0.804850282757365,1,1,7
"04","unit_001","market_001",13,0.774317270089298,1,1,7
"04","unit_001","market_001",14,0.946549017445323,1,1,7
"04","unit_001","market_001",15,0.924252028447838,1,1,7
"04","unit_001","market_001",16,0.970361598055358,1,1,7
"04","unit_002","market_002",1,0.601209494034652,0,1,7
"04","unit_002","market_002",2,0.687226475252758,0,1,7
"04","unit_002","market_002",3,0.76333846558696,0,1,7
"04","unit_002","market_002",4,0.787495791399865,0,1,7
"04","unit_002","market_002",5,0.663997940283864,0,1,7
"04","unit_002","market_002",6,0.830507781065661,0,1,7
"04","unit_002","market_002",7,1.07898048473278,1,1,7
"04","unit_002","market_002",8,1.02537016814365,1,1,7
"04","unit_002","market_002",9,1.07738968800335,1,1,7
"04","unit_002","market_002",10,1.14069291555589,1,1,7
"04","unit_002","market_002",11,1.19290282972694,1,1,7
"04","unit_002","market_002",12,1.22506453216323,1,1,7
"04","unit_002","market_002",13,1.23965541625295,1,1,7
"04","unit_002","market_002",14,1.36500393234532,1,1,7
"04","unit_002","market_002",15,1.40229408247526,1,1,7
"04","unit_002","market_002",16,1.42930191042263,1,1,7
"04","unit_003","market_003",1,0.338337297143038,0,1,7
"04","unit_003","market_003",2,0.388184564723915,0,1,7
"04","unit_003","market_003",3,0.438033571097874,0,1,7
"04","unit_003","market_003",4,0.452061094535105,0,1,7
"04","unit_003","market_003",5,0.341345531797509,0,1,7
"04","unit_003","market_003",6,0.488859238211464,0,1,7
"04","unit_003","market_003",7,0.641566053295038,1,1,7
"04","unit_003","market_003",8,0.738721769773497,1,1,7
"04","unit_003","market_003",9,0.77282983612674,1,1,7
"04","unit_003","market_003",10,0.792694088567036,1,1,7
"04","unit_003","market_003",11,0.8822071223485,1,1,7
"04","unit_003","market_003",12,0.855398873759904,1,1,7
"04","unit_003","market_003",13,1.00856355360665,1,1,7
"04","unit_003","market_003",14,1.12283643754431,1,1,7
"04","unit_003","market_003",15,1.09888594938747,1,1,7
"04","unit_003","market_003",16,1.13373148597243,1,1,7
"04","unit_004","market_004",1,0.638311475303696,0,1,7
"04","unit_004","market_004",2,0.721216914501997,0,1,7
"04","unit_004","market_004",3,0.751100014096283,0,1,7
"04","unit_004","market_004",4,0.821427518005374,0,1,7
"04","unit_004","market_004",5,0.860526070495856,0,1,7
"04","unit_004","market_004",6,0.836902438200817,0,1,7
"04","unit_004","market_004",7,1.12453898472888,1,1,7
"04","unit_004","market_004",8,1.12607481305699,1,1,7
"04","unit_004","market_004",9,1.14029224968491,1,1,7
"04","unit_004","market_004",10,1.26109014579286,1,1,7
"04","unit_004","market_004",11,1.21081723766536,1,1,7
"04","unit_004","market_004",12,1.37214844881277,1,1,7
"04","unit_004","market_004",13,1.32371187927997,1,1,7
"04","unit_004","market_004",14,1.36398684034419,1,1,7
"04","unit_004","market_004",15,1.44925553655068,1,1,7
"04","unit_004","market_004",16,1.4322268341411,1,1,7
"04","unit_005","market_005",1,0.189480473683704,0,1,7
"04","unit_005","market_005",2,0.318874385058352,0,1,7
"04","unit_005","market_005",3,0.341397465884535,0,1,7
"04","unit_005","market_005",4,0.30411991209587,0,1,7
"04","unit_005","market_005",5,0.421020943838165,0,1,7
"04","unit_005","market_005",6,0.286695811328818,0,1,7
"04","unit_005","market_005",7,0.537714372066243,1,1,7
"04","unit_005","market_005",8,0.576264380844511,1,1,7
"04","unit_005","market_005",9,0.676146053420667,1,1,7
"04","unit_005","market_005",10,0.705570968380903,1,1,7
"04","unit_005","market_005",11,0.7415969886199,1,1,7
"04","unit_005","market_005",12,0.831480484759758,1,1,7
"04","unit_005","market_005",13,0.920702358218125,1,1,7
"04","unit_005","market_005",14,0.959700400997866,1,1,7
"04","unit_005","market_005",15,0.911222729780091,1,1,7
"04","unit_005","market_005",16,1.08283468066264,1,1,7
"04","unit_006","market_006",1,0.262290302758649,0,1,7
"04","unit_006","market_006",2,0.285132087273726,0,1,7
"04","unit_006","market_006",3,0.487828432554302,0,1,7
"04","unit_006","market_006",4,0.369808332673058,0,1,7
"04","unit_006","market_006",5,0.361001080687936,0,1,7
"04","unit_006","market_006",6,0.408862857672339,0,1,7
"04","unit_006","market_006",7,0.585389341573511,1,1,7
"04","unit_006","market_006",8,0.593545698620486,1,1,7
"04","unit_006","market_006",9,0.715710074224811,1,1,7
"04","unit_006","market_006",10,0.693179066391692,1,1,7
"04","unit_006","market_006",11,0.89554418723593,1,1,7
"04","unit_006","market_006",12,0.894733066481472,1,1,7
"04","unit_006","market_006",13,0.943274600244204,1,1,7
"04","unit_006","market_006",14,1.03832173872177,1,1,7
"04","unit_006","market_006",15,1.08624715155024,1,1,7
"04","unit_006","market_006",16,0.997598189473871,1,1,7
"04","unit_007","market_007",1,0.0199518763163057,0,1,7
"04","unit_007","market_007",2,0.102683376091461,0,1,7
"04","unit_007","market_007",3,0.148101673449963,0,1,7
"04","unit_007","market_007",4,0.21223093224107,0,1,7
"04","unit_007","market_007",5,0.186913553655706,0,1,7
"04","unit_007","market_007",6,0.170659130585502,0,1,7
"04","unit_007","market_007",7,0.42615290419253,1,1,7
"04","unit_007","market_007",8,0.479284915032535,1,1,7
"04","unit_007","market_007",9,0.431704296144913,1,1,7
"04","unit_007","market_007",10,0.477077041892879,1,1,7
"04","unit_007","market_007",11,0.526652918356983,1,1,7
"04","unit_007","market_007",12,0.604719611367508,1,1,7
"04","unit_007","market_007",13,0.762930766845604,1,1,7
"04","unit_007","market_007",14,0.658858351582283,1,1,7
"04","unit_007","market_007",15,0.84133558790971,1,1,7
"04","unit_007","market_007",16,0.720917257522799,1,1,7
"04","unit_008","market_008",1,0.701595978756808,0,1,7
"04","unit_008","market_008",2,0.73391762773397,0,1,7
"04","unit_008","market_008",3,0.756359272349158,0,1,7
"04","unit_008","market_008",4,0.850648840111423,0,1,7
"04","unit_008","market_008",5,0.732713177776462,0,1,7
"04","unit_008","market_008",6,0.835651379570403,0,1,7
"04","unit_008","market_008",7,1.02337803825653,1,1,7
"04","unit_008","market_008",8,1.13823776387731,1,1,7
"04","unit_008","market_008",9,1.20255973280226,1,1,7
"04","unit_008","market_008",10,1.15299549122281,1,1,7
"04","unit_008","market_008",11,1.33047314983154,1,1,7
"04","unit_008","market_008",12,1.22774173137722,1,1,7
"04","unit_008","market_008",13,1.26870991165183,1,1,7
"04","unit_008","market_008",14,1.47799803203121,1,1,7
"04","unit_008","market_008",15,1.52931272789136,1,1,7
"04","unit_008","market_008",16,1.46584638671342,1,1,7
"04","unit_009","market_009",1,-0.691141705931252,0,1,7
"04","unit_009","market_009",2,-0.723240846783804,0,1,7
"04","unit_009","market_009",3,-0.607742880313458,0,1,7
"04","unit_009","market_009",4,-0.52708704812671,0,1,7
"04","unit_009","market_009",5,-0.514275811769053,0,1,7
"04","unit_009","market_009",6,-0.618231454332395,0,1,7
"04","unit_009","market_009",7,-0.340944751641746,1,1,7
"04","unit_009","market_009",8,-0.311624926237963,1,1,7
"04","unit_009","market_009",9,-0.172079179368091,1,1,7
"04","unit_009","market_009",10,-0.0876139335460541,1,1,7
"04","unit_009","market_009",11,-0.211814272075637,1,1,7
"04","unit_009","market_009",12,-0.0740219280501759,1,1,7
"04","unit_009","market_009",13,0.0303055111800029,1,1,7
"04","unit_009","market_009",14,0.01765813615586,1,1,7
"04","unit_009","market_009",15,0.0669419097445174,1,1,7
"04","unit_009","market_009",16,0.174760143999311,1,1,7
"04","unit_010","market_010",1,0.103039289566151,0,1,7
"04","unit_010","market_010",2,0.173879448186164,0,1,7
"04","unit_010","market_010",3,0.214786131602658,0,1,7
"04","unit_010","market_010",4,0.205644072070713,0,1,7
"04","unit_010","market_010",5,0.235189923119127,0,1,7
"04","unit_010","market_010",6,0.348729636496105,0,1,7
"04","unit_010","market_010",7,0.470878678576276,1,1,7
"04","unit_010","market_010",8,0.55210845244598,1,1,7
"04","unit_010","market_010",9,0.553351413777408,1,1,7
"04","unit_010","market_010",10,0.626733610790263,1,1,7
"04","unit_010","market_010",11,0.664828074592558,1,1,7
"04","unit_010","market_010",12,0.692535967771793,1,1,7
"04","unit_010","market_010",13,0.851377595928914,1,1,7
"04","unit_010","market_010",14,0.86367143419331,1,1,7
"04","unit_010","market_010",15,0.905840628051064,1,1,7
"04","unit_010","market_010",16,0.823241569120291,1,1,7
"04","unit_011","market_011",1,0.57523571128823,0,1,7
"04","unit_011","market_011",2,0.751981205815262,0,1,7
"04","unit_011","market_011",3,0.762265614065542,0,1,7
"04","unit_011","market_011",4,0.774358855153115,0,1,7
"04","unit_011","market_011",5,0.728452525019127,0,1,7
"04","unit_011","market_011",6,0.794030244299155,0,1,7
"04","unit_011","market_011",7,1.11324646600506,1,1,7
"04","unit_011","market_011",8,1.06418391838855,1,1,7
"04","unit_011","market_011",9,1.1648270970679,1,1,7
"04","unit_011","market_011",10,1.10854090396837,1,1,7
"04","unit_011","market_011",11,1.23370145320781,1,1,7
"04","unit_011","market_011",12,1.27769723105824,1,1,7
"04","unit_011","market_011",13,1.35233974497776,1,1,7
"04","unit_011","market_011",14,1.35573852447961,1,1,7
"04","unit_011","market_011",15,1.41029099653378,1,1,7
"04","unit_011","market_011",16,1.44326041252281,1,1,7
"04","unit_012","market_012",1,0.455471252982574,0,1,7
"04","unit_012","market_012",2,0.628657571085151,0,1,7
"04","unit_012","market_012",3,0.52944358946133,0,1,7
"04","unit_012","market_012",4,0.553169386467293,0,1,7
"04","unit_012","market_012",5,0.636612150773453,0,1,7
"04","unit_012","market_012",6,0.541880152853148,0,1,7
"04","unit_012","market_012",7,0.821347887486681,1,1,7
"04","unit_012","market_012",8,0.950682811760257,1,1,7
"04","unit_012","market_012",9,0.967813272727394,1,1,7
"04","unit_012","market_012",10,0.944019651187759,1,1,7
"04","unit_012","market_012",11,0.985605012233126,1,1,7
"04","unit_012","market_012",12,1.14792971958077,1,1,7
"04","unit_012","market_012",13,1.22784845183595,1,1,7
"04","unit_012","market_012",14,1.19633246431227,1,1,7
"04","unit_012","market_012",15,1.20711917216851,1,1,7
"04","unit_012","market_012",16,1.2089981235764,1,1,7
"04","unit_013","market_013",1,0.894122811176904,0,1,7
"04","unit_013","market_013",2,0.874501157036971,0,1,7
"04","unit_013","market_013",3,1.01923941719952,0,1,7
"04","unit_013","market_013",4,1.03673310574246,0,1,7
"04","unit_013","market_013",5,0.985135627050161,0,1,7
"04","unit_013","market_013",6,1.01820428300309,0,1,7
"04","unit_013","market_013",7,1.20723723931917,1,1,7
"04","unit_013","market_013",8,1.34205229332915,1,1,7
"04","unit_013","market_013",9,1.35515290250709,1,1,7
"04","unit_013","market_013",10,1.37960244769135,1,1,7
"04","unit_013","market_013",11,1.45104341818692,1,1,7
"04","unit_013","market_013",12,1.64206640629966,1,1,7
"04","unit_013","market_013",13,1.46215272889186,1,1,7
"04","unit_013","market_013",14,1.62592337383713,1,1,7
"04","unit_013","market_013",15,1.66908805022602,1,1,7
"04","unit_013","market_013",16,1.72392363685701,1,1,7
"04","unit_014","market_014",1,-0.260013191733408,0,1,7
"04","unit_014","market_014",2,-0.22752320392619,0,1,7
"04","unit_014","market_014",3,-0.179864811491599,0,1,7
"04","unit_014","market_014",4,-0.166921938722547,0,1,7
"04","unit_014","market_014",5,-0.175596855565889,0,1,7
"04","unit_014","market_014",6,-0.139808478424767,0,1,7
"04","unit_014","market_014",7,0.0754058164185268,1,1,7
"04","unit_014","market_014",8,0.138813954146734,1,1,7
"04","unit_014","market_014",9,0.0313220773580189,1,1,7
"04","unit_014","market_014",10,0.135588140918947,1,1,7
"04","unit_014","market_014",11,0.238732291536746,1,1,7
"04","unit_014","market_014",12,0.304559710414482,1,1,7
"04","unit_014","market_014",13,0.406630554840435,1,1,7
"04","unit_014","market_014",14,0.446090956315756,1,1,7
"04","unit_014","market_014",15,0.505833453840182,1,1,7
"04","unit_014","market_014",16,0.480493464585548,1,1,7
"04","unit_015","market_015",1,0.839794516202229,0,1,7
"04","unit_015","market_015",2,0.846595857810162,0,1,7
"04","unit_015","market_015",3,0.931585844513684,0,1,7
"04","unit_015","market_015",4,0.954518661255114,0,1,7
"04","unit_015","market_015",5,0.98058258934388,0,1,7
"04","unit_015","market_015",6,0.962621342363374,0,1,7
"04","unit_015","market_015",7,1.20888388636917,1,1,7
"04","unit_015","market_015",8,1.22041982919707,1,1,7
"04","unit_015","market_015",9,1.24530556055777,1,1,7
"04","unit_015","market_015",10,1.33158555873578,1,1,7
"04","unit_015","market_015",11,1.3182020857435,1,1,7
"04","unit_015","market_015",12,1.57062616919874,1,1,7
"04","unit_015","market_015",13,1.47276163979292,1,1,7
"04","unit_015","market_015",14,1.48072114677116,1,1,7
"04","unit_015","market_015",15,1.53173507176573,1,1,7
"04","unit_015","market_015",16,1.52396360306298,1,1,7
"04","unit_016","market_016",1,0.0950092339443599,0,1,7
"04","unit_016","market_016",2,0.196726370856059,0,1,7
"04","unit_016","market_016",3,0.136876967312336,0,1,7
"04","unit_016","market_016",4,0.243940649875024,0,1,7
"04","unit_016","market_016",5,0.260840064498925,0,1,7
"04","unit_016","market_016",6,0.257350639163354,0,1,7
"04","unit_016","market_016",7,0.494563446861821,1,1,7
"04","unit_016","market_016",8,0.550751240321125,1,1,7
"04","unit_016","market_016",9,0.622291395968517,1,1,7
"04","unit_016","market_016",10,0.53637421750863,1,1,7
"04","unit_016","market_016",11,0.691052651573379,1,1,7
"04","unit_016","market_016",12,0.812784520025502,1,1,7
"04","unit_016","market_016",13,0.843461732624289,1,1,7
"04","unit_016","market_016",14,0.899801771592323,1,1,7
"04","unit_016","market_016",15,0.822058776330874,1,1,7
"04","unit_016","market_016",16,0.885898476692613,1,1,7
"04","unit_017","market_017",1,-0.786778746501942,0,1,7
"04","unit_017","market_017",2,-0.582016722095334,0,1,7
"04","unit_017","market_017",3,-0.547100608527888,0,1,7
"04","unit_017","market_017",4,-0.60806937606874,0,1,7
"04","unit_017","market_017",5,-0.473604853978596,0,1,7
"04","unit_017","market_017",6,-0.489614412131818,0,1,7
"04","unit_017","market_017",7,-0.248871761376105,1,1,7
"04","unit_017","market_017",8,-0.248277777943289,1,1,7
"04","unit_017","market_017",9,-0.292837387686406,1,1,7
"04","unit_017","market_017",10,-0.145315574949269,1,1,7
"04","unit_017","market_017",11,-0.0802427580635738,1,1,7
"04","unit_017","market_017",12,-0.10248311263174,1,1,7
"04","unit_017","market_017",13,-0.00550551269653637,1,1,7
"04","unit_017","market_017",14,0.032922570435359,1,1,7
"04","unit_017","market_017",15,0.0614486508436864,1,1,7
"04","unit_017","market_017",16,0.0399026534573256,1,1,7
"04","unit_018","market_018",1,0.397315666358316,0,1,7
"04","unit_018","market_018",2,0.296873487204402,0,1,7
"04","unit_018","market_018",3,0.415309265914646,0,1,7
"04","unit_018","market_018",4,0.465026233922426,0,1,7
"04","unit_018","market_018",5,0.504706161457297,0,1,7
"04","unit_018","market_018",6,0.503796266537643,0,1,7
"04","unit_018","market_018",7,0.695874953007979,1,1,7
"04","unit_018","market_018",8,0.786250202527822,1,1,7
"04","unit_018","market_018",9,0.77250033223036,1,1,7
"04","unit_018","market_018",10,0.800126036570916,1,1,7
"04","unit_018","market_018",11,0.947260344280854,1,1,7
"04","unit_018","market_018",12,0.930153322963205,1,1,7
"04","unit_018","market_018",13,0.996929743505859,1,1,7
"04","unit_018","market_018",14,1.01534520996137,1,1,7
"04","unit_018","market_018",15,1.0801642646146,1,1,7
"04","unit_018","market_018",16,1.08158170588736,1,1,7
"04","unit_019","market_019",1,0.79207385627806,0,1,7
"04","unit_019","market_019",2,0.821343924135455,0,1,7
"04","unit_019","market_019",3,0.834883158754891,0,1,7
"04","unit_019","market_019",4,0.867412177990066,0,1,7
"04","unit_019","market_019",5,0.921537087076324,0,1,7
"04","unit_019","market_019",6,0.772934085323493,0,1,7
"04","unit_019","market_019",7,1.07132539447847,1,1,7
"04","unit_019","market_019",8,1.05554125238366,1,1,7
"04","unit_019","market_019",9,1.1596471978504,1,1,7
"04","unit_019","market_019",10,1.19382642202839,1,1,7
"04","unit_019","market_019",11,1.32520450576734,1,1,7
"04","unit_019","market_019",12,1.33709675898297,1,1,7
"04","unit_019","market_019",13,1.38446462777043,1,1,7
"04","unit_019","market_019",14,1.44779656837267,1,1,7
"04","unit_019","market_019",15,1.47854076604345,1,1,7
"04","unit_019","market_019",16,1.49318298693836,1,1,7
"04","unit_020","market_020",1,-0.872707707536147,0,1,7
"04","unit_020","market_020",2,-0.827444148994347,0,1,7
"04","unit_020","market_020",3,-0.741115530128002,0,1,7
"04","unit_020","market_020",4,-0.785369314105614,0,1,7
"04","unit_020","market_020",5,-0.723289542005819,0,1,7
"04","unit_020","market_020",6,-0.773738760042717,0,1,7
"04","unit_020","market_020",7,-0.474709674997748,1,1,7
"04","unit_020","market_020",8,-0.529168828176364,1,1,7
"04","unit_020","market_020",9,-0.477419768581071,1,1,7
"04","unit_020","market_020",10,-0.354174337911062,1,1,7
"04","unit_020","market_020",11,-0.215875982433836,1,1,7
"04","unit_020","market_020",12,-0.160913745687156,1,1,7
"04","unit_020","market_020",13,-0.131124285806463,1,1,7
"04","unit_020","market_020",14,-0.107013533583025,1,1,7
"04","unit_020","market_020",15,-0.172636149773193,1,1,7
"04","unit_020","market_020",16,-0.176547154827076,1,1,7
"04","unit_021","market_021",1,0.208404356651495,0,1,7
"04","unit_021","market_021",2,0.279350936610728,0,1,7
"04","unit_021","market_021",3,0.322374037382819,0,1,7
"04","unit_021","market_021",4,0.336499708012854,0,1,7
"04","unit_021","market_021",5,0.312325449310436,0,1,7
"04","unit_021","market_021",6,0.409190881012171,0,1,7
"04","unit_021","market_021",7,0.655834525854798,1,1,7
"04","unit_021","market_021",8,0.661342927127838,1,1,7
"04","unit_021","market_021",9,0.666945923311145,1,1,7
"04","unit_021","market_021",10,0.775974908694565,1,1,7
"04","unit_021","market_021",11,0.800343606812801,1,1,7
"04","unit_021","market_021",12,0.840309715421314,1,1,7
"04","unit_021","market_021",13,0.878536672906356,1,1,7
"04","unit_021","market_021",14,0.900830913186929,1,1,7
"04","unit_021","market_021",15,1.04369371224675,1,1,7
"04","unit_021","market_021",16,0.958597461507842,1,1,7
"04","unit_022","market_022",1,-0.594505950107823,0,1,7
"04","unit_022","market_022",2,-0.575060241956363,0,1,7
"04","unit_022","market_022",3,-0.48830028497777,0,1,7
"04","unit_022","market_022",4,-0.641183567823385,0,1,7
"04","unit_022","market_022",5,-0.499287932890223,0,1,7
"04","unit_022","market_022",6,-0.419991763004304,0,1,7
"04","unit_022","market_022",7,-0.301600601576495,1,1,7
"04","unit_022","market_022",8,-0.149284314606857,1,1,7
"04","unit_022","market_022",9,-0.232743317964369,1,1,7
"04","unit_022","market_022",10,-0.138962374400588,1,1,7
"04","unit_022","market_022",11,-0.119517659555061,1,1,7
"04","unit_022","market_022",12,-0.0532506920268054,1,1,7
"04","unit_022","market_022",13,0.0103931838936078,1,1,7
"04","unit_022","market_022",14,0.0290119590337055,1,1,7
"04","unit_022","market_022",15,0.207542069677615,1,1,7
"04","unit_022","market_022",16,0.139475560553891,1,1,7
"04","unit_023","market_023",1,0.310329612190205,0,1,7
"04","unit_023","market_023",2,0.479539712171064,0,1,7
"04","unit_023","market_023",3,0.509571054996283,0,1,7
"04","unit_023","market_023",4,0.420111307429697,0,1,7
"04","unit_023","market_023",5,0.60870805477348,0,1,7
"04","unit_023","market_023",6,0.5869047887604,0,1,7
"04","unit_023","market_023",7,0.755513436380923,1,1,7
"04","unit_023","market_023",8,0.894005069618786,1,1,7
"04","unit_023","market_023",9,0.825606940428716,1,1,7
"04","unit_023","market_023",10,0.88722317091756,1,1,7
"04","unit_023","market_023",11,0.904186172568032,1,1,7
"04","unit_023","market_023",12,1.09789168254739,1,1,7
"04","unit_023","market_023",13,0.981903408892833,1,1,7
"04","unit_023","market_023",14,1.15729205543511,1,1,7
"04","unit_023","market_023",15,1.14458854109161,1,1,7
"04","unit_023","market_023",16,1.15643369419579,1,1,7
"04","unit_024","market_024",1,-0.312651017934207,0,1,7
"04","unit_024","market_024",2,-0.25653911067066,0,1,7
"04","unit_024","market_024",3,-0.256317133811891,0,1,7
"04","unit_024","market_024",4,-0.247014599514638,0,1,7
"04","unit_024","market_024",5,-0.157614434538924,0,1,7
"04","unit_024","market_024",6,-0.150779170313153,0,1,7
"04","unit_024","market_024",7,0.153716692721834,1,1,7
"04","unit_024","market_024",8,0.0858511738447051,1,1,7
"04","unit_024","market_024",9,0.142648001667675,1,1,7
"04","unit_024","market_024",10,0.109351039976095,1,1,7
"04","unit_024","market_024",11,0.279393412832735,1,1,7
"04","unit_024","market_024",12,0.207208947084265,1,1,7
"04","unit_024","market_024",13,0.382729465499263,1,1,7
"04","unit_024","market_024",14,0.459494001262822,1,1,7
"04","unit_024","market_024",15,0.407169168450627,1,1,7
"04","unit_024","market_024",16,0.412426923332684,1,1,7
"04","unit_025","market_025",1,0.419383406810999,0,1,7
"04","unit_025","market_025",2,0.476026519645852,0,1,7
"04","unit_025","market_025",3,0.492540120033729,0,1,7
"04","unit_025","market_025",4,0.573172394997474,0,1,7
"04","unit_025","market_025",5,0.668582344901397,0,1,7
"04","unit_025","market_025",6,0.505340443404831,0,1,7
"04","unit_025","market_025",7,0.73058402367219,1,1,7
"04","unit_025","market_025",8,0.874921270763993,1,1,7
"04","unit_025","market_025",9,0.759845959672251,1,1,7
"04","unit_025","market_025",10,0.847294306962051,1,1,7
"04","unit_025","market_025",11,0.939522492101257,1,1,7
"04","unit_025","market_025",12,1.05024969018607,1,1,7
"04","unit_025","market_025",13,0.973774827633005,1,1,7
"04","unit_025","market_025",14,1.09039178950593,1,1,7
"04","unit_025","market_025",15,1.04504827801946,1,1,7
"04","unit_025","market_025",16,1.14151587691358,1,1,7
"04","unit_026","market_026",1,0.753230089612623,0,1,7
"04","unit_026","market_026",2,0.832787637194333,0,1,7
"04","unit_026","market_026",3,0.943216896829295,0,1,7
"04","unit_026","market_026",4,0.94912777935898,0,1,7
"04","unit_026","market_026",5,0.99898713376651,0,1,7
"04","unit_026","market_026",6,0.974718563750598,0,1,7
"04","unit_026","market_026",7,1.21593261402685,1,1,7
"04","unit_026","market_026",8,1.19675304642988,1,1,7
"04","unit_026","market_026",9,1.29005551105392,1,1,7
"04","unit_026","market_026",10,1.35273649821741,1,1,7
"04","unit_026","market_026",11,1.41397064911392,1,1,7
"04","unit_026","market_026",12,1.36810714925498,1,1,7
"04","unit_026","market_026",13,1.45101036140724,1,1,7
"04","unit_026","market_026",14,1.5289985012564,1,1,7
"04","unit_026","market_026",15,1.58688292036194,1,1,7
"04","unit_026","market_026",16,1.57368241368192,1,1,7
"04","unit_027","market_027",1,-0.555239460545919,0,1,7
"04","unit_027","market_027",2,-0.467394120159396,0,1,7
"04","unit_027","market_027",3,-0.487545610273792,0,1,7
"04","unit_027","market_027",4,-0.420798402628924,0,1,7
"04","unit_027","market_027",5,-0.40656096837142,0,1,7
"04","unit_027","market_027",6,-0.36927072516203,0,1,7
"04","unit_027","market_027",7,-0.135839678519806,1,1,7
"04","unit_027","market_027",8,-0.0818806919335467,1,1,7
"04","unit_027","market_027",9,-0.0593825103863416,1,1,7
"04","unit_027","market_027",10,0.0090179823837622,1,1,7
"04","unit_027","market_027",11,-0.0102906417935051,1,1,7
"04","unit_027","market_027",12,0.151712270421059,1,1,7
"04","unit_027","market_027",13,0.230428623958702,1,1,7
"04","unit_027","market_027",14,0.222567992563002,1,1,7
"04","unit_027","market_027",15,0.194296256761191,1,1,7
"04","unit_027","market_027",16,0.142505114339619,1,1,7
"04","unit_028","market_028",1,-0.485632686386317,0,1,7
"04","unit_028","market_028",2,-0.536104477982798,0,1,7
"04","unit_028","market_028",3,-0.461647125498042,0,1,7
"04","unit_028","market_028",4,-0.427891167703521,0,1,7
"04","unit_028","market_028",5,-0.494491553775846,0,1,7
"04","unit_028","market_028",6,-0.498349136282783,0,1,7
"04","unit_028","market_028",7,-0.15452707890305,1,1,7
"04","unit_028","market_028",8,-0.147632876752152,1,1,7
"04","unit_028","market_028",9,-0.0568838358704427,1,1,7
"04","unit_028","market_028",10,-0.0784712675167702,1,1,7
"04","unit_028","market_028",11,0.0124348322719827,1,1,7
"04","unit_028","market_028",12,0.108442546151612,1,1,7
"04","unit_028","market_028",13,0.0736483129778978,1,1,7
"04","unit_028","market_028",14,0.172690161778206,1,1,7
"04","unit_028","market_028",15,0.163708348597207,1,1,7
"04","unit_028","market_028",16,0.155553201221996,1,1,7
"04","unit_029","market_029",1,-0.170597189193389,0,1,7
"04","unit_029","market_029",2,-0.0179420039642022,0,1,7
"04","unit_029","market_029",3,-0.0538320489149282,0,1,7
"04","unit_029","market_029",4,0.05009961932554,0,1,7
"04","unit_029","market_029",5,0.0544621314816665,0,1,7
"04","unit_029","market_029",6,0.0123303594120871,0,1,7
"04","unit_029","market_029",7,0.192370636698272,1,1,7
"04","unit_029","market_029",8,0.240479167540335,1,1,7
"04","unit_029","market_029",9,0.24432097991801,1,1,7
"04","unit_029","market_029",10,0.46786715704622,1,1,7
"04","unit_029","market_029",11,0.394105977820539,1,1,7
"04","unit_029","market_029",12,0.457245364046234,1,1,7
"04","unit_029","market_029",13,0.573957078469876,1,1,7
"04","unit_029","market_029",14,0.60645966021072,1,1,7
"04","unit_029","market_029",15,0.529052058341934,1,1,7
"04","unit_029","market_029",16,0.665393058815998,1,1,7
"04","unit_030","market_030",1,-0.0857168229231689,0,1,7
"04","unit_030","market_030",2,-0.0587047426862243,0,1,7
"04","unit_030","market_030",3,0.0391201196306169,0,1,7
"04","unit_030","market_030",4,0.0680036705212146,0,1,7
"04","unit_030","market_030",5,0.0314697633471111,0,1,7
"04","unit_030","market_030",6,0.0196274631291513,0,1,7
"04","unit_030","market_030",7,0.286694893994485,1,1,7
"04","unit_030","market_030",8,0.332298036132519,1,1,7
"04","unit_030","market_030",9,0.289414800713018,1,1,7
"04","unit_030","market_030",10,0.416449048776131,1,1,7
"04","unit_030","market_030",11,0.509300246129996,1,1,7
"04","unit_030","market_030",12,0.52296139664473,1,1,7
"04","unit_030","market_030",13,0.664002531787516,1,1,7
"04","unit_030","market_030",14,0.631249059881775,1,1,7
"04","unit_030","market_030",15,0.691024732979425,1,1,7
"04","unit_030","market_030",16,0.71512821861156,1,1,7
"04","unit_031","market_031",1,0.166248070872735,0,1,7
"04","unit_031","market_031",2,0.254539369395218,0,1,7
"04","unit_031","market_031",3,0.253506433986564,0,1,7
"04","unit_031","market_031",4,0.234202073906501,0,1,7
"04","unit_031","market_031",5,0.198318252396507,0,1,7
"04","unit_031","market_031",6,0.238881787254061,0,1,7
"04","unit_031","market_031",7,0.530085395570043,1,1,7
"04","unit_031","market_031",8,0.504423430129241,1,1,7
"04","unit_031","market_031",9,0.505680486920039,1,1,7
"04","unit_031","market_031",10,0.676342491005554,1,1,7
"04","unit_031","market_031",11,0.66991405763364,1,1,7
"04","unit_031","market_031",12,0.675217899305655,1,1,7
"04","unit_031","market_031",13,0.832658525061149,1,1,7
"04","unit_031","market_031",14,0.865701831057034,1,1,7
"04","unit_031","market_031",15,0.917139050785758,1,1,7
"04","unit_031","market_031",16,0.836582368460723,1,1,7
"04","unit_032","market_032",1,0.197604985408102,0,1,7
"04","unit_032","market_032",2,0.252026695242258,0,1,7
"04","unit_032","market_032",3,0.392034634845601,0,1,7
"04","unit_032","market_032",4,0.377938805300395,0,1,7
"04","unit_032","market_032",5,0.348175579888698,0,1,7
"04","unit_032","market_032",6,0.421833906403397,0,1,7
"04","unit_032","market_032",7,0.617452287370095,1,1,7
"04","unit_032","market_032",8,0.66916099543255,1,1,7
"04","unit_032","market_032",9,0.672393052279682,1,1,7
"04","unit_032","market_032",10,0.742828561049714,1,1,7
"04","unit_032","market_032",11,0.816553103169545,1,1,7
"04","unit_032","market_032",12,0.909208954248057,1,1,7
"04","unit_032","market_032",13,0.848382379582763,1,1,7
"04","unit_032","market_032",14,0.896575927253365,1,1,7
"04","unit_032","market_032",15,1.00140383000075,1,1,7
"04","unit_032","market_032",16,1.07539074523338,1,1,7
"04","unit_033","market_033",1,-0.134794856350228,0,1,7
"04","unit_033","market_033",2,-0.0345504660351071,0,1,7
"04","unit_033","market_033",3,0.0309932175844134,0,1,7
"04","unit_033","market_033",4,0.0155569402198364,0,1,7
"04","unit_033","market_033",5,0.0698313916610059,0,1,7
"04","unit_033","market_033",6,-0.0350862876296523,0,1,7
"04","unit_033","market_033",7,0.258623980432475,1,1,7
"04","unit_033","market_033",8,0.207190283842882,1,1,7
"04","unit_033","market_033",9,0.365548367413444,1,1,7
"04","unit_033","market_033",10,0.355566001488513,1,1,7
"04","unit_033","market_033",11,0.3642663351775,1,1,7
"04","unit_033","market_033",12,0.560134982027741,1,1,7
"04","unit_033","market_033",13,0.507351042444413,1,1,7
"04","unit_033","market_033",14,0.644872547022943,1,1,7
"04","unit_033","market_033",15,0.644469138641171,1,1,7
"04","unit_033","market_033",16,0.687708756628002,1,1,7
"04","unit_034","market_034",1,-0.317921525051636,0,1,7
"04","unit_034","market_034",2,-0.327568780341073,0,1,7
"04","unit_034","market_034",3,-0.229340420710247,0,1,7
"04","unit_034","market_034",4,-0.202674644700367,0,1,7
"04","unit_034","market_034",5,-0.163897686924269,0,1,7
"04","unit_034","market_034",6,-0.233661824253853,0,1,7
"04","unit_034","market_034",7,0.0734279379382068,1,1,7
"04","unit_034","market_034",8,0.0549740043421177,1,1,7
"04","unit_034","market_034",9,0.122983612715509,1,1,7
"04","unit_034","market_034",10,0.140043911189344,1,1,7
"04","unit_034","market_034",11,0.227659713149051,1,1,7
"04","unit_034","market_034",12,0.2029458612659,1,1,7
"04","unit_034","market_034",13,0.267702448040189,1,1,7
"04","unit_034","market_034",14,0.429500290116518,1,1,7
"04","unit_034","market_034",15,0.440922992700316,1,1,7
"04","unit_034","market_034",16,0.410479436523198,1,1,7
"04","unit_035","market_035",1,-0.38950806305857,0,1,7
"04","unit_035","market_035",2,-0.319160997425103,0,1,7
"04","unit_035","market_035",3,-0.317622251077422,0,1,7
"04","unit_035","market_035",4,-0.245162126873433,0,1,7
"04","unit_035","market_035",5,-0.200565014759636,0,1,7
"04","unit_035","market_035",6,-0.239278216870822,0,1,7
"04","unit_035","market_035",7,0.0804741059952032,1,1,7
"04","unit_035","market_035",8,0.0545344640142517,1,1,7
"04","unit_035","market_035",9,0.100450080697775,1,1,7
"04","unit_035","market_035",10,0.120661755266526,1,1,7
"04","unit_035","market_035",11,0.147177385336097,1,1,7
"04","unit_035","market_035",12,0.190500312510644,1,1,7
"04","unit_035","market_035",13,0.295335304329042,1,1,7
"04","unit_035","market_035",14,0.294190919139743,1,1,7
"04","unit_035","market_035",15,0.292425968916911,1,1,7
"04","unit_035","market_035",16,0.406167536691047,1,1,7
"04","unit_036","market_036",1,0.148164280550617,0,1,7
"04","unit_036","market_036",2,0.219298222649906,0,1,7
"04","unit_036","market_036",3,0.205568679737898,0,1,7
"04","unit_036","market_036",4,0.110222570552144,0,1,7
"04","unit_036","market_036",5,0.294856157812744,0,1,7
"04","unit_036","market_036",6,0.249929891168934,0,1,7
"04","unit_036","market_036",7,0.478008541488663,1,1,7
"04","unit_036","market_036",8,0.548526794306442,1,1,7
"04","unit_036","market_036",9,0.546469429996362,1,1,7
"04","unit_036","market_036",10,0.620191713198304,1,1,7
"04","unit_036","market_036",11,0.729388581091346,1,1,7
"04","unit_036","market_036",12,0.775363870775859,1,1,7
"04","unit_036","market_036",13,0.854789264880291,1,1,7
"04","unit_036","market_036",14,0.845761805599324,1,1,7
"04","unit_036","market_036",15,0.820672356769526,1,1,7
"04","unit_036","market_036",16,0.998683420270392,1,1,7
"04","unit_037","market_037",1,0.313777360882708,0,1,7
"04","unit_037","market_037",2,0.445752095467503,0,1,7
"04","unit_037","market_037",3,0.50838463883616,0,1,7
"04","unit_037","market_037",4,0.470656584476902,0,1,7
"04","unit_037","market_037",5,0.587818669593276,0,1,7
"04","unit_037","market_037",6,0.614368141471662,0,1,7
"04","unit_037","market_037",7,0.690794053253035,1,1,7
"04","unit_037","market_037",8,0.719660239442968,1,1,7
"04","unit_037","market_037",9,0.773935197336158,1,1,7
"04","unit_037","market_037",10,0.817640916260177,1,1,7
"04","unit_037","market_037",11,0.946152299779131,1,1,7
"04","unit_037","market_037",12,0.912711748143218,1,1,7
"04","unit_037","market_037",13,1.09038649105227,1,1,7
"04","unit_037","market_037",14,1.13950689231724,1,1,7
"04","unit_037","market_037",15,1.11561281770131,1,1,7
"04","unit_037","market_037",16,1.20137661136373,1,1,7
"04","unit_038","market_038",1,0.0916779372709519,0,1,7
"04","unit_038","market_038",2,0.242482797461556,0,1,7
"04","unit_038","market_038",3,0.209180886611375,0,1,7
"04","unit_038","market_038",4,0.303797720526672,0,1,7
"04","unit_038","market_038",5,0.307221001530358,0,1,7
"04","unit_038","market_038",6,0.30540371194564,0,1,7
"04","unit_038","market_038",7,0.568346974640242,1,1,7
"04","unit_038","market_038",8,0.5683877442697,1,1,7
"04","unit_038","market_038",9,0.616736849837382,1,1,7
"04","unit_038","market_038",10,0.624479809365614,1,1,7
"04","unit_038","market_038",11,0.725681559864369,1,1,7
"04","unit_038","market_038",12,0.713328590134836,1,1,7
"04","unit_038","market_038",13,0.851076280271322,1,1,7
"04","unit_038","market_038",14,0.896065742240459,1,1,7
"04","unit_038","market_038",15,0.932805030227943,1,1,7
"04","unit_038","market_038",16,1.00919395265053,1,1,7
"04","unit_039","market_039",1,-0.35627720767265,0,1,7
"04","unit_039","market_039",2,-0.237739710818526,0,1,7
"04","unit_039","market_039",3,-0.139830246205873,0,1,7
"04","unit_039","market_039",4,-0.2314632450329,0,1,7
"04","unit_039","market_039",5,-0.242507569778171,0,1,7
"04","unit_039","market_039",6,-0.123336972141189,0,1,7
"04","unit_039","market_039",7,0.0874237104867747,1,1,7
"04","unit_039","market_039",8,0.204170620455072,1,1,7
"04","unit_039","market_039",9,0.0960659140902131,1,1,7
"04","unit_039","market_039",10,0.206344410488839,1,1,7
"04","unit_039","market_039",11,0.169650921991665,1,1,7
"04","unit_039","market_039",12,0.329160970222838,1,1,7
"04","unit_039","market_039",13,0.381919119724636,1,1,7
"04","unit_039","market_039",14,0.370195772953164,1,1,7
"04","unit_039","market_039",15,0.44990352129574,1,1,7
"04","unit_039","market_039",16,0.444185841839646,1,1,7
"04","unit_040","market_040",1,-0.148837817404423,0,1,7
"04","unit_040","market_040",2,-0.16716609863208,0,1,7
"04","unit_040","market_040",3,-0.093086074630513,0,1,7
"04","unit_040","market_040",4,-0.217088843727678,0,1,7
"04","unit_040","market_040",5,-0.0812109371093381,0,1,7
"04","unit_040","market_040",6,-0.0188033823654536,0,1,7
"04","unit_040","market_040",7,0.228309648431445,1,1,7
"04","unit_040","market_040",8,0.272708405679861,1,1,7
"04","unit_040","market_040",9,0.213405125655213,1,1,7
"04","unit_040","market_040",10,0.345694345259319,1,1,7
"04","unit_040","market_040",11,0.3709758139367,1,1,7
"04","unit_040","market_040",12,0.411755325560731,1,1,7
"04","unit_040","market_040",13,0.514481651156972,1,1,7
"04","unit_040","market_040",14,0.460421957458535,1,1,7
"04","unit_040","market_040",15,0.602185670154481,1,1,7
"04","unit_040","market_040",16,0.590423193880868,1,1,7
"04","unit_041","market_041",1,-0.407440604391089,0,1,9
"04","unit_041","market_041",2,-0.371859801297619,0,1,9
"04","unit_041","market_041",3,-0.324226754596245,0,1,9
"04","unit_041","market_041",4,-0.201314585111973,0,1,9
"04","unit_041","market_041",5,-0.310729382913047,0,1,9
"04","unit_041","market_041",6,-0.213526875196555,0,1,9
"04","unit_041","market_041",7,-0.293680178132854,0,1,9
"04","unit_041","market_041",8,-0.242425271032327,0,1,9
"04","unit_041","market_041",9,0.0777152139388575,1,1,9
"04","unit_041","market_041",10,0.0978933057890767,1,1,9
"04","unit_041","market_041",11,0.184705202967329,1,1,9
"04","unit_041","market_041",12,0.283146994565998,1,1,9
"04","unit_041","market_041",13,0.340933239091718,1,1,9
"04","unit_041","market_041",14,0.32861512828488,1,1,9
"04","unit_041","market_041",15,0.400877992834215,1,1,9
"04","unit_041","market_041",16,0.380121024812277,1,1,9
"04","unit_042","market_042",1,0.255086669061134,0,1,9
"04","unit_042","market_042",2,0.412995119191254,0,1,9
"04","unit_042","market_042",3,0.344851996212573,0,1,9
"04","unit_042","market_042",4,0.324153405925516,0,1,9
"04","unit_042","market_042",5,0.443356891286828,0,1,9
"04","unit_042","market_042",6,0.444717412353367,0,1,9
"04","unit_042","market_042",7,0.476065619421769,0,1,9
"04","unit_042","market_042",8,0.491542330818844,0,1,9
"04","unit_042","market_042",9,0.854688392670157,1,1,9
"04","unit_042","market_042",10,0.852539212590422,1,1,9
"04","unit_042","market_042",11,0.871565583798364,1,1,9
"04","unit_042","market_042",12,1.06678973060164,1,1,9
"04","unit_042","market_042",13,1.03480162044965,1,1,9
"04","unit_042","market_042",14,1.07203526046782,1,1,9
"04","unit_042","market_042",15,1.10116899432303,1,1,9
"04","unit_042","market_042",16,1.03238928614237,1,1,9
"04","unit_043","market_043",1,0.268872665110332,0,1,9
"04","unit_043","market_043",2,0.305164534461601,0,1,9
"04","unit_043","market_043",3,0.456005505505353,0,1,9
"04","unit_043","market_043",4,0.401457430456342,0,1,9
"04","unit_043","market_043",5,0.369672717239598,0,1,9
"04","unit_043","market_043",6,0.403459327610825,0,1,9
"04","unit_043","market_043",7,0.340688391634204,0,1,9
"04","unit_043","market_043",8,0.432407161435025,0,1,9
"04","unit_043","market_043",9,0.695594316420363,1,1,9
"04","unit_043","market_043",10,0.7566929809936,1,1,9
"04","unit_043","market_043",11,0.872308404184694,1,1,9
"04","unit_043","market_043",12,0.877329415718656,1,1,9
"04","unit_043","market_043",13,0.95796729710803,1,1,9
"04","unit_043","market_043",14,0.921200224664774,1,1,9
"04","unit_043","market_043",15,1.02580318651219,1,1,9
"04","unit_043","market_043",16,1.10972824530603,1,1,9
"04","unit_044","market_044",1,-0.27404162617733,0,1,9
"04","unit_044","market_044",2,-0.156119844995214,0,1,9
"04","unit_044","market_044",3,-0.160772425038604,0,1,9
"04","unit_044","market_044",4,-0.160345448461016,0,1,9
"04","unit_044","market_044",5,-0.116023871266427,0,1,9
"04","unit_044","market_044",6,-0.176300936448344,0,1,9
"04","unit_044","market_044",7,-0.186025146141952,0,1,9
"04","unit_044","market_044",8,-0.128242186101105,0,1,9
"04","unit_044","market_044",9,0.237343160084307,1,1,9
"04","unit_044","market_044",10,0.217106578350345,1,1,9
"04","unit_044","market_044",11,0.357607823876751,1,1,9
"04","unit_044","market_044",12,0.337940851893878,1,1,9
"04","unit_044","market_044",13,0.395690926045034,1,1,9
"04","unit_044","market_044",14,0.496896562701973,1,1,9
"04","unit_044","market_044",15,0.430428976051885,1,1,9
"04","unit_044","market_044",16,0.488172463038394,1,1,9
"04","unit_045","market_045",1,-0.496740079462121,0,1,9
"04","unit_045","market_045",2,-0.370733774920365,0,1,9
"04","unit_045","market_045",3,-0.285132356789597,0,1,9
"04","unit_045","market_045",4,-0.363756382180468,0,1,9
"04","unit_045","market_045",5,-0.389347150890847,0,1,9
"04","unit_045","market_045",6,-0.230034652328456,0,1,9
"04","unit_045","market_045",7,-0.243812496321848,0,1,9
"04","unit_045","market_045",8,-0.293493975710141,0,1,9
"04","unit_045","market_045",9,0.06193691948963,1,1,9
"04","unit_045","market_045",10,-0.0134115218193448,1,1,9
"04","unit_045","market_045",11,0.141647084632206,1,1,9
"04","unit_045","market_045",12,0.198183133326829,1,1,9
"04","unit_045","market_045",13,0.223769344798232,1,1,9
"04","unit_045","market_045",14,0.281980733337412,1,1,9
"04","unit_045","market_045",15,0.262462988180456,1,1,9
"04","unit_045","market_045",16,0.365119223610102,1,1,9
"04","unit_046","market_046",1,0.0214773402101235,0,1,9
"04","unit_046","market_046",2,0.0906543334328045,0,1,9
"04","unit_046","market_046",3,0.189292342977885,0,1,9
"04","unit_046","market_046",4,0.174713045967822,0,1,9
"04","unit_046","market_046",5,0.102095816113943,0,1,9
"04","unit_046","market_046",6,0.0805199170369745,0,1,9
"04","unit_046","market_046",7,0.130572333334918,0,1,9
"04","unit_046","market_046",8,0.218984218558077,0,1,9
"04","unit_046","market_046",9,0.344796137964596,1,1,9
"04","unit_046","market_046",10,0.482837781451423,1,1,9
"04","unit_046","market_046",11,0.488415193112888,1,1,9
"04","unit_046","market_046",12,0.704787628504849,1,1,9
"04","unit_046","market_046",13,0.640537183026504,1,1,9
"04","unit_046","market_046",14,0.809577870675521,1,1,9
"04","unit_046","market_046",15,0.796220691988901,1,1,9
"04","unit_046","market_046",16,0.782379625798621,1,1,9
"04","unit_047","market_047",1,0.124687966625074,0,1,9
"04","unit_047","market_047",2,0.27289153026272,0,1,9
"04","unit_047","market_047",3,0.343164179231364,0,1,9
"04","unit_047","market_047",4,0.378495781606874,0,1,9
"04","unit_047","market_047",5,0.339325105235094,0,1,9
"04","unit_047","market_047",6,0.33228371980572,0,1,9
"04","unit_047","market_047",7,0.363493294760913,0,1,9
"04","unit_047","market_047",8,0.414827007480472,0,1,9
"04","unit_047","market_047",9,0.59832387920657,1,1,9
"04","unit_047","market_047",10,0.733969063241056,1,1,9
"04","unit_047","market_047",11,0.786206842407928,1,1,9
"04","unit_047","market_047",12,0.846972970072403,1,1,9
"04","unit_047","market_047",13,0.969226423857493,1,1,9
"04","unit_047","market_047",14,0.963846844796831,1,1,9
"04","unit_047","market_047",15,1.02818103700957,1,1,9
"04","unit_047","market_047",16,1.02939022581971,1,1,9
"04","unit_048","market_048",1,-0.361562734843515,0,1,9
"04","unit_048","market_048",2,-0.33016361860603,0,1,9
"04","unit_048","market_048",3,-0.279478639455462,0,1,9
"04","unit_048","market_048",4,-0.261240908161829,0,1,9
"04","unit_048","market_048",5,-0.217662333740356,0,1,9
"04","unit_048","market_048",6,-0.192130864244921,0,1,9
"04","unit_048","market_048",7,-0.169963498610626,0,1,9
"04","unit_048","market_048",8,-0.266751551476022,0,1,9
"04","unit_048","market_048",9,0.0401520585537998,1,1,9
"04","unit_048","market_048",10,0.15609993630215,1,1,9
"04","unit_048","market_048",11,0.217305470480335,1,1,9
"04","unit_048","market_048",12,0.142430542867868,1,1,9
"04","unit_048","market_048",13,0.343824382723713,1,1,9
"04","unit_048","market_048",14,0.368896782385516,1,1,9
"04","unit_048","market_048",15,0.393885585870468,1,1,9
"04","unit_048","market_048",16,0.344486644020052,1,1,9
"04","unit_049","market_049",1,0.461564658081801,0,1,9
"04","unit_049","market_049",2,0.466230693772267,0,1,9
"04","unit_049","market_049",3,0.531412362457714,0,1,9
"04","unit_049","market_049",4,0.541459792474494,0,1,9
"04","unit_049","market_049",5,0.4927596475096,0,1,9
"04","unit_049","market_049",6,0.635752906369009,0,1,9
"04","unit_049","market_049",7,0.638268054006326,0,1,9
"04","unit_049","market_049",8,0.574054934923958,0,1,9
"04","unit_049","market_049",9,0.911090703267479,1,1,9
"04","unit_049","market_049",10,0.940564945821448,1,1,9
"04","unit_049","market_049",11,0.931305053408898,1,1,9
"04","unit_049","market_049",12,1.11887850752888,1,1,9
"04","unit_049","market_049",13,1.10821092761219,1,1,9
"04","unit_049","market_049",14,1.21898788100898,1,1,9
"04","unit_049","market_049",15,1.17761430734835,1,1,9
"04","unit_049","market_049",16,1.16189301103163,1,1,9
"04","unit_050","market_050",1,-0.00608038793201526,0,1,9
"04","unit_050","market_050",2,0.104036967446503,0,1,9
"04","unit_050","market_050",3,0.109496044917539,0,1,9
"04","unit_050","market_050",4,0.201920302230042,0,1,9
"04","unit_050","market_050",5,0.132026343904792,0,1,9
"04","unit_050","market_050",6,0.178768479872757,0,1,9
"04","unit_050","market_050",7,0.159819851886782,0,1,9
"04","unit_050","market_050",8,0.228321140342467,0,1,9
"04","unit_050","market_050",9,0.493114636515048,1,1,9
"04","unit_050","market_050",10,0.536468234280719,1,1,9
"04","unit_050","market_050",11,0.570327261936735,1,1,9
"04","unit_050","market_050",12,0.613804110459007,1,1,9
"04","unit_050","market_050",13,0.66429492264413,1,1,9
"04","unit_050","market_050",14,0.714693347488278,1,1,9
"04","unit_050","market_050",15,0.753837024520407,1,1,9
"04","unit_050","market_050",16,0.726863361365286,1,1,9
"04","unit_051","market_051",1,-0.151472770394088,0,1,9
"04","unit_051","market_051",2,-0.0551779339589417,0,1,9
"04","unit_051","market_051",3,-0.0389400298924687,0,1,9
"04","unit_051","market_051",4,-0.0818192287221391,0,1,9
"04","unit_051","market_051",5,-0.0859750212292136,0,1,9
"04","unit_051","market_051",6,0.0436891339676186,0,1,9
"04","unit_051","market_051",7,-0.0707726602786319,0,1,9
"04","unit_051","market_051",8,0.0636437853183608,0,1,9
"04","unit_051","market_051",9,0.387130423739537,1,1,9
"04","unit_051","market_051",10,0.47920199084258,1,1,9
"04","unit_051","market_051",11,0.501895333309052,1,1,9
"04","unit_051","market_051",12,0.503556648213364,1,1,9
"04","unit_051","market_051",13,0.590052492959252,1,1,9
"04","unit_051","market_051",14,0.630632879441288,1,1,9
"04","unit_051","market_051",15,0.572376044570845,1,1,9
"04","unit_051","market_051",16,0.687863623619098,1,1,9
"04","unit_052","market_052",1,0.208348507706106,0,1,9
"04","unit_052","market_052",2,0.310634908940516,0,1,9
"04","unit_052","market_052",3,0.464714573718334,0,1,9
"04","unit_052","market_052",4,0.384475272550978,0,1,9
"04","unit_052","market_052",5,0.382805084891835,0,1,9
"04","unit_052","market_052",6,0.46535629299415,0,1,9
"04","unit_052","market_052",7,0.473324147141873,0,1,9
"04","unit_052","market_052",8,0.4778419117433,0,1,9
"04","unit_052","market_052",9,0.698576973677263,1,1,9
"04","unit_052","market_052",10,0.765091151081318,1,1,9
"04","unit_052","market_052",11,0.807469354024323,1,1,9
"04","unit_052","market_052",12,0.915980503354326,1,1,9
"04","unit_052","market_052",13,0.968454662114106,1,1,9
"04","unit_052","market_052",14,1.03448378247593,1,1,9
"04","unit_052","market_052",15,1.09666441181347,1,1,9
"04","unit_052","market_052",16,1.00171268450168,1,1,9
"04","unit_053","market_053",1,-0.361805280204769,0,1,9
"04","unit_053","market_053",2,-0.271561850982222,0,1,9
"04","unit_053","market_053",3,-0.185884464646057,0,1,9
"04","unit_053","market_053",4,-0.165134437789201,0,1,9
"04","unit_053","market_053",5,-0.189287763190011,0,1,9
"04","unit_053","market_053",6,-0.229706931546669,0,1,9
"04","unit_053","market_053",7,-0.181495876044268,0,1,9
"04","unit_053","market_053",8,-0.148867497079168,0,1,9
"04","unit_053","market_053",9,0.243495080369872,1,1,9
"04","unit_053","market_053",10,0.208344974751698,1,1,9
"04","unit_053","market_053",11,0.382855304391744,1,1,9
"04","unit_053","market_053",12,0.40544321360408,1,1,9
"04","unit_053","market_053",13,0.386462119829409,1,1,9
"04","unit_053","market_053",14,0.312343787362298,1,1,9
"04","unit_053","market_053",15,0.467493223550194,1,1,9
"04","unit_053","market_053",16,0.523293965256712,1,1,9
"04","unit_054","market_054",1,-0.0359561521979667,0,1,9
"04","unit_054","market_054",2,0.0479753052042022,0,1,9
"04","unit_054","market_054",3,0.0926240132658618,0,1,9
"04","unit_054","market_054",4,0.149806011866911,0,1,9
"04","unit_054","market_054",5,0.0873988613366824,0,1,9
"04","unit_054","market_054",6,0.103373124322983,0,1,9
"04","unit_054","market_054",7,0.0975927457980529,0,1,9
"04","unit_054","market_054",8,0.184419443759189,0,1,9
"04","unit_054","market_054",9,0.389324195176861,1,1,9
"04","unit_054","market_054",10,0.523894261851498,1,1,9
"04","unit_054","market_054",11,0.527715137346302,1,1,9
"04","unit_054","market_054",12,0.522117870238186,1,1,9
"04","unit_054","market_054",13,0.708088241496986,1,1,9
"04","unit_054","market_054",14,0.735671783182223,1,1,9
"04","unit_054","market_054",15,0.747639113472785,1,1,9
"04","unit_054","market_054",16,0.82913271079697,1,1,9
"04","unit_055","market_055",1,-0.221143247326272,0,1,9
"04","unit_055","market_055",2,-0.166566797163,0,1,9
"04","unit_055","market_055",3,0.0105496639385456,0,1,9
"04","unit_055","market_055",4,-0.0975236570493745,0,1,9
"04","unit_055","market_055",5,-0.0382935777490176,0,1,9
"04","unit_055","market_055",6,0.000633775929982108,0,1,9
"04","unit_055","market_055",7,-0.0291584479938233,0,1,9
"04","unit_055","market_055",8,-0.00707107794327179,0,1,9
"04","unit_055","market_055",9,0.222755467391945,1,1,9
"04","unit_055","market_055",10,0.303663633004775,1,1,9
"04","unit_055","market_055",11,0.412482059691897,1,1,9
"04","unit_055","market_055",12,0.493564179070274,1,1,9
"04","unit_055","market_055",13,0.496524542346448,1,1,9
"04","unit_055","market_055",14,0.514532401213465,1,1,9
"04","unit_055","market_055",15,0.545977837085562,1,1,9
"04","unit_055","market_055",16,0.579623327187282,1,1,9
"04","unit_056","market_056",1,-0.102734395227827,0,1,9
"04","unit_056","market_056",2,-0.22677672423012,0,1,9
"04","unit_056","market_056",3,-0.121494697883591,0,1,9
"04","unit_056","market_056",4,-0.111689172977941,0,1,9
"04","unit_056","market_056",5,-0.123320516033554,0,1,9
"04","unit_056","market_056",6,-0.142330105341968,0,1,9
"04","unit_056","market_056",7,-0.0133382051403912,0,1,9
"04","unit_056","market_056",8,-0.110480374211695,0,1,9
"04","unit_056","market_056",9,0.236256481945984,1,1,9
"04","unit_056","market_056",10,0.260934188760542,1,1,9
"04","unit_056","market_056",11,0.333405903813459,1,1,9
"04","unit_056","market_056",12,0.412857121383075,1,1,9
"04","unit_056","market_056",13,0.475770581871996,1,1,9
"04","unit_056","market_056",14,0.504531635720706,1,1,9
"04","unit_056","market_056",15,0.468116884751934,1,1,9
"04","unit_056","market_056",16,0.543181925368323,1,1,9
"04","unit_057","market_057",1,-0.195071279954013,0,1,9
"04","unit_057","market_057",2,-0.0593950355701063,0,1,9
"04","unit_057","market_057",3,0.00990269285853656,0,1,9
"04","unit_057","market_057",4,-0.0151602251449353,0,1,9
"04","unit_057","market_057",5,-0.0430678916468148,0,1,9
"04","unit_057","market_057",6,0.107997635277646,0,1,9
"04","unit_057","market_057",7,0.130098341550134,0,1,9
"04","unit_057","market_057",8,0.0879166337237017,0,1,9
"04","unit_057","market_057",9,0.364485552869375,1,1,9
"04","unit_057","market_057",10,0.319543600080759,1,1,9
"04","unit_057","market_057",11,0.44935751161814,1,1,9
"04","unit_057","market_057",12,0.557422228681279,1,1,9
"04","unit_057","market_057",13,0.503257964630136,1,1,9
"04","unit_057","market_057",14,0.557310106918185,1,1,9
"04","unit_057","market_057",15,0.6344114666478,1,1,9
"04","unit_057","market_057",16,0.629648727773312,1,1,9
"04","unit_058","market_058",1,0.475227883367868,0,1,9
"04","unit_058","market_058",2,0.429844304111548,0,1,9
"04","unit_058","market_058",3,0.58950638698923,0,1,9
"04","unit_058","market_058",4,0.614421870968305,0,1,9
"04","unit_058","market_058",5,0.508250353095164,0,1,9
"04","unit_058","market_058",6,0.560687578360695,0,1,9
"04","unit_058","market_058",7,0.552598095920798,0,1,9
"04","unit_058","market_058",8,0.659127310223725,0,1,9
"04","unit_058","market_058",9,0.938104440533454,1,1,9
"04","unit_058","market_058",10,1.0421789427292,1,1,9
"04","unit_058","market_058",11,0.965472282948415,1,1,9
"04","unit_058","market_058",12,1.03165389036939,1,1,9
"04","unit_058","market_058",13,1.15719309435001,1,1,9
"04","unit_058","market_058",14,1.23044806457008,1,1,9
"04","unit_058","market_058",15,1.22310024962044,1,1,9
"04","unit_058","market_058",16,1.19699925000446,1,1,9
"04","unit_059","market_059",1,0.341120199214599,0,1,9
"04","unit_059","market_059",2,0.334376862739545,0,1,9
"04","unit_059","market_059",3,0.384298225376058,0,1,9
"04","unit_059","market_059",4,0.388787112409808,0,1,9
"04","unit_059","market_059",5,0.386549091457656,0,1,9
"04","unit_059","market_059",6,0.500062708286299,0,1,9
"04","unit_059","market_059",7,0.385285396514226,0,1,9
"04","unit_059","market_059",8,0.481174436048066,0,1,9
"04","unit_059","market_059",9,0.749752868360091,1,1,9
"04","unit_059","market_059",10,0.807610725335913,1,1,9
"04","unit_059","market_059",11,0.915583629354713,1,1,9
"04","unit_059","market_059",12,0.839968311228475,1,1,9
"04","unit_059","market_059",13,0.96836634471214,1,1,9
"04","unit_059","market_059",14,1.00289915368043,1,1,9
"04","unit_059","market_059",15,1.05080847408967,1,1,9
"04","unit_059","market_059",16,1.11774652433232,1,1,9
"04","unit_060","market_060",1,-0.206402136267038,0,1,9
"04","unit_060","market_060",2,-0.132727244410795,0,1,9
"04","unit_060","market_060",3,-0.122025642258896,0,1,9
"04","unit_060","market_060",4,-0.0973098624489947,0,1,9
"04","unit_060","market_060",5,-0.134159030182539,0,1,9
"04","unit_060","market_060",6,-0.00551715162320571,0,1,9
"04","unit_060","market_060",7,-0.107738737630431,0,1,9
"04","unit_060","market_060",8,-0.0371712198093315,0,1,9
"04","unit_060","market_060",9,0.207141802276462,1,1,9
"04","unit_060","market_060",10,0.292233202314777,1,1,9
"04","unit_060","market_060",11,0.307648216875219,1,1,9
"04","unit_060","market_060",12,0.302519303746983,1,1,9
"04","unit_060","market_060",13,0.35316691231079,1,1,9
"04","unit_060","market_060",14,0.470660293598979,1,1,9
"04","unit_060","market_060",15,0.535748668951635,1,1,9
"04","unit_060","market_060",16,0.529277161251652,1,1,9
"04","unit_061","market_061",1,-0.479975382863483,0,1,9
"04","unit_061","market_061",2,-0.424298824122885,0,1,9
"04","unit_061","market_061",3,-0.386666483138628,0,1,9
"04","unit_061","market_061",4,-0.461678390401637,0,1,9
"04","unit_061","market_061",5,-0.383818391734118,0,1,9
"04","unit_061","market_061",6,-0.36236162950908,0,1,9
"04","unit_061","market_061",7,-0.379335145317163,0,1,9
"04","unit_061","market_061",8,-0.370893812404516,0,1,9
"04","unit_061","market_061",9,-0.0695859595182694,1,1,9
"04","unit_061","market_061",10,0.055594070640808,1,1,9
"04","unit_061","market_061",11,0.0737630198572417,1,1,9
"04","unit_061","market_061",12,0.114170242763766,1,1,9
"04","unit_061","market_061",13,0.217230945314496,1,1,9
"04","unit_061","market_061",14,0.117702940022974,1,1,9
"04","unit_061","market_061",15,0.160847645253317,1,1,9
"04","unit_061","market_061",16,0.245562898375114,1,1,9
"04","unit_062","market_062",1,0.621417317083224,0,1,9
"04","unit_062","market_062",2,0.63281303198622,0,1,9
"04","unit_062","market_062",3,0.726063836670666,0,1,9
"04","unit_062","market_062",4,0.684107019205616,0,1,9
"04","unit_062","market_062",5,0.609675207755881,0,1,9
"04","unit_062","market_062",6,0.642706998252061,0,1,9
"04","unit_062","market_062",7,0.710676807975301,0,1,9
"04","unit_062","market_062",8,0.736235488574355,0,1,9
"04","unit_062","market_062",9,0.894712477357614,1,1,9
"04","unit_062","market_062",10,0.933721751971257,1,1,9
"04","unit_062","market_062",11,1.03523073525007,1,1,9
"04","unit_062","market_062",12,1.17203789322095,1,1,9
"04","unit_062","market_062",13,1.28511525374926,1,1,9
"04","unit_062","market_062",14,1.26169021590108,1,1,9
"04","unit_062","market_062",15,1.21949742640781,1,1,9
"04","unit_062","market_062",16,1.31591517051229,1,1,9
"04","unit_063","market_063",1,-1.2728273425147,0,1,9
"04","unit_063","market_063",2,-1.23905971336183,0,1,9
"04","unit_063","market_063",3,-1.14827333562164,0,1,9
"04","unit_063","market_063",4,-1.12650606915918,0,1,9
"04","unit_063","market_063",5,-1.11872357970241,0,1,9
"04","unit_063","market_063",6,-1.08012658916836,0,1,9
"04","unit_063","market_063",7,-1.12513072646371,0,1,9
"04","unit_063","market_063",8,-1.03071686023404,0,1,9
"04","unit_063","market_063",9,-0.733507577185415,1,1,9
"04","unit_063","market_063",10,-0.760357721991005,1,1,9
"04","unit_063","market_063",11,-0.659410189479046,1,1,9
"04","unit_063","market_063",12,-0.655277062040727,1,1,9
"04","unit_063","market_063",13,-0.517068734754526,1,1,9
"04","unit_063","market_063",14,-0.49927535724882,1,1,9
"04","unit_063","market_063",15,-0.478927933131888,1,1,9
"04","unit_063","market_063",16,-0.425181048828884,1,1,9
"04","unit_064","market_064",1,-0.234442251125297,0,1,9
"04","unit_064","market_064",2,-0.290551856241638,0,1,9
"04","unit_064","market_064",3,-0.18015636890002,0,1,9
"04","unit_064","market_064",4,-0.247223374690803,0,1,9
"04","unit_064","market_064",5,-0.192746908146016,0,1,9
"04","unit_064","market_064",6,-0.108395639842463,0,1,9
"04","unit_064","market_064",7,-0.302728921565834,0,1,9
"04","unit_064","market_064",8,-0.165625547379556,0,1,9
"04","unit_064","market_064",9,0.051751677907629,1,1,9
"04","unit_064","market_064",10,0.181215853962457,1,1,9
"04","unit_064","market_064",11,0.203284353471986,1,1,9
"04","unit_064","market_064",12,0.275028909382549,1,1,9
"04","unit_064","market_064",13,0.471265778152241,1,1,9
"04","unit_064","market_064",14,0.439665443692852,1,1,9
"04","unit_064","market_064",15,0.605027060063751,1,1,9
"04","unit_064","market_064",16,0.425415796521507,1,1,9
"04","unit_065","market_065",1,0.0857029960895696,0,1,9
"04","unit_065","market_065",2,0.108121338419174,0,1,9
"04","unit_065","market_065",3,0.170732700675979,0,1,9
"04","unit_065","market_065",4,0.290385525895853,0,1,9
"04","unit_065","market_065",5,0.269259412935354,0,1,9
"04","unit_065","market_065",6,0.254833531512987,0,1,9
"04","unit_065","market_065",7,0.202004557893377,0,1,9
"04","unit_065","market_065",8,0.23735946592471,0,1,9
"04","unit_065","market_065",9,0.660430326996795,1,1,9
"04","unit_065","market_065",10,0.653938515400955,1,1,9
"04","unit_065","market_065",11,0.650569866732396,1,1,9
"04","unit_065","market_065",12,0.628747930288863,1,1,9
"04","unit_065","market_065",13,0.770321906486677,1,1,9
"04","unit_065","market_065",14,0.888294780870342,1,1,9
"04","unit_065","market_065",15,0.953829174208868,1,1,9
"04","unit_065","market_065",16,0.883544018987125,1,1,9
"04","unit_066","market_066",1,-0.599673830902272,0,1,9
"04","unit_066","market_066",2,-0.602547801026847,0,1,9
"04","unit_066","market_066",3,-0.493579502822906,0,1,9
"04","unit_066","market_066",4,-0.41435342642983,0,1,9
"04","unit_066","market_066",5,-0.507347312647503,0,1,9
"04","unit_066","market_066",6,-0.324718225558986,0,1,9
"04","unit_066","market_066",7,-0.504569491015622,0,1,9
"04","unit_066","market_066",8,-0.369594862936261,0,1,9
"04","unit_066","market_066",9,-0.107146825529789,1,1,9
"04","unit_066","market_066",10,-0.0992917485155426,1,1,9
"04","unit_066","market_066",11,0.0435251421055051,1,1,9
"04","unit_066","market_066",12,0.0760911281849359,1,1,9
"04","unit_066","market_066",13,0.137073654859621,1,1,9
"04","unit_066","market_066",14,0.208187283032163,1,1,9
"04","unit_066","market_066",15,0.144816689491141,1,1,9
"04","unit_066","market_066",16,0.260793808143333,1,1,9
"04","unit_067","market_067",1,-0.270527219346933,0,1,9
"04","unit_067","market_067",2,-0.248227340879302,0,1,9
"04","unit_067","market_067",3,-0.279501427956828,0,1,9
"04","unit_067","market_067",4,-0.220844787805447,0,1,9
"04","unit_067","market_067",5,-0.220842319178512,0,1,9
"04","unit_067","market_067",6,-0.105439439184133,0,1,9
"04","unit_067","market_067",7,-0.207371743142321,0,1,9
"04","unit_067","market_067",8,-0.217305200408177,0,1,9
"04","unit_067","market_067",9,0.0475936305841,1,1,9
"04","unit_067","market_067",10,0.138250329014677,1,1,9
"04","unit_067","market_067",11,0.278283379075738,1,1,9
"04","unit_067","market_067",12,0.289863211676001,1,1,9
"04","unit_067","market_067",13,0.324992021892082,1,1,9
"04","unit_067","market_067",14,0.447342847218416,1,1,9
"04","unit_067","market_067",15,0.346490347169327,1,1,9
"04","unit_067","market_067",16,0.457703204869021,1,1,9
"04","unit_068","market_068",1,-0.0500522521975116,0,1,9
"04","unit_068","market_068",2,-0.0389487456246722,0,1,9
"04","unit_068","market_068",3,0.0173255894882821,0,1,9
"04","unit_068","market_068",4,0.0473865161062881,0,1,9
"04","unit_068","market_068",5,0.114701426807914,0,1,9
"04","unit_068","market_068",6,-0.0333517892995245,0,1,9
"04","unit_068","market_068",7,0.063325321474205,0,1,9
"04","unit_068","market_068",8,0.131986033696116,0,1,9
"04","unit_068","market_068",9,0.333682566445135,1,1,9
"04","unit_068","market_068",10,0.417180794624201,1,1,9
"04","unit_068","market_068",11,0.52597052233653,1,1,9
"04","unit_068","market_068",12,0.501022243942166,1,1,9
"04","unit_068","market_068",13,0.599818690372204,1,1,9
"04","unit_068","market_068",14,0.593073301202347,1,1,9
"04","unit_068","market_068",15,0.568553887495937,1,1,9
"04","unit_068","market_068",16,0.673959741117701,1,1,9
"04","unit_069","market_069",1,-0.0376857716124371,0,1,9
"04","unit_069","market_069",2,0.0518147650055674,0,1,9
"04","unit_069","market_069",3,0.154573240598042,0,1,9
"04","unit_069","market_069",4,0.104978519797208,0,1,9
"04","unit_069","market_069",5,0.0679621420136074,0,1,9
"04","unit_069","market_069",6,0.0378138075258651,0,1,9
"04","unit_069","market_069",7,0.0911954406655758,0,1,9
"04","unit_069","market_069",8,0.209933844913332,0,1,9
"04","unit_069","market_069",9,0.465085056355542,1,1,9
"04","unit_069","market_069",10,0.486915266752704,1,1,9
"04","unit_069","market_069",11,0.561092192490646,1,1,9
"04","unit_069","market_069",12,0.55680769836993,1,1,9
"04","unit_069","market_069",13,0.70492085806045,1,1,9
"04","unit_069","market_069",14,0.885782329053602,1,1,9
"04","unit_069","market_069",15,0.642952923351769,1,1,9
"04","unit_069","market_069",16,0.692318023857977,1,1,9
"04","unit_070","market_070",1,-0.609786831853397,0,1,9
"04","unit_070","market_070",2,-0.632901118786503,0,1,9
"04","unit_070","market_070",3,-0.562681469903125,0,1,9
"04","unit_070","market_070",4,-0.543597520466526,0,1,9
"04","unit_070","market_070",5,-0.496303729833565,0,1,9
"04","unit_070","market_070",6,-0.552692157400924,0,1,9
"04","unit_070","market_070",7,-0.556624293445966,0,1,9
"04","unit_070","market_070",8,-0.519771634443074,0,1,9
"04","unit_070","market_070",9,-0.245470208142496,1,1,9
"04","unit_070","market_070",10,-0.129009453559464,1,1,9
"04","unit_070","market_070",11,-0.110925544359359,1,1,9
"04","unit_070","market_070",12,-0.0781875925398574,1,1,9
"04","unit_070","market_070",13,-0.00742452083477568,1,1,9
"04","unit_070","market_070",14,0.033478738536857,1,1,9
"04","unit_070","market_070",15,0.148082180897055,1,1,9
"04","unit_070","market_070",16,0.114917762283262,1,1,9
"04","unit_071","market_071",1,-0.353233167052334,0,1,9
"04","unit_071","market_071",2,-0.294231910068348,0,1,9
"04","unit_071","market_071",3,-0.240965307272275,0,1,9
"04","unit_071","market_071",4,-0.2373917061381,0,1,9
"04","unit_071","market_071",5,-0.268947436576397,0,1,9
"04","unit_071","market_071",6,-0.324671297132402,0,1,9
"04","unit_071","market_071",7,-0.211438848693646,0,1,9
"04","unit_071","market_071",8,-0.116427772721567,0,1,9
"04","unit_071","market_071",9,0.051447400223063,1,1,9
"04","unit_071","market_071",10,0.103039648803123,1,1,9
"04","unit_071","market_071",11,0.21652786178509,1,1,9
"04","unit_071","market_071",12,0.251461430052072,1,1,9
"04","unit_071","market_071",13,0.327159139775125,1,1,9
"04","unit_071","market_071",14,0.415939719383119,1,1,9
"04","unit_071","market_071",15,0.392574739628332,1,1,9
"04","unit_071","market_071",16,0.450568838273891,1,1,9
"04","unit_072","market_072",1,-0.186896177055967,0,1,9
"04","unit_072","market_072",2,-0.0496377592716161,0,1,9
"04","unit_072","market_072",3,-0.0613222179748862,0,1,9
"04","unit_072","market_072",4,-0.108727632337507,0,1,9
"04","unit_072","market_072",5,-0.049659236212968,0,1,9
"04","unit_072","market_072",6,-0.0167213556471135,0,1,9
"04","unit_072","market_072",7,0.0464615799150354,0,1,9
"04","unit_072","market_072",8,-0.0540581575682282,0,1,9
"04","unit_072","market_072",9,0.279713674651443,1,1,9
"04","unit_072","market_072",10,0.252645918383288,1,1,9
"04","unit_072","market_072",11,0.359727997443992,1,1,9
"04","unit_072","market_072",12,0.475259206812524,1,1,9
"04","unit_072","market_072",13,0.533171908241059,1,1,9
"04","unit_072","market_072",14,0.607518586094945,1,1,9
"04","unit_072","market_072",15,0.665933955897504,1,1,9
"04","unit_072","market_072",16,0.617776279820741,1,1,9
"04","unit_073","market_073",1,-0.0559905999938924,0,1,9
"04","unit_073","market_073",2,0.0663289104526422,0,1,9
"04","unit_073","market_073",3,0.0601226245559896,0,1,9
"04","unit_073","market_073",4,0.0763021570076764,0,1,9
"04","unit_073","market_073",5,-0.00127777914544384,0,1,9
"04","unit_073","market_073",6,0.0291023281733738,0,1,9
"04","unit_073","market_073",7,0.255677410061977,0,1,9
"04","unit_073","market_073",8,0.103119540024056,0,1,9
"04","unit_073","market_073",9,0.407846928639426,1,1,9
"04","unit_073","market_073",10,0.439396099680596,1,1,9
"04","unit_073","market_073",11,0.559238262602755,1,1,9
"04","unit_073","market_073",12,0.5464211979814,1,1,9
"04","unit_073","market_073",13,0.575015936343589,1,1,9
"04","unit_073","market_073",14,0.628921119309245,1,1,9
"04","unit_073","market_073",15,0.694945846624583,1,1,9
"04","unit_073","market_073",16,0.749235238671702,1,1,9
"04","unit_074","market_074",1,0.181625472393456,0,1,9
"04","unit_074","market_074",2,0.217213443889095,0,1,9
"04","unit_074","market_074",3,0.284405553423915,0,1,9
"04","unit_074","market_074",4,0.245818443386648,0,1,9
"04","unit_074","market_074",5,0.37460590418474,0,1,9
"04","unit_074","market_074",6,0.221022627558437,0,1,9
"04","unit_074","market_074",7,0.38207292425929,0,1,9
"04","unit_074","market_074",8,0.377606677718163,0,1,9
"04","unit_074","market_074",9,0.685167025839987,1,1,9
"04","unit_074","market_074",10,0.653282278718522,1,1,9
"04","unit_074","market_074",11,0.714104975972106,1,1,9
"04","unit_074","market_074",12,0.805237071096546,1,1,9
"04","unit_074","market_074",13,0.922512831910413,1,1,9
"04","unit_074","market_074",14,0.999719690823115,1,1,9
"04","unit_074","market_074",15,0.991367287294393,1,1,9
"04","unit_074","market_074",16,0.922747793195812,1,1,9
"04","unit_075","market_075",1,0.108213841874864,0,1,9
"04","unit_075","market_075",2,0.241903137668765,0,1,9
"04","unit_075","market_075",3,0.249349712146313,0,1,9
"04","unit_075","market_075",4,0.301018268383822,0,1,9
"04","unit_075","market_075",5,0.32265215625143,0,1,9
"04","unit_075","market_075",6,0.312977765493798,0,1,9
"04","unit_075","market_075",7,0.234731723113096,0,1,9
"04","unit_075","market_075",8,0.240344103822578,0,1,9
"04","unit_075","market_075",9,0.603018078204909,1,1,9
"04","unit_075","market_075",10,0.57246400851346,1,1,9
"04","unit_075","market_075",11,0.681284178315224,1,1,9
"04","unit_075","market_075",12,0.738459863356712,1,1,9
"04","unit_075","market_075",13,0.851937137828857,1,1,9
"04","unit_075","market_075",14,0.820531879941097,1,1,9
"04","unit_075","market_075",15,0.871795159003388,1,1,9
"04","unit_075","market_075",16,0.905534683733416,1,1,9
"04","unit_076","market_076",1,-0.645360317666284,0,1,9
"04","unit_076","market_076",2,-0.678929432281481,0,1,9
"04","unit_076","market_076",3,-0.570942229901131,0,1,9
"04","unit_076","market_076",4,-0.580018607626072,0,1,9
"04","unit_076","market_076",5,-0.514501345098345,0,1,9
"04","unit_076","market_076",6,-0.558009085005622,0,1,9
"04","unit_076","market_076",7,-0.523542933076646,0,1,9
"04","unit_076","market_076",8,-0.482179226325896,0,1,9
"04","unit_076","market_076",9,-0.195425192467098,1,1,9
"04","unit_076","market_076",10,-0.137511459840941,1,1,9
"04","unit_076","market_076",11,-0.0638090202328506,1,1,9
"04","unit_076","market_076",12,-0.136789218731952,1,1,9
"04","unit_076","market_076",13,0.0448265130401793,1,1,9
"04","unit_076","market_076",14,0.10300897504478,1,1,9
"04","unit_076","market_076",15,0.0712152203083227,1,1,9
"04","unit_076","market_076",16,0.0772100287985281,1,1,9
"04","unit_077","market_077",1,-0.506409423906881,0,1,9
"04","unit_077","market_077",2,-0.486331253178863,0,1,9
"04","unit_077","market_077",3,-0.330000326129969,0,1,9
"04","unit_077","market_077",4,-0.421921759371092,0,1,9
"04","unit_077","market_077",5,-0.354523718495576,0,1,9
"04","unit_077","market_077",6,-0.346232532779778,0,1,9
"04","unit_077","market_077",7,-0.447203951814434,0,1,9
"04","unit_077","market_077",8,-0.360318144356354,0,1,9
"04","unit_077","market_077",9,-0.0916140286921501,1,1,9
"04","unit_077","market_077",10,-0.00831367978194913,1,1,9
"04","unit_077","market_077",11,0.0404868975878174,1,1,9
"04","unit_077","market_077",12,0.163234552161657,1,1,9
"04","unit_077","market_077",13,0.206338067082209,1,1,9
"04","unit_077","market_077",14,0.197215864461877,1,1,9
"04","unit_077","market_077",15,0.223851311297145,1,1,9
"04","unit_077","market_077",16,0.221756198288554,1,1,9
"04","unit_078","market_078",1,-0.118708619339773,0,1,9
"04","unit_078","market_078",2,-0.0681493313615266,0,1,9
"04","unit_078","market_078",3,0.0542658241751971,0,1,9
"04","unit_078","market_078",4,0.177335452734828,0,1,9
"04","unit_078","market_078",5,0.0382872589114689,0,1,9
"04","unit_078","market_078",6,0.0973672776226149,0,1,9
"04","unit_078","market_078",7,0.0552743106322626,0,1,9
"04","unit_078","market_078",8,0.0772527306230362,0,1,9
"04","unit_078","market_078",9,0.39759811912138,1,1,9
"04","unit_078","market_078",10,0.417570173107973,1,1,9
"04","unit_078","market_078",11,0.466072748673236,1,1,9
"04","unit_078","market_078",12,0.450875122591158,1,1,9
"04","unit_078","market_078",13,0.530209690445994,1,1,9
"04","unit_078","market_078",14,0.673247475479828,1,1,9
"04","unit_078","market_078",15,0.697222310404991,1,1,9
"04","unit_078","market_078",16,0.65571404294915,1,1,9
"04","unit_079","market_079",1,0.13494852400314,0,1,9
"04","unit_079","market_079",2,0.102817315510338,0,1,9
"04","unit_079","market_079",3,0.406496418167068,0,1,9
"04","unit_079","market_079",4,0.330116139175498,0,1,9
"04","unit_079","market_079",5,0.429206170023943,0,1,9
"04","unit_079","market_079",6,0.308777255773603,0,1,9
"04","unit_079","market_079",7,0.31493380529511,0,1,9
"04","unit_079","market_079",8,0.304696257921945,0,1,9
"04","unit_079","market_079",9,0.614429845509506,1,1,9
"04","unit_079","market_079",10,0.635698469547304,1,1,9
"04","unit_079","market_079",11,0.802191412405096,1,1,9
"04","unit_079","market_079",12,0.793709557180882,1,1,9
"04","unit_079","market_079",13,0.779845242427955,1,1,9
"04","unit_079","market_079",14,0.914332697665422,1,1,9
"04","unit_079","market_079",15,1.03890237732796,1,1,9
"04","unit_079","market_079",16,0.973839999318105,1,1,9
"04","unit_080","market_080",1,0.512013628734054,0,1,9
"04","unit_080","market_080",2,0.541744465266603,0,1,9
"04","unit_080","market_080",3,0.678178988733994,0,1,9
"04","unit_080","market_080",4,0.668397931513088,0,1,9
"04","unit_080","market_080",5,0.640898147617923,0,1,9
"04","unit_080","market_080",6,0.747333072916051,0,1,9
"04","unit_080","market_080",7,0.705304435744623,0,1,9
"04","unit_080","market_080",8,0.623741658925755,0,1,9
"04","unit_080","market_080",9,0.892988397918859,1,1,9
"04","unit_080","market_080",10,0.941261618421384,1,1,9
"04","unit_080","market_080",11,1.04049005183034,1,1,9
"04","unit_080","market_080",12,1.14590456674485,1,1,9
"04","unit_080","market_080",13,1.2498889140483,1,1,9
"04","unit_080","market_080",14,1.36379929481401,1,1,9
"04","unit_080","market_080",15,1.23954300954253,1,1,9
"04","unit_080","market_080",16,1.32860654135841,1,1,9
"04","unit_081","market_081",1,-0.242013126639221,0,1,11
"04","unit_081","market_081",2,-0.322849098635204,0,1,11
"04","unit_081","market_081",3,-0.192491575526648,0,1,11
"04","unit_081","market_081",4,-0.106267695246845,0,1,11
"04","unit_081","market_081",5,-0.182971009370819,0,1,11
"04","unit_081","market_081",6,-0.140742460025356,0,1,11
"04","unit_081","market_081",7,-0.0778088826970434,0,1,11
"04","unit_081","market_081",8,-0.165435184019082,0,1,11
"04","unit_081","market_081",9,0.0248200502326473,0,1,11
"04","unit_081","market_081",10,0.000202124039424788,0,1,11
"04","unit_081","market_081",11,0.244037706459165,1,1,11
"04","unit_081","market_081",12,0.391582141519069,1,1,11
"04","unit_081","market_081",13,0.475327191929927,1,1,11
"04","unit_081","market_081",14,0.405059303731237,1,1,11
"04","unit_081","market_081",15,0.455467951253661,1,1,11
"04","unit_081","market_081",16,0.465519048453021,1,1,11
"04","unit_082","market_082",1,0.309473035032154,0,1,11
"04","unit_082","market_082",2,0.276230113209943,0,1,11
"04","unit_082","market_082",3,0.296324858139688,0,1,11
"04","unit_082","market_082",4,0.34417383130345,0,1,11
"04","unit_082","market_082",5,0.329588361293044,0,1,11
"04","unit_082","market_082",6,0.418337798345966,0,1,11
"04","unit_082","market_082",7,0.308299075088216,0,1,11
"04","unit_082","market_082",8,0.432409453631694,0,1,11
"04","unit_082","market_082",9,0.391132964868066,0,1,11
"04","unit_082","market_082",10,0.45656183101551,0,1,11
"04","unit_082","market_082",11,0.77433533723399,1,1,11
"04","unit_082","market_082",12,0.779194083524432,1,1,11
"04","unit_082","market_082",13,0.82091492961301,1,1,11
"04","unit_082","market_082",14,0.964300868014919,1,1,11
"04","unit_082","market_082",15,0.996553620389371,1,1,11
"04","unit_082","market_082",16,1.07251854863039,1,1,11
"04","unit_083","market_083",1,-0.0354076191753718,0,1,11
"04","unit_083","market_083",2,0.142158533268589,0,1,11
"04","unit_083","market_083",3,0.124468109350101,0,1,11
"04","unit_083","market_083",4,0.124558282626231,0,1,11
"04","unit_083","market_083",5,0.128806188134678,0,1,11
"04","unit_083","market_083",6,0.145620236757099,0,1,11
"04","unit_083","market_083",7,0.13568596787133,0,1,11
"04","unit_083","market_083",8,0.179742762234553,0,1,11
"04","unit_083","market_083",9,0.180747066174216,0,1,11
"04","unit_083","market_083",10,0.286807179834377,0,1,11
"04","unit_083","market_083",11,0.542625334430305,1,1,11
"04","unit_083","market_083",12,0.578323316688192,1,1,11
"04","unit_083","market_083",13,0.699957090935771,1,1,11
"04","unit_083","market_083",14,0.824512288186455,1,1,11
"04","unit_083","market_083",15,0.718220024608413,1,1,11
"04","unit_083","market_083",16,0.781849179142222,1,1,11
"04","unit_084","market_084",1,-0.0718575400753772,0,1,11
"04","unit_084","market_084",2,-0.0017704327575593,0,1,11
"04","unit_084","market_084",3,0.0631402640581545,0,1,11
"04","unit_084","market_084",4,0.136444477761016,0,1,11
"04","unit_084","market_084",5,0.0674870503543328,0,1,11
"04","unit_084","market_084",6,0.0353672942503159,0,1,11
"04","unit_084","market_084",7,0.0144414680770325,0,1,11
"04","unit_084","market_084",8,0.0615415198486121,0,1,11
"04","unit_084","market_084",9,0.162178744389901,0,1,11
"04","unit_084","market_084",10,0.249679612172218,0,1,11
"04","unit_084","market_084",11,0.571522204812622,1,1,11
"04","unit_084","market_084",12,0.565887181432359,1,1,11
"04","unit_084","market_084",13,0.55747624406728,1,1,11
"04","unit_084","market_084",14,0.628261420761144,1,1,11
"04","unit_084","market_084",15,0.722571842945618,1,1,11
"04","unit_084","market_084",16,0.759152385605521,1,1,11
"04","unit_085","market_085",1,0.836370974410419,0,1,11
"04","unit_085","market_085",2,0.944218993673543,0,1,11
"04","unit_085","market_085",3,0.937473459427941,0,1,11
"04","unit_085","market_085",4,0.997039380474869,0,1,11
"04","unit_085","market_085",5,0.993836120769396,0,1,11
"04","unit_085","market_085",6,1.00379774739213,0,1,11
"04","unit_085","market_085",7,1.05029939524181,0,1,11
"04","unit_085","market_085",8,1.08873027053589,0,1,11
"04","unit_085","market_085",9,1.11017856333811,0,1,11
"04","unit_085","market_085",10,1.05625750941897,0,1,11
"04","unit_085","market_085",11,1.40410396597653,1,1,11
"04","unit_085","market_085",12,1.47884356495323,1,1,11
"04","unit_085","market_085",13,1.66466214869936,1,1,11
"04","unit_085","market_085",14,1.54486907154447,1,1,11
"04","unit_085","market_085",15,1.64495650186505,1,1,11
"04","unit_085","market_085",16,1.62026393679552,1,1,11
"04","unit_086","market_086",1,0.493556431899168,0,1,11
"04","unit_086","market_086",2,0.468081096324365,0,1,11
"04","unit_086","market_086",3,0.465304909250931,0,1,11
"04","unit_086","market_086",4,0.453673138641476,0,1,11
"04","unit_086","market_086",5,0.454015942055968,0,1,11
"04","unit_086","market_086",6,0.520694547844438,0,1,11
"04","unit_086","market_086",7,0.534759216913843,0,1,11
"04","unit_086","market_086",8,0.502122782083874,0,1,11
"04","unit_086","market_086",9,0.461454802915364,0,1,11
"04","unit_086","market_086",10,0.526650635918691,0,1,11
"04","unit_086","market_086",11,0.93364501864648,1,1,11
"04","unit_086","market_086",12,1.03561675604218,1,1,11
"04","unit_086","market_086",13,0.907474713264521,1,1,11
"04","unit_086","market_086",14,1.11478021489271,1,1,11
"04","unit_086","market_086",15,1.12991386604141,1,1,11
"04","unit_086","market_086",16,1.12713473481681,1,1,11
"04","unit_087","market_087",1,0.3608970925353,0,1,11
"04","unit_087","market_087",2,0.371946903769499,0,1,11
"04","unit_087","market_087",3,0.367191808061843,0,1,11
"04","unit_087","market_087",4,0.360289827459387,0,1,11
"04","unit_087","market_087",5,0.34509456573348,0,1,11
"04","unit_087","market_087",6,0.402111910363127,0,1,11
"04","unit_087","market_087",7,0.412765252504132,0,1,11
"04","unit_087","market_087",8,0.52583644731824,0,1,11
"04","unit_087","market_087",9,0.423493485309412,0,1,11
"04","unit_087","market_087",10,0.522977859322311,0,1,11
"04","unit_087","market_087",11,0.878093938259892,1,1,11
"04","unit_087","market_087",12,0.879377184210519,1,1,11
"04","unit_087","market_087",13,0.9781124452708,1,1,11
"04","unit_087","market_087",14,1.02739915446303,1,1,11
"04","unit_087","market_087",15,1.07719703052506,1,1,11
"04","unit_087","market_087",16,1.07268408520647,1,1,11
"04","unit_088","market_088",1,0.307840352957461,0,1,11
"04","unit_088","market_088",2,0.518538037911773,0,1,11
"04","unit_088","market_088",3,0.455936653262978,0,1,11
"04","unit_088","market_088",4,0.598987883879868,0,1,11
"04","unit_088","market_088",5,0.535616394130606,0,1,11
"04","unit_088","market_088",6,0.477085186809224,0,1,11
"04","unit_088","market_088",7,0.514695704489863,0,1,11
"04","unit_088","market_088",8,0.578430855000811,0,1,11
"04","unit_088","market_088",9,0.517516090540093,0,1,11
"04","unit_088","market_088",10,0.664849250035127,0,1,11
"04","unit_088","market_088",11,0.795592731873158,1,1,11
"04","unit_088","market_088",12,1.01619375709144,1,1,11
"04","unit_088","market_088",13,1.01227039693995,1,1,11
"04","unit_088","market_088",14,1.19765493679513,1,1,11
"04","unit_088","market_088",15,1.2048985692672,1,1,11
"04","unit_088","market_088",16,1.2768845397525,1,1,11
"04","unit_089","market_089",1,-0.311628123431935,0,1,11
"04","unit_089","market_089",2,-0.306275285571748,0,1,11
"04","unit_089","market_089",3,-0.167464355501221,0,1,11
"04","unit_089","market_089",4,-0.201458933807558,0,1,11
"04","unit_089","market_089",5,-0.26695725584016,0,1,11
"04","unit_089","market_089",6,-0.269091376254684,0,1,11
"04","unit_089","market_089",7,-0.190332020847769,0,1,11
"04","unit_089","market_089",8,-0.104842854353686,0,1,11
"04","unit_089","market_089",9,-0.109651870694725,0,1,11
"04","unit_089","market_089",10,-0.0636035269290293,0,1,11
"04","unit_089","market_089",11,0.256938747237099,1,1,11
"04","unit_089","market_089",12,0.222358259649315,1,1,11
"04","unit_089","market_089",13,0.353098113091036,1,1,11
"04","unit_089","market_089",14,0.418700011313363,1,1,11
"04","unit_089","market_089",15,0.390663366086331,1,1,11
"04","unit_089","market_089",16,0.350798050848428,1,1,11
"04","unit_090","market_090",1,0.303667055392568,0,1,11
"04","unit_090","market_090",2,0.30194430391664,0,1,11
"04","unit_090","market_090",3,0.357319257495007,0,1,11
"04","unit_090","market_090",4,0.283263521045266,0,1,11
"04","unit_090","market_090",5,0.322909692649042,0,1,11
"04","unit_090","market_090",6,0.381356136520393,0,1,11
"04","unit_090","market_090",7,0.372067460851028,0,1,11
"04","unit_090","market_090",8,0.440206935077332,0,1,11
"04","unit_090","market_090",9,0.297623579929341,0,1,11
"04","unit_090","market_090",10,0.550791728319732,0,1,11
"04","unit_090","market_090",11,0.682510685161421,1,1,11
"04","unit_090","market_090",12,0.85060711370764,1,1,11
"04","unit_090","market_090",13,0.874588885467338,1,1,11
"04","unit_090","market_090",14,1.00253846383631,1,1,11
"04","unit_090","market_090",15,0.95284352162337,1,1,11
"04","unit_090","market_090",16,1.02229898140415,1,1,11
"04","unit_091","market_091",1,0.139454219478935,0,1,11
"04","unit_091","market_091",2,0.158026921943976,0,1,11
"04","unit_091","market_091",3,0.259077983543993,0,1,11
"04","unit_091","market_091",4,0.245321580922521,0,1,11
"04","unit_091","market_091",5,0.332408622283428,0,1,11
"04","unit_091","market_091",6,0.334187178550068,0,1,11
"04","unit_091","market_091",7,0.260180912923345,0,1,11
"04","unit_091","market_091",8,0.397170091384821,0,1,11
"04","unit_091","market_091",9,0.446605181238557,0,1,11
"04","unit_091","market_091",10,0.432067501518887,0,1,11
"04","unit_091","market_091",11,0.743214265972272,1,1,11
"04","unit_091","market_091",12,0.81002364356749,1,1,11
"04","unit_091","market_091",13,0.755211615303785,1,1,11
"04","unit_091","market_091",14,0.951542265055085,1,1,11
"04","unit_091","market_091",15,0.897218811295028,1,1,11
"04","unit_091","market_091",16,1.01831091758513,1,1,11
"04","unit_092","market_092",1,-0.0491236718336359,0,1,11
"04","unit_092","market_092",2,0.0899181932201558,0,1,11
"04","unit_092","market_092",3,0.000246510381542747,0,1,11
"04","unit_092","market_092",4,0.0407912519492525,0,1,11
"04","unit_092","market_092",5,0.0706314801039152,0,1,11
"04","unit_092","market_092",6,0.0124545068102216,0,1,11
"04","unit_092","market_092",7,0.126357965425702,0,1,11
"04","unit_092","market_092",8,0.147041387078471,0,1,11
"04","unit_092","market_092",9,0.16873315183836,0,1,11
"04","unit_092","market_092",10,0.284352199901401,0,1,11
"04","unit_092","market_092",11,0.512271825552996,1,1,11
"04","unit_092","market_092",12,0.593656792421772,1,1,11
"04","unit_092","market_092",13,0.647113110474029,1,1,11
"04","unit_092","market_092",14,0.638267822394799,1,1,11
"04","unit_092","market_092",15,0.700385864937228,1,1,11
"04","unit_092","market_092",16,0.73920414696042,1,1,11
"04","unit_093","market_093",1,-0.26518455308868,0,1,11
"04","unit_093","market_093",2,-0.282612428449193,0,1,11
"04","unit_093","market_093",3,-0.315165000052851,0,1,11
"04","unit_093","market_093",4,-0.343195561411807,0,1,11
"04","unit_093","market_093",5,-0.29757038091509,0,1,11
"04","unit_093","market_093",6,-0.327874493753992,0,1,11
"04","unit_093","market_093",7,-0.29745636345826,0,1,11
"04","unit_093","market_093",8,-0.29966683239755,0,1,11
"04","unit_093","market_093",9,-0.187167391733487,0,1,11
"04","unit_093","market_093",10,-0.240921753536222,0,1,11
"04","unit_093","market_093",11,0.124112895989346,1,1,11
"04","unit_093","market_093",12,0.12886887212319,1,1,11
"04","unit_093","market_093",13,0.263804339994272,1,1,11
"04","unit_093","market_093",14,0.299612849308487,1,1,11
"04","unit_093","market_093",15,0.47481671224272,1,1,11
"04","unit_093","market_093",16,0.368100984931706,1,1,11
"04","unit_094","market_094",1,0.158726016850183,0,1,11
"04","unit_094","market_094",2,0.184592252234011,0,1,11
"04","unit_094","market_094",3,0.279027858978894,0,1,11
"04","unit_094","market_094",4,0.288384914207237,0,1,11
"04","unit_094","market_094",5,0.237338641369984,0,1,11
"04","unit_094","market_094",6,0.326219696884231,0,1,11
"04","unit_094","market_094",7,0.365218008555572,0,1,11
"04","unit_094","market_094",8,0.301742080106323,0,1,11
"04","unit_094","market_094",9,0.346495084187131,0,1,11
"04","unit_094","market_094",10,0.426975686068359,0,1,11
"04","unit_094","market_094",11,0.718248860654946,1,1,11
"04","unit_094","market_094",12,0.734439102084027,1,1,11
"04","unit_094","market_094",13,0.666049162716665,1,1,11
"04","unit_094","market_094",14,0.771577621395431,1,1,11
"04","unit_094","market_094",15,0.926295774084574,1,1,11
"04","unit_094","market_094",16,0.996399513750665,1,1,11
"04","unit_095","market_095",1,0.0983604940866917,0,1,11
"04","unit_095","market_095",2,0.23666112267532,0,1,11
"04","unit_095","market_095",3,0.259133993735963,0,1,11
"04","unit_095","market_095",4,0.234761071971546,0,1,11
"04","unit_095","market_095",5,0.284443406711311,0,1,11
"04","unit_095","market_095",6,0.280954565595316,0,1,11
"04","unit_095","market_095",7,0.344344904759584,0,1,11
"04","unit_095","market_095",8,0.339097643029896,0,1,11
"04","unit_095","market_095",9,0.389024345065649,0,1,11
"04","unit_095","market_095",10,0.42134407713907,0,1,11
"04","unit_095","market_095",11,0.771357096206333,1,1,11
"04","unit_095","market_095",12,0.821281951861778,1,1,11
"04","unit_095","market_095",13,0.82915427037632,1,1,11
"04","unit_095","market_095",14,0.90838811077638,1,1,11
"04","unit_095","market_095",15,0.901647689163485,1,1,11
"04","unit_095","market_095",16,0.915512561417942,1,1,11
"04","unit_096","market_096",1,-0.0473827641588689,0,1,11
"04","unit_096","market_096",2,0.0202054996868435,0,1,11
"04","unit_096","market_096",3,0.060810565436786,0,1,11
"04","unit_096","market_096",4,0.0556249384308618,0,1,11
"04","unit_096","market_096",5,0.152469004041607,0,1,11
"04","unit_096","market_096",6,0.127772324423693,0,1,11
"04","unit_096","market_096",7,0.134550808152228,0,1,11
"04","unit_096","market_096",8,0.155393247978182,0,1,11
"04","unit_096","market_096",9,0.160290825972136,0,1,11
"04","unit_096","market_096",10,0.19153540096441,0,1,11
"04","unit_096","market_096",11,0.523430626477277,1,1,11
"04","unit_096","market_096",12,0.54642175984289,1,1,11
"04","unit_096","market_096",13,0.667280168960966,1,1,11
"04","unit_096","market_096",14,0.685170423922001,1,1,11
"04","unit_096","market_096",15,0.711845034348181,1,1,11
"04","unit_096","market_096",16,0.734214247381244,1,1,11
"04","unit_097","market_097",1,-0.209357776996731,0,1,11
"04","unit_097","market_097",2,-0.0764727555672026,0,1,11
"04","unit_097","market_097",3,-0.119618462120798,0,1,11
"04","unit_097","market_097",4,-0.202672193810247,0,1,11
"04","unit_097","market_097",5,-0.0419977669877177,0,1,11
"04","unit_097","market_097",6,-0.12899671818929,0,1,11
"04","unit_097","market_097",7,-0.111346747212942,0,1,11
"04","unit_097","market_097",8,-0.018884644850223,0,1,11
"04","unit_097","market_097",9,-0.0788160526489509,0,1,11
"04","unit_097","market_097",10,0.0136268691317624,0,1,11
"04","unit_097","market_097",11,0.300946144425063,1,1,11
"04","unit_097","market_097",12,0.53930828172123,1,1,11
"04","unit_097","market_097",13,0.466677294038281,1,1,11
"04","unit_097","market_097",14,0.510446955251374,1,1,11
"04","unit_097","market_097",15,0.558979495862107,1,1,11
"04","unit_097","market_097",16,0.602296336063257,1,1,11
"04","unit_098","market_098",1,0.200184059249473,0,1,11
"04","unit_098","market_098",2,0.270362643162166,0,1,11
"04","unit_098","market_098",3,0.299567902547056,0,1,11
"04","unit_098","market_098",4,0.299131180388354,0,1,11
"04","unit_098","market_098",5,0.352999644646407,0,1,11
"04","unit_098","market_098",6,0.256125053672181,0,1,11
"04","unit_098","market_098",7,0.357270005450666,0,1,11
"04","unit_098","market_098",8,0.373598118847973,0,1,11
"04","unit_098","market_098",9,0.273265249689704,0,1,11
"04","unit_098","market_098",10,0.451979106447134,0,1,11
"04","unit_098","market_098",11,0.701875317446776,1,1,11
"04","unit_098","market_098",12,0.703328715370741,1,1,11
"04","unit_098","market_098",13,0.85508997353694,1,1,11
"04","unit_098","market_098",14,0.85318473839906,1,1,11
"04","unit_098","market_098",15,0.815193474139061,1,1,11
"04","unit_098","market_098",16,0.901187465055285,1,1,11
"04","unit_099","market_099",1,-0.84169012225617,0,1,11
"04","unit_099","market_099",2,-0.8075077248455,0,1,11
"04","unit_099","market_099",3,-0.810573073211931,0,1,11
"04","unit_099","market_099",4,-0.704277616420796,0,1,11
"04","unit_099","market_099",5,-0.834130114314361,0,1,11
"04","unit_099","market_099",6,-0.711178293585922,0,1,11
"04","unit_099","market_099",7,-0.739615070513929,0,1,11
"04","unit_099","market_099",8,-0.743797333085237,0,1,11
"04","unit_099","market_099",9,-0.708768225605221,0,1,11
"04","unit_099","market_099",10,-0.536824203790301,0,1,11
"04","unit_099","market_099",11,-0.274644622401594,1,1,11
"04","unit_099","market_099",12,-0.246505876010009,1,1,11
"04","unit_099","market_099",13,-0.170069388927449,1,1,11
"04","unit_099","market_099",14,-0.0450268820212245,1,1,11
"04","unit_099","market_099",15,-0.106480631027733,1,1,11
"04","unit_099","market_099",16,-0.124137620301228,1,1,11
"04","unit_100","market_100",1,0.077835317000035,0,1,11
"04","unit_100","market_100",2,0.063976602634343,0,1,11
"04","unit_100","market_100",3,0.190252321503069,0,1,11
"04","unit_100","market_100",4,0.229276890061851,0,1,11
"04","unit_100","market_100",5,0.133026931214556,0,1,11
"04","unit_100","market_100",6,0.226229805560089,0,1,11
"04","unit_100","market_100",7,0.200657308093722,0,1,11
"04","unit_100","market_100",8,0.275010778519957,0,1,11
"04","unit_100","market_100",9,0.181897903779787,0,1,11
"04","unit_100","market_100",10,0.354473976460918,0,1,11
"04","unit_100","market_100",11,0.621901359181612,1,1,11
"04","unit_100","market_100",12,0.736514356019553,1,1,11
"04","unit_100","market_100",13,0.769271637516549,1,1,11
"04","unit_100","market_100",14,0.866335911876245,1,1,11
"04","unit_100","market_100",15,0.721851347789794,1,1,11
"04","unit_100","market_100",16,0.856867443645624,1,1,11
"04","unit_101","market_101",1,-0.377694552041138,0,1,11
"04","unit_101","market_101",2,-0.323068940539811,0,1,11
"04","unit_101","market_101",3,-0.160767412287196,0,1,11
"04","unit_101","market_101",4,-0.12040924592136,0,1,11
"04","unit_101","market_101",5,-0.111388834793136,0,1,11
"04","unit_101","market_101",6,-0.208474439407966,0,1,11
"04","unit_101","market_101",7,-0.273879648904253,0,1,11
"04","unit_101","market_101",8,-0.158278001828958,0,1,11
"04","unit_101","market_101",9,-0.136944063471795,0,1,11
"04","unit_101","market_101",10,0.0208373753702596,0,1,11
"04","unit_101","market_101",11,0.200296917158039,1,1,11
"04","unit_101","market_101",12,0.232235281788251,1,1,11
"04","unit_101","market_101",13,0.424615475544798,1,1,11
"04","unit_101","market_101",14,0.409023209446899,1,1,11
"04","unit_101","market_101",15,0.514632249934379,1,1,11
"04","unit_101","market_101",16,0.367465174684679,1,1,11
"04","unit_102","market_102",1,-0.292490296395135,0,1,11
"04","unit_102","market_102",2,-0.260242201885566,0,1,11
"04","unit_102","market_102",3,-0.178076727372466,0,1,11
"04","unit_102","market_102",4,-0.1244292232444,0,1,11
"04","unit_102","market_102",5,-0.142914451277565,0,1,11
"04","unit_102","market_102",6,-0.0402990789456056,0,1,11
"04","unit_102","market_102",7,-0.136555014779092,0,1,11
"04","unit_102","market_102",8,-0.185685640512749,0,1,11
"04","unit_102","market_102",9,-0.0938317657003113,0,1,11
"04","unit_102","market_102",10,-0.0148047816254269,0,1,11
"04","unit_102","market_102",11,0.30727414768505,1,1,11
"04","unit_102","market_102",12,0.337857283664403,1,1,11
"04","unit_102","market_102",13,0.372661892232213,1,1,11
"04","unit_102","market_102",14,0.416637230773187,1,1,11
"04","unit_102","market_102",15,0.473766295004767,1,1,11
"04","unit_102","market_102",16,0.549466710625339,1,1,11
"04","unit_103","market_103",1,0.66494311048303,0,1,11
"04","unit_103","market_103",2,0.684417767561684,0,1,11
"04","unit_103","market_103",3,0.831196833033539,0,1,11
"04","unit_103","market_103",4,0.833984048137713,0,1,11
"04","unit_103","market_103",5,0.880222410990546,0,1,11
"04","unit_103","market_103",6,0.816477187733363,0,1,11
"04","unit_103","market_103",7,0.750251068805784,0,1,11
"04","unit_103","market_103",8,0.867397326033864,0,1,11
"04","unit_103","market_103",9,0.969578274184903,0,1,11
"04","unit_103","market_103",10,0.829765937510393,0,1,11
"04","unit_103","market_103",11,1.15915845720041,1,1,11
"04","unit_103","market_103",12,1.27165101520362,1,1,11
"04","unit_103","market_103",13,1.33447891856994,1,1,11
"04","unit_103","market_103",14,1.33845801668268,1,1,11
"04","unit_103","market_103",15,1.49735992297776,1,1,11
"04","unit_103","market_103",16,1.41133179753867,1,1,11
"04","unit_104","market_104",1,-0.37318957288716,0,1,11
"04","unit_104","market_104",2,-0.169180886280181,0,1,11
"04","unit_104","market_104",3,-0.17781583155447,0,1,11
"04","unit_104","market_104",4,-0.0598293172567923,0,1,11
"04","unit_104","market_104",5,-0.110763691271386,0,1,11
"04","unit_104","market_104",6,-0.248507261028451,0,1,11
"04","unit_104","market_104",7,-0.165246696763897,0,1,11
"04","unit_104","market_104",8,-0.15594160266764,0,1,11
"04","unit_104","market_104",9,-0.0441824675912566,0,1,11
"04","unit_104","market_104",10,0.0229308821942026,0,1,11
"04","unit_104","market_104",11,0.351338358042779,1,1,11
"04","unit_104","market_104",12,0.31041434172742,1,1,11
"04","unit_104","market_104",13,0.353525891993346,1,1,11
"04","unit_104","market_104",14,0.424269070107724,1,1,11
"04","unit_104","market_104",15,0.478362384680659,1,1,11
"04","unit_104","market_104",16,0.551398643608426,1,1,11
"04","unit_105","market_105",1,-0.422108393114798,0,1,11
"04","unit_105","market_105",2,-0.299165554545266,0,1,11
"04","unit_105","market_105",3,-0.403822253660174,0,1,11
"04","unit_105","market_105",4,-0.302187133389909,0,1,11
"04","unit_105","market_105",5,-0.252541827697453,0,1,11
"04","unit_105","market_105",6,-0.278459861093352,0,1,11
"04","unit_105","market_105",7,-0.218788498125223,0,1,11
"04","unit_105","market_105",8,-0.258792684959986,0,1,11
"04","unit_105","market_105",9,-0.269566551956466,0,1,11
"04","unit_105","market_105",10,-0.238872905406745,0,1,11
"04","unit_105","market_105",11,0.143021217268532,1,1,11
"04","unit_105","market_105",12,0.152432059779085,1,1,11
"04","unit_105","market_105",13,0.329015452553724,1,1,11
"04","unit_105","market_105",14,0.344965675950625,1,1,11
"04","unit_105","market_105",15,0.406192647746284,1,1,11
"04","unit_105","market_105",16,0.355155090722189,1,1,11
"04","unit_106","market_106",1,0.547731981883334,0,1,11
"04","unit_106","market_106",2,0.688937145595884,0,1,11
"04","unit_106","market_106",3,0.81488729783651,0,1,11
"04","unit_106","market_106",4,0.74790708846253,0,1,11
"04","unit_106","market_106",5,0.774870944984622,0,1,11
"04","unit_106","market_106",6,0.831664275521394,0,1,11
"04","unit_106","market_106",7,0.801042132302183,0,1,11
"04","unit_106","market_106",8,0.814713630355029,0,1,11
"04","unit_106","market_106",9,0.76949728259216,0,1,11
"04","unit_106","market_106",10,0.915502025999814,0,1,11
"04","unit_106","market_106",11,1.15581002948684,1,1,11
"04","unit_106","market_106",12,1.26876013800911,1,1,11
"04","unit_106","market_106",13,1.45071469244779,1,1,11
"04","unit_106","market_106",14,1.30777683973526,1,1,11
"04","unit_106","market_106",15,1.4109148495789,1,1,11
"04","unit_106","market_106",16,1.39404439522814,1,1,11
"04","unit_107","market_107",1,0.0197283399646288,0,1,11
"04","unit_107","market_107",2,-0.0101929458922733,0,1,11
"04","unit_107","market_107",3,0.0307845687904239,0,1,11
"04","unit_107","market_107",4,0.0649231054149892,0,1,11
"04","unit_107","market_107",5,0.0969018500820576,0,1,11
"04","unit_107","market_107",6,0.141158441134056,0,1,11
"04","unit_107","market_107",7,0.16077587705884,0,1,11
"04","unit_107","market_107",8,0.138231103135344,0,1,11
"04","unit_107","market_107",9,0.199922225686058,0,1,11
"04","unit_107","market_107",10,0.168724146157233,0,1,11
"04","unit_107","market_107",11,0.53177432887558,1,1,11
"04","unit_107","market_107",12,0.624565725940774,1,1,11
"04","unit_107","market_107",13,0.620067973365022,1,1,11
"04","unit_107","market_107",14,0.714362927422794,1,1,11
"04","unit_107","market_107",15,0.644721080486602,1,1,11
"04","unit_107","market_107",16,0.699814132602184,1,1,11
"04","unit_108","market_108",1,-0.562179845041257,0,1,11
"04","unit_108","market_108",2,-0.492820856075154,0,1,11
"04","unit_108","market_108",3,-0.344162118859227,0,1,11
"04","unit_108","market_108",4,-0.374687468507062,0,1,11
"04","unit_108","market_108",5,-0.385995299483134,0,1,11
"04","unit_108","market_108",6,-0.325360073025764,0,1,11
"04","unit_108","market_108",7,-0.339908925694294,0,1,11
"04","unit_108","market_108",8,-0.395893840887896,0,1,11
"04","unit_108","market_108",9,-0.21129367014262,0,1,11
"04","unit_108","market_108",10,-0.273209118590941,0,1,11
"04","unit_108","market_108",11,0.033825976123495,1,1,11
"04","unit_108","market_108",12,0.163048015751215,1,1,11
"04","unit_108","market_108",13,0.0928179222664243,1,1,11
"04","unit_108","market_108",14,0.171391411162686,1,1,11
"04","unit_108","market_108",15,0.228715849127704,1,1,11
"04","unit_108","market_108",16,0.227747086371634,1,1,11
"04","unit_109","market_109",1,-0.0350451333381177,0,1,11
"04","unit_109","market_109",2,0.0592495416491136,0,1,11
"04","unit_109","market_109",3,0.0252387420336073,0,1,11
"04","unit_109","market_109",4,0.064438516514003,0,1,11
"04","unit_109","market_109",5,0.0606303577641316,0,1,11
"04","unit_109","market_109",6,0.10848021387283,0,1,11
"04","unit_109","market_109",7,0.0330668226588892,0,1,11
"04","unit_109","market_109",8,0.176650759746122,0,1,11
"04","unit_109","market_109",9,0.157043950550096,0,1,11
"04","unit_109","market_109",10,0.298956425605633,0,1,11
"04","unit_109","market_109",11,0.51664217582194,1,1,11
"04","unit_109","market_109",12,0.65410872532525,1,1,11
"04","unit_109","market_109",13,0.682090960726143,1,1,11
"04","unit_109","market_109",14,0.718225205477908,1,1,11
"04","unit_109","market_109",15,0.683899016633819,1,1,11
"04","unit_109","market_109",16,0.742211958529864,1,1,11
"04","unit_110","market_110",1,0.0819342875983207,0,1,11
"04","unit_110","market_110",2,0.0670669872561898,0,1,11
"04","unit_110","market_110",3,0.191043072103937,0,1,11
"04","unit_110","market_110",4,0.271708173870026,0,1,11
"04","unit_110","market_110",5,0.253120042454065,0,1,11
"04","unit_110","market_110",6,0.205311326043205,0,1,11
"04","unit_110","market_110",7,0.232954627965925,0,1,11
"04","unit_110","market_110",8,0.20475435807513,0,1,11
"04","unit_110","market_110",9,0.387490454297276,0,1,11
"04","unit_110","market_110",10,0.391049377986056,0,1,11
"04","unit_110","market_110",11,0.627001336996003,1,1,11
"04","unit_110","market_110",12,0.748836974983045,1,1,11
"04","unit_110","market_110",13,0.867119103672071,1,1,11
"04","unit_110","market_110",14,0.765957347846424,1,1,11
"04","unit_110","market_110",15,0.858550358814056,1,1,11
"04","unit_110","market_110",16,0.871145229349693,1,1,11
"04","unit_111","market_111",1,0.0930127354841211,0,1,11
"04","unit_111","market_111",2,0.19774798605311,0,1,11
"04","unit_111","market_111",3,0.317041864773881,0,1,11
"04","unit_111","market_111",4,0.352969664295831,0,1,11
"04","unit_111","market_111",5,0.337649710650872,0,1,11
"04","unit_111","market_111",6,0.357128423422225,0,1,11
"04","unit_111","market_111",7,0.450694755978928,0,1,11
"04","unit_111","market_111",8,0.332217179505402,0,1,11
"04","unit_111","market_111",9,0.340343706718843,0,1,11
"04","unit_111","market_111",10,0.401704894405403,0,1,11
"04","unit_111","market_111",11,0.813894873205923,1,1,11
"04","unit_111","market_111",12,0.824914449252841,1,1,11
"04","unit_111","market_111",13,0.867192542363899,1,1,11
"04","unit_111","market_111",14,0.93927244580537,1,1,11
"04","unit_111","market_111",15,0.887449209556321,1,1,11
"04","unit_111","market_111",16,0.87575233145737,1,1,11
"04","unit_112","market_112",1,0.157647497454102,0,1,11
"04","unit_112","market_112",2,0.0591757143247514,0,1,11
"04","unit_112","market_112",3,0.176740955002626,0,1,11
"04","unit_112","market_112",4,0.210109952878172,0,1,11
"04","unit_112","market_112",5,0.197097157802234,0,1,11
"04","unit_112","market_112",6,0.234683747857169,0,1,11
"04","unit_112","market_112",7,0.198220747981442,0,1,11
"04","unit_112","market_112",8,0.287172787864419,0,1,11
"04","unit_112","market_112",9,0.282055398573699,0,1,11
"04","unit_112","market_112",10,0.3709325471682,0,1,11
"04","unit_112","market_112",11,0.727897864994283,1,1,11
"04","unit_112","market_112",12,0.785707347157085,1,1,11
"04","unit_112","market_112",13,0.754976008709,1,1,11
"04","unit_112","market_112",14,0.783647040797078,1,1,11
"04","unit_112","market_112",15,0.863003401251056,1,1,11
"04","unit_112","market_112",16,0.862138939923104,1,1,11
"04","unit_113","market_113",1,0.0191155917510601,0,1,11
"04","unit_113","market_113",2,0.119875825014047,0,1,11
"04","unit_113","market_113",3,0.150644664524632,0,1,11
"04","unit_113","market_113",4,0.291244178344226,0,1,11
"04","unit_113","market_113",5,0.165978042790447,0,1,11
"04","unit_113","market_113",6,0.156071805453363,0,1,11
"04","unit_113","market_113",7,0.19896160507274,0,1,11
"04","unit_113","market_113",8,0.248039742123125,0,1,11
"04","unit_113","market_113",9,0.29967010647642,0,1,11
"04","unit_113","market_113",10,0.325701947584319,0,1,11
"04","unit_113","market_113",11,0.687885107506793,1,1,11
"04","unit_113","market_113",12,0.773766252855169,1,1,11
"04","unit_113","market_113",13,0.721226704188803,1,1,11
"04","unit_113","market_113",14,0.827613216875547,1,1,11
"04","unit_113","market_113",15,0.802441251706682,1,1,11
"04","unit_113","market_113",16,0.775592777500543,1,1,11
"04","unit_114","market_114",1,-0.170461662033561,0,1,11
"04","unit_114","market_114",2,-0.153080786431693,0,1,11
"04","unit_114","market_114",3,-0.0347362613301929,0,1,11
"04","unit_114","market_114",4,-0.05349737626124,0,1,11
"04","unit_114","market_114",5,-0.048017380385456,0,1,11
"04","unit_114","market_114",6,-0.0532500497479394,0,1,11
"04","unit_114","market_114",7,-0.0437093163260688,0,1,11
"04","unit_114","market_114",8,-0.0816115024349496,0,1,11
"04","unit_114","market_114",9,0.0516480080918381,0,1,11
"04","unit_114","market_114",10,0.108042314706711,0,1,11
"04","unit_114","market_114",11,0.429566744987365,1,1,11
"04","unit_114","market_114",12,0.482031294949887,1,1,11
"04","unit_114","market_114",13,0.530952642527576,1,1,11
"04","unit_114","market_114",14,0.544359442215801,1,1,11
"04","unit_114","market_114",15,0.573690588058597,1,1,11
"04","unit_114","market_114",16,0.601939649946746,1,1,11
"04","unit_115","market_115",1,-0.184736928442856,0,1,11
"04","unit_115","market_115",2,-0.14065503409995,0,1,11
"04","unit_115","market_115",3,-0.0426384098590534,0,1,11
"04","unit_115","market_115",4,-0.0869456634722904,0,1,11
"04","unit_115","market_115",5,-0.0830762501042134,0,1,11
"04","unit_115","market_115",6,-0.0240637981490112,0,1,11
"04","unit_115","market_115",7,-0.0594420990720325,0,1,11
"04","unit_115","market_115",8,-0.00204878387759826,0,1,11
"04","unit_115","market_115",9,0.00952852900173808,0,1,11
"04","unit_115","market_115",10,0.136468222549844,0,1,11
"04","unit_115","market_115",11,0.303435014680235,1,1,11
"04","unit_115","market_115",12,0.432850968861952,1,1,11
"04","unit_115","market_115",13,0.508706364967541,1,1,11
"04","unit_115","market_115",14,0.459272171366056,1,1,11
"04","unit_115","market_115",15,0.626283425173298,1,1,11
"04","unit_115","market_115",16,0.483810001649159,1,1,11
"04","unit_116","market_116",1,0.101174744956999,0,1,11
"04","unit_116","market_116",2,0.146367086821276,0,1,11
"04","unit_116","market_116",3,0.127099446595342,0,1,11
"04","unit_116","market_116",4,0.190299833704905,0,1,11
"04","unit_116","market_116",5,0.121197910324916,0,1,11
"04","unit_116","market_116",6,0.191960475986233,0,1,11
"04","unit_116","market_116",7,0.246499027382964,0,1,11
"04","unit_116","market_116",8,0.317217890541661,0,1,11
"04","unit_116","market_116",9,0.273352543995479,0,1,11
"04","unit_116","market_116",10,0.247979011968469,0,1,11
"04","unit_116","market_116",11,0.555127081700521,1,1,11
"04","unit_116","market_116",12,0.620593027607519,1,1,11
"04","unit_116","market_116",13,0.704174195654349,1,1,11
"04","unit_116","market_116",14,0.816801669093355,1,1,11
"04","unit_116","market_116",15,0.734797155699758,1,1,11
"04","unit_116","market_116",16,0.870691841730973,1,1,11
"04","unit_117","market_117",1,-0.00504786744395227,0,1,11
"04","unit_117","market_117",2,0.0205305748986015,0,1,11
"04","unit_117","market_117",3,0.0749512673693595,0,1,11
"04","unit_117","market_117",4,0.126144416400984,0,1,11
"04","unit_117","market_117",5,0.0306235723176491,0,1,11
"04","unit_117","market_117",6,0.112176243960241,0,1,11
"04","unit_117","market_117",7,0.180117963219271,0,1,11
"04","unit_117","market_117",8,0.106319827273837,0,1,11
"04","unit_117","market_117",9,0.173039649993814,0,1,11
"04","unit_117","market_117",10,0.28226243108932,0,1,11
"04","unit_117","market_117",11,0.505918010337026,1,1,11
"04","unit_117","market_117",12,0.642832945284778,1,1,11
"04","unit_117","market_117",13,0.639663046663522,1,1,11
"04","unit_117","market_117",14,0.681496357346779,1,1,11
"04","unit_117","market_117",15,0.671965971588364,1,1,11
"04","unit_117","market_117",16,0.845707158007699,1,1,11
"04","unit_118","market_118",1,-0.280734215926713,0,1,11
"04","unit_118","market_118",2,-0.150344988325116,0,1,11
"04","unit_118","market_118",3,-0.204443976733872,0,1,11
"04","unit_118","market_118",4,-0.174757680562947,0,1,11
"04","unit_118","market_118",5,-0.0245918795384955,0,1,11
"04","unit_118","market_118",6,-0.129191189777127,0,1,11
"04","unit_118","market_118",7,-0.145606748892943,0,1,11
"04","unit_118","market_118",8,-0.0777139434261253,0,1,11
"04","unit_118","market_118",9,-0.0587834615392527,0,1,11
"04","unit_118","market_118",10,-0.0315979269080761,0,1,11
"04","unit_118","market_118",11,0.240634857206243,1,1,11
"04","unit_118","market_118",12,0.434491915541981,1,1,11
"04","unit_118","market_118",13,0.444623075377083,1,1,11
"04","unit_118","market_118",14,0.527565873245361,1,1,11
"04","unit_118","market_118",15,0.549317831060408,1,1,11
"04","unit_118","market_118",16,0.500112500752679,1,1,11
"04","unit_119","market_119",1,0.363374527418173,0,1,11
"04","unit_119","market_119",2,0.376510405083507,0,1,11
"04","unit_119","market_119",3,0.493647182695548,0,1,11
"04","unit_119","market_119",4,0.443916684831672,0,1,11
"04","unit_119","market_119",5,0.542852860863048,0,1,11
"04","unit_119","market_119",6,0.570600348242404,0,1,11
"04","unit_119","market_119",7,0.592119788300314,0,1,11
"04","unit_119","market_119",8,0.517160312912957,0,1,11
"04","unit_119","market_119",9,0.518040472803891,0,1,11
"04","unit_119","market_119",10,0.678512504112757,0,1,11
"04","unit_119","market_119",11,0.963988976898469,1,1,11
"04","unit_119","market_119",12,1.01774934325935,1,1,11
"04","unit_119","market_119",13,1.06872520566653,1,1,11
"04","unit_119","market_119",14,1.05325417778778,1,1,11
"04","unit_119","market_119",15,1.21291621827285,1,1,11
"04","unit_119","market_119",16,1.15126964740066,1,1,11
"04","unit_120","market_120",1,0.248389544093995,0,1,11
"04","unit_120","market_120",2,0.303020392233911,0,1,11
"04","unit_120","market_120",3,0.327703319577441,0,1,11
"04","unit_120","market_120",4,0.363367415219327,0,1,11
"04","unit_120","market_120",5,0.372499335297829,0,1,11
"04","unit_120","market_120",6,0.360749564638551,0,1,11
"04","unit_120","market_120",7,0.44592697868642,0,1,11
"04","unit_120","market_120",8,0.362049876943671,0,1,11
"04","unit_120","market_120",9,0.496458993837182,0,1,11
"04","unit_120","market_120",10,0.490580595108748,0,1,11
"04","unit_120","market_120",11,0.83651415329127,1,1,11
"04","unit_120","market_120",12,0.856001639898587,1,1,11
"04","unit_120","market_120",13,0.87518864707315,1,1,11
"04","unit_120","market_120",14,0.933236979042661,1,1,11
"04","unit_120","market_120",15,0.983557797895897,1,1,11
"04","unit_120","market_120",16,0.966573898939103,1,1,11
"04","unit_121","market_121",1,-0.248440939065141,0,0,
"04","unit_121","market_121",2,-0.207318176481761,0,0,
"04","unit_121","market_121",3,-0.106648382269053,0,0,
"04","unit_121","market_121",4,-0.0811011465851436,0,0,
"04","unit_121","market_121",5,-0.197409058601784,0,0,
"04","unit_121","market_121",6,-0.0088149109707124,0,0,
"04","unit_121","market_121",7,-0.154214536383236,0,0,
"04","unit_121","market_121",8,-0.065495817284766,0,0,
"04","unit_121","market_121",9,-0.0904962952010792,0,0,
"04","unit_121","market_121",10,-0.0362190195157494,0,0,
"04","unit_121","market_121",11,-0.0202650808071341,0,0,
"04","unit_121","market_121",12,0.082305150930084,0,0,
"04","unit_121","market_121",13,0.150323876610418,0,0,
"04","unit_121","market_121",14,0.251793905880858,0,0,
"04","unit_121","market_121",15,0.284685446505417,0,0,
"04","unit_121","market_121",16,0.39149963873659,0,0,
"04","unit_122","market_122",1,-0.0700545571922737,0,0,
"04","unit_122","market_122",2,0.0994200092078831,0,0,
"04","unit_122","market_122",3,0.14675231293742,0,0,
"04","unit_122","market_122",4,0.0133322971455234,0,0,
"04","unit_122","market_122",5,0.0969495132375114,0,0,
"04","unit_122","market_122",6,0.0812551313439064,0,0,
"04","unit_122","market_122",7,0.113594311369771,0,0,
"04","unit_122","market_122",8,0.045063729098801,0,0,
"04","unit_122","market_122",9,0.188075126684837,0,0,
"04","unit_122","market_122",10,0.227029610245315,0,0,
"04","unit_122","market_122",11,0.306470864332706,0,0,
"04","unit_122","market_122",12,0.390252290839349,0,0,
"04","unit_122","market_122",13,0.488066064426493,0,0,
"04","unit_122","market_122",14,0.532992810377798,0,0,
"04","unit_122","market_122",15,0.579880599219323,0,0,
"04","unit_122","market_122",16,0.523110721415208,0,0,
"04","unit_123","market_123",1,0.495251923880579,0,0,
"04","unit_123","market_123",2,0.560897174855184,0,0,
"04","unit_123","market_123",3,0.519057741027418,0,0,
"04","unit_123","market_123",4,0.642698959339962,0,0,
"04","unit_123","market_123",5,0.559550457104828,0,0,
"04","unit_123","market_123",6,0.640187558355133,0,0,
"04","unit_123","market_123",7,0.581953338212129,0,0,
"04","unit_123","market_123",8,0.700954489096455,0,0,
"04","unit_123","market_123",9,0.588925757678049,0,0,
"04","unit_123","market_123",10,0.712263008408602,0,0,
"04","unit_123","market_123",11,0.791732010294013,0,0,
"04","unit_123","market_123",12,0.876325425067378,0,0,
"04","unit_123","market_123",13,0.950595571042873,0,0,
"04","unit_123","market_123",14,0.976321131940505,0,0,
"04","unit_123","market_123",15,1.01665553441578,0,0,
"04","unit_123","market_123",16,0.95404542732041,0,0,
"04","unit_124","market_124",1,0.112624703169014,0,0,
"04","unit_124","market_124",2,0.315759918335636,0,0,
"04","unit_124","market_124",3,0.351771787285679,0,0,
"04","unit_124","market_124",4,0.179152674715598,0,0,
"04","unit_124","market_124",5,0.334893932846918,0,0,
"04","unit_124","market_124",6,0.38140422403119,0,0,
"04","unit_124","market_124",7,0.343289864819169,0,0,
"04","unit_124","market_124",8,0.319655942681889,0,0,
"04","unit_124","market_124",9,0.42229115372476,0,0,
"04","unit_124","market_124",10,0.441030539147494,0,0,
"04","unit_124","market_124",11,0.482540075380273,0,0,
"04","unit_124","market_124",12,0.523059136891455,0,0,
"04","unit_124","market_124",13,0.624279750065259,0,0,
"04","unit_124","market_124",14,0.754763657112915,0,0,
"04","unit_124","market_124",15,0.747148608201933,0,0,
"04","unit_124","market_124",16,0.740693862301916,0,0,
"04","unit_125","market_125",1,0.592063310950513,0,0,
"04","unit_125","market_125",2,0.641888278511765,0,0,
"04","unit_125","market_125",3,0.7081872833524,0,0,
"04","unit_125","market_125",4,0.676912134871468,0,0,
"04","unit_125","market_125",5,0.640205802827318,0,0,
"04","unit_125","market_125",6,0.770440475559166,0,0,
"04","unit_125","market_125",7,0.681809357578507,0,0,
"04","unit_125","market_125",8,0.816323385106668,0,0,
"04","unit_125","market_125",9,0.640006134478433,0,0,
"04","unit_125","market_125",10,0.696364790948345,0,0,
"04","unit_125","market_125",11,0.90008635130942,0,0,
"04","unit_125","market_125",12,0.875650866580427,0,0,
"04","unit_125","market_125",13,0.934510124482681,0,0,
"04","unit_125","market_125",14,1.01729939048032,0,0,
"04","unit_125","market_125",15,1.04549660862534,0,0,
"04","unit_125","market_125",16,0.991687444098895,0,0,
"04","unit_126","market_126",1,0.38669891827937,0,0,
"04","unit_126","market_126",2,0.415183234953095,0,0,
"04","unit_126","market_126",3,0.471531510454336,0,0,
"04","unit_126","market_126",4,0.443658819413105,0,0,
"04","unit_126","market_126",5,0.449114957379108,0,0,
"04","unit_126","market_126",6,0.47822947905514,0,0,
"04","unit_126","market_126",7,0.4387536697588,0,0,
"04","unit_126","market_126",8,0.479834975057051,0,0,
"04","unit_126","market_126",9,0.5549684590198,0,0,
"04","unit_126","market_126",10,0.623917483782374,0,0,
"04","unit_126","market_126",11,0.56826889229273,0,0,
"04","unit_126","market_126",12,0.76310731395392,0,0,
"04","unit_126","market_126",13,0.639229701687183,0,0,
"04","unit_126","market_126",14,0.676162213587892,0,0,
"04","unit_126","market_126",15,0.88778256110432,0,0,
"04","unit_126","market_126",16,0.789193366977265,0,0,
"04","unit_127","market_127",1,-0.25141878219736,0,0,
"04","unit_127","market_127",2,-0.124204845205096,0,0,
"04","unit_127","market_127",3,-0.100253778347796,0,0,
"04","unit_127","market_127",4,-0.0095093319127636,0,0,
"04","unit_127","market_127",5,-0.069125245333849,0,0,
"04","unit_127","market_127",6,-0.0169526032437787,0,0,
"04","unit_127","market_127",7,-0.0611666751409943,0,0,
"04","unit_127","market_127",8,-0.0377717244370267,0,0,
"04","unit_127","market_127",9,-0.00324961189750769,0,0,
"04","unit_127","market_127",10,0.0116614147278262,0,0,
"04","unit_127","market_127",11,0.061841062740635,0,0,
"04","unit_127","market_127",12,0.211150200332728,0,0,
"04","unit_127","market_127",13,0.205932191077485,0,0,
"04","unit_127","market_127",14,0.309411130990683,0,0,
"04","unit_127","market_127",15,0.386051481057331,0,0,
"04","unit_127","market_127",16,0.398545492550263,0,0,
"04","unit_128","market_128",1,0.577963047425447,0,0,
"04","unit_128","market_128",2,0.687369962524042,0,0,
"04","unit_128","market_128",3,0.720775227140781,0,0,
"04","unit_128","market_128",4,0.623741234222746,0,0,
"04","unit_128","market_128",5,0.6799527319337,0,0,
"04","unit_128","market_128",6,0.721369790030362,0,0,
"04","unit_128","market_128",7,0.664838238256534,0,0,
"04","unit_128","market_128",8,0.701802594559613,0,0,
"04","unit_128","market_128",9,0.791177259565346,0,0,
"04","unit_128","market_128",10,0.868155384639265,0,0,
"04","unit_128","market_128",11,0.848790737680439,0,0,
"04","unit_128","market_128",12,0.915371581110867,0,0,
"04","unit_128","market_128",13,1.04621067979898,0,0,
"04","unit_128","market_128",14,1.07832957914014,0,0,
"04","unit_128","market_128",15,0.981802209670488,0,0,
"04","unit_128","market_128",16,1.09609821593077,0,0,
"04","unit_129","market_129",1,-0.989676605682361,0,0,
"04","unit_129","market_129",2,-0.909506135046589,0,0,
"04","unit_129","market_129",3,-0.835417851955598,0,0,
"04","unit_129","market_129",4,-0.842252607617793,0,0,
"04","unit_129","market_129",5,-0.906072785107418,0,0,
"04","unit_129","market_129",6,-0.86121368798845,0,0,
"04","unit_129","market_129",7,-0.787236258816749,0,0,
"04","unit_129","market_129",8,-0.860343628566447,0,0,
"04","unit_129","market_129",9,-0.770595312626167,0,0,
"04","unit_129","market_129",10,-0.651584609556332,0,0,
"04","unit_129","market_129",11,-0.613689271483418,0,0,
"04","unit_129","market_129",12,-0.585562882857688,0,0,
"04","unit_129","market_129",13,-0.614903888314247,0,0,
"04","unit_129","market_129",14,-0.492478121046854,0,0,
"04","unit_129","market_129",15,-0.454628957545935,0,0,
"04","unit_129","market_129",16,-0.45579133871079,0,0,
"04","unit_130","market_130",1,-0.669194527334592,0,0,
"04","unit_130","market_130",2,-0.573327119211505,0,0,
"04","unit_130","market_130",3,-0.504562497559647,0,0,
"04","unit_130","market_130",4,-0.559689808378492,0,0,
"04","unit_130","market_130",5,-0.486819114328103,0,0,
"04","unit_130","market_130",6,-0.466997294746793,0,0,
"04","unit_130","market_130",7,-0.490618737617427,0,0,
"04","unit_130","market_130",8,-0.602993159052362,0,0,
"04","unit_130","market_130",9,-0.41615735138079,0,0,
"04","unit_130","market_130",10,-0.43192169690642,0,0,
"04","unit_130","market_130",11,-0.315881075577755,0,0,
"04","unit_130","market_130",12,-0.303360492502484,0,0,
"04","unit_130","market_130",13,-0.236171087501927,0,0,
"04","unit_130","market_130",14,-0.164541134054174,0,0,
"04","unit_130","market_130",15,-0.0807226008552094,0,0,
"04","unit_130","market_130",16,-0.0924976183590473,0,0,
"04","unit_131","market_131",1,0.228390215610797,0,0,
"04","unit_131","market_131",2,0.139282426454354,0,0,
"04","unit_131","market_131",3,0.337897210238607,0,0,
"04","unit_131","market_131",4,0.26461977017741,0,0,
"04","unit_131","market_131",5,0.268573588863846,0,0,
"04","unit_131","market_131",6,0.252952005851152,0,0,
"04","unit_131","market_131",7,0.261281066537062,0,0,
"04","unit_131","market_131",8,0.304205411848329,0,0,
"04","unit_131","market_131",9,0.380882551925158,0,0,
"04","unit_131","market_131",10,0.416825665087212,0,0,
"04","unit_131","market_131",11,0.493090726973829,0,0,
"04","unit_131","market_131",12,0.636201900986636,0,0,
"04","unit_131","market_131",13,0.654981841634543,0,0,
"04","unit_131","market_131",14,0.758048150828744,0,0,
"04","unit_131","market_131",15,0.679307951228282,0,0,
"04","unit_131","market_131",16,0.715432055825851,0,0,
"04","unit_132","market_132",1,0.687133804243888,0,0,
"04","unit_132","market_132",2,0.690753184750807,0,0,
"04","unit_132","market_132",3,0.805024358986006,0,0,
"04","unit_132","market_132",4,0.771077186847894,0,0,
"04","unit_132","market_132",5,0.830489689817028,0,0,
"04","unit_132","market_132",6,0.884789054766008,0,0,
"04","unit_132","market_132",7,0.793317550846719,0,0,
"04","unit_132","market_132",8,0.924676461191179,0,0,
"04","unit_132","market_132",9,0.861331884622463,0,0,
"04","unit_132","market_132",10,0.853910447429565,0,0,
"04","unit_132","market_132",11,1.06216933832901,0,0,
"04","unit_132","market_132",12,1.21540819959882,0,0,
"04","unit_132","market_132",13,1.06179510451209,0,0,
"04","unit_132","market_132",14,1.31266426933224,0,0,
"04","unit_132","market_132",15,1.24780020431367,0,0,
"04","unit_132","market_132",16,1.23174779288333,0,0,
"04","unit_133","market_133",1,-0.156381612527859,0,0,
"04","unit_133","market_133",2,-0.152507700761503,0,0,
"04","unit_133","market_133",3,-0.219966200427692,0,0,
"04","unit_133","market_133",4,-0.079824620029627,0,0,
"04","unit_133","market_133",5,-0.0595193144623177,0,0,
"04","unit_133","market_133",6,-0.070515693445147,0,0,
"04","unit_133","market_133",7,-0.0707156662013587,0,0,
"04","unit_133","market_133",8,-0.0858048093485842,0,0,
"04","unit_133","market_133",9,-0.0435818845617195,0,0,
"04","unit_133","market_133",10,0.0670449893344488,0,0,
"04","unit_133","market_133",11,0.0999528067791402,0,0,
"04","unit_133","market_133",12,0.130076720160449,0,0,
"04","unit_133","market_133",13,0.285245224288289,0,0,
"04","unit_133","market_133",14,0.301591975416594,0,0,
"04","unit_133","market_133",15,0.25655886897397,0,0,
"04","unit_133","market_133",16,0.277963161598579,0,0,
"04","unit_134","market_134",1,0.45643090382311,0,0,
"04","unit_134","market_134",2,0.572051116064742,0,0,
"04","unit_134","market_134",3,0.607911705199232,0,0,
"04","unit_134","market_134",4,0.571797142576506,0,0,
"04","unit_134","market_134",5,0.664675122270194,0,0,
"04","unit_134","market_134",6,0.595228533738298,0,0,
"04","unit_134","market_134",7,0.636876772369792,0,0,
"04","unit_134","market_134",8,0.63909975787684,0,0,
"04","unit_134","market_134",9,0.694676574284358,0,0,
"04","unit_134","market_134",10,0.734505979854735,0,0,
"04","unit_134","market_134",11,0.778039590992737,0,0,
"04","unit_134","market_134",12,0.754879035424194,0,0,
"04","unit_134","market_134",13,0.892485866147007,0,0,
"04","unit_134","market_134",14,0.870704230130133,0,0,
"04","unit_134","market_134",15,0.998446556910433,0,0,
"04","unit_134","market_134",16,0.965415173968088,0,0,
"04","unit_135","market_135",1,0.950383719642926,0,0,
"04","unit_135","market_135",2,1.00209071729526,0,0,
"04","unit_135","market_135",3,0.975400304288656,0,0,
"04","unit_135","market_135",4,1.09451782382252,0,0,
"04","unit_135","market_135",5,1.06085433481118,0,0,
"04","unit_135","market_135",6,1.06498662934206,0,0,
"04","unit_135","market_135",7,1.11147258309446,0,0,
"04","unit_135","market_135",8,1.09251750138605,0,0,
"04","unit_135","market_135",9,1.13056044666222,0,0,
"04","unit_135","market_135",10,1.18507356088956,0,0,
"04","unit_135","market_135",11,1.21023048105555,0,0,
"04","unit_135","market_135",12,1.29406133309428,0,0,
"04","unit_135","market_135",13,1.30992687003609,0,0,
"04","unit_135","market_135",14,1.44056849664329,0,0,
"04","unit_135","market_135",15,1.45373464831978,0,0,
"04","unit_135","market_135",16,1.56514481662352,0,0,
"04","unit_136","market_136",1,-0.534363390880564,0,0,
"04","unit_136","market_136",2,-0.38072836393558,0,0,
"04","unit_136","market_136",3,-0.312655540308062,0,0,
"04","unit_136","market_136",4,-0.369439712766819,0,0,
"04","unit_136","market_136",5,-0.41165357175426,0,0,
"04","unit_136","market_136",6,-0.408861022264312,0,0,
"04","unit_136","market_136",7,-0.313198674898791,0,0,
"04","unit_136","market_136",8,-0.335627465872498,0,0,
"04","unit_136","market_136",9,-0.303034328520663,0,0,
"04","unit_136","market_136",10,-0.222700082133381,0,0,
"04","unit_136","market_136",11,-0.184929094545759,0,0,
"04","unit_136","market_136",12,-0.146695192252961,0,0,
"04","unit_136","market_136",13,-0.0368238493919543,0,0,
"04","unit_136","market_136",14,0.0720340660270031,0,0,
"04","unit_136","market_136",15,0.0181499960638875,0,0,
"04","unit_136","market_136",16,0.0145924614313574,0,0,
"04","unit_137","market_137",1,-0.198501403799665,0,0,
"04","unit_137","market_137",2,-0.205864105729063,0,0,
"04","unit_137","market_137",3,-0.0267039274986084,0,0,
"04","unit_137","market_137",4,-0.133114896676729,0,0,
"04","unit_137","market_137",5,-0.143790754380533,0,0,
"04","unit_137","market_137",6,0.0432365953667784,0,0,
"04","unit_137","market_137",7,-0.189996129209171,0,0,
"04","unit_137","market_137",8,0.0383545747693228,0,0,
"04","unit_137","market_137",9,-0.0464704353333143,0,0,
"04","unit_137","market_137",10,0.0028475617268184,0,0,
"04","unit_137","market_137",11,0.0986473774735597,0,0,
"04","unit_137","market_137",12,0.174066688425876,0,0,
"04","unit_137","market_137",13,0.211555184137162,0,0,
"04","unit_137","market_137",14,0.166328232754844,0,0,
"04","unit_137","market_137",15,0.303199909446076,0,0,
"04","unit_137","market_137",16,0.303620681785389,0,0,
"04","unit_138","market_138",1,-0.0572373045895165,0,0,
"04","unit_138","market_138",2,-0.14106346163445,0,0,
"04","unit_138","market_138",3,-0.15419746539041,0,0,
"04","unit_138","market_138",4,-0.0690077370284727,0,0,
"04","unit_138","market_138",5,0.0294517714085281,0,0,
"04","unit_138","market_138",6,0.00403390945567077,0,0,
"04","unit_138","market_138",7,0.00209503113615205,0,0,
"04","unit_138","market_138",8,-0.0902537209058815,0,0,
"04","unit_138","market_138",9,0.0616145788688008,0,0,
"04","unit_138","market_138",10,0.104647217165955,0,0,
"04","unit_138","market_138",11,0.121912086343533,0,0,
"04","unit_138","market_138",12,0.140171509994259,0,0,
"04","unit_138","market_138",13,0.261472218073838,0,0,
"04","unit_138","market_138",14,0.34512663430084,0,0,
"04","unit_138","market_138",15,0.414466932292143,0,0,
"04","unit_138","market_138",16,0.318334084674253,0,0,
"04","unit_139","market_139",1,-0.0703178342885134,0,0,
"04","unit_139","market_139",2,0.0707510584535936,0,0,
"04","unit_139","market_139",3,0.0103380616579974,0,0,
"04","unit_139","market_139",4,0.116420302741238,0,0,
"04","unit_139","market_139",5,0.203653651586769,0,0,
"04","unit_139","market_139",6,0.207939057342312,0,0,
"04","unit_139","market_139",7,0.267527850920447,0,0,
"04","unit_139","market_139",8,0.181549315126905,0,0,
"04","unit_139","market_139",9,0.192484110872571,0,0,
"04","unit_139","market_139",10,0.205906941404233,0,0,
"04","unit_139","market_139",11,0.297258260737823,0,0,
"04","unit_139","market_139",12,0.407189835982665,0,0,
"04","unit_139","market_139",13,0.458624575773004,0,0,
"04","unit_139","market_139",14,0.468099582425736,0,0,
"04","unit_139","market_139",15,0.574416959159902,0,0,
"04","unit_139","market_139",16,0.585646400903462,0,0,
"04","unit_140","market_140",1,0.756063607533441,0,0,
"04","unit_140","market_140",2,0.892300104859346,0,0,
"04","unit_140","market_140",3,0.822901149976205,0,0,
"04","unit_140","market_140",4,0.910061774062005,0,0,
"04","unit_140","market_140",5,0.939705207096827,0,0,
"04","unit_140","market_140",6,0.946146390442184,0,0,
"04","unit_140","market_140",7,0.893013754249315,0,0,
"04","unit_140","market_140",8,0.956155917113317,0,0,
"04","unit_140","market_140",9,0.949212050031813,0,0,
"04","unit_140","market_140",10,1.04651738031508,0,0,
"04","unit_140","market_140",11,1.15114043807133,0,0,
"04","unit_140","market_140",12,1.160086605996,0,0,
"04","unit_140","market_140",13,1.24683590583367,0,0,
"04","unit_140","market_140",14,1.32455898397349,0,0,
"04","unit_140","market_140",15,1.18613450995746,0,0,
"04","unit_140","market_140",16,1.26811933247647,0,0,
"04","unit_141","market_141",1,0.361561715560854,0,0,
"04","unit_141","market_141",2,0.376714208643244,0,0,
"04","unit_141","market_141",3,0.399645421140786,0,0,
"04","unit_141","market_141",4,0.472313168967828,0,0,
"04","unit_141","market_141",5,0.44693305924685,0,0,
"04","unit_141","market_141",6,0.474026044893131,0,0,
"04","unit_141","market_141",7,0.523935574153406,0,0,
"04","unit_141","market_141",8,0.437195801088041,0,0,
"04","unit_141","market_141",9,0.515148572870501,0,0,
"04","unit_141","market_141",10,0.601345291288534,0,0,
"04","unit_141","market_141",11,0.727088630192199,0,0,
"04","unit_141","market_141",12,0.680881530654769,0,0,
"04","unit_141","market_141",13,0.730539313056361,0,0,
"04","unit_141","market_141",14,0.863644241437408,0,0,
"04","unit_141","market_141",15,0.882655093062477,0,0,
"04","unit_141","market_141",16,0.860939667364524,0,0,
"04","unit_142","market_142",1,0.213709293310482,0,0,
"04","unit_142","market_142",2,0.264992605877567,0,0,
"04","unit_142","market_142",3,0.346559881770142,0,0,
"04","unit_142","market_142",4,0.391845571126124,0,0,
"04","unit_142","market_142",5,0.374178408433751,0,0,
"04","unit_142","market_142",6,0.300705434498297,0,0,
"04","unit_142","market_142",7,0.290706585318695,0,0,
"04","unit_142","market_142",8,0.443389194341048,0,0,
"04","unit_142","market_142",9,0.453760074421608,0,0,
"04","unit_142","market_142",10,0.415277589423167,0,0,
"04","unit_142","market_142",11,0.531986135794516,0,0,
"04","unit_142","market_142",12,0.558759450543245,0,0,
"04","unit_142","market_142",13,0.659417816518198,0,0,
"04","unit_142","market_142",14,0.733011583368076,0,0,
"04","unit_142","market_142",15,0.741037108893385,0,0,
"04","unit_142","market_142",16,0.69601704891968,0,0,
"04","unit_143","market_143",1,-0.156385116168973,0,0,
"04","unit_143","market_143",2,-0.26860019887548,0,0,
"04","unit_143","market_143",3,-0.153643180534194,0,0,
"04","unit_143","market_143",4,0.0146080394370755,0,0,
"04","unit_143","market_143",5,-0.0111142947979876,0,0,
"04","unit_143","market_143",6,-0.134117833187782,0,0,
"04","unit_143","market_143",7,-0.0640111471148499,0,0,
"04","unit_143","market_143",8,-0.113156397312627,0,0,
"04","unit_143","market_143",9,0.030082096896738,0,0,
"04","unit_143","market_143",10,0.0768448306947475,0,0,
"04","unit_143","market_143",11,0.121170834129801,0,0,
"04","unit_143","market_143",12,0.206586850037225,0,0,
"04","unit_143","market_143",13,0.108156524241728,0,0,
"04","unit_143","market_143",14,0.229644124799869,0,0,
"04","unit_143","market_143",15,0.302257084492425,0,0,
"04","unit_143","market_143",16,0.416343364229683,0,0,
"04","unit_144","market_144",1,-0.144742936014539,0,0,
"04","unit_144","market_144",2,-0.125591855647252,0,0,
"04","unit_144","market_144",3,-0.0305962101707751,0,0,
"04","unit_144","market_144",4,-0.0336450268100156,0,0,
"04","unit_144","market_144",5,-0.12679738289061,0,0,
"04","unit_144","market_144",6,-0.0113754668911688,0,0,
"04","unit_144","market_144",7,-0.021667206811774,0,0,
"04","unit_144","market_144",8,-0.077497928988768,0,0,
"04","unit_144","market_144",9,0.0956152805071694,0,0,
"04","unit_144","market_144",10,-0.0121502763008813,0,0,
"04","unit_144","market_144",11,0.106727727376712,0,0,
"04","unit_144","market_144",12,0.162784031843036,0,0,
"04","unit_144","market_144",13,0.240193856008515,0,0,
"04","unit_144","market_144",14,0.375437159866413,0,0,
"04","unit_144","market_144",15,0.318726890995816,0,0,
"04","unit_144","market_144",16,0.403969879341313,0,0,
"04","unit_145","market_145",1,0.946094101734672,0,0,
"04","unit_145","market_145",2,0.920694275205127,0,0,
"04","unit_145","market_145",3,0.804468658002405,0,0,
"04","unit_145","market_145",4,1.04444417747698,0,0,
"04","unit_145","market_145",5,0.977557804227241,0,0,
"04","unit_145","market_145",6,1.0057349401383,0,0,
"04","unit_145","market_145",7,0.982225663749295,0,0,
"04","unit_145","market_145",8,1.06469163261038,0,0,
"04","unit_145","market_145",9,1.0825933626247,0,0,
"04","unit_145","market_145",10,1.20857579715358,0,0,
"04","unit_145","market_145",11,1.30709793727138,0,0,
"04","unit_145","market_145",12,1.29985342355717,0,0,
"04","unit_145","market_145",13,1.36246798190759,0,0,
"04","unit_145","market_145",14,1.33988426047012,0,0,
"04","unit_145","market_145",15,1.46483027174076,0,0,
"04","unit_145","market_145",16,1.48340448111991,0,0,
"04","unit_146","market_146",1,0.383302689130323,0,0,
"04","unit_146","market_146",2,0.418453526766737,0,0,
"04","unit_146","market_146",3,0.403827770039389,0,0,
"04","unit_146","market_146",4,0.466843846031687,0,0,
"04","unit_146","market_146",5,0.501545389577527,0,0,
"04","unit_146","market_146",6,0.509026846598349,0,0,
"04","unit_146","market_146",7,0.521610530244839,0,0,
"04","unit_146","market_146",8,0.542128015067269,0,0,
"04","unit_146","market_146",9,0.42959976719441,0,0,
"04","unit_146","market_146",10,0.569189750301995,0,0,
"04","unit_146","market_146",11,0.662718249270681,0,0,
"04","unit_146","market_146",12,0.659319681847852,0,0,
"04","unit_146","market_146",13,0.657451590781557,0,0,
"04","unit_146","market_146",14,0.830640583453567,0,0,
"04","unit_146","market_146",15,0.829694265568336,0,0,
"04","unit_146","market_146",16,0.904408571421051,0,0,
"04","unit_147","market_147",1,-0.35621617168055,0,0,
"04","unit_147","market_147",2,-0.248078046488225,0,0,
"04","unit_147","market_147",3,-0.374968112394699,0,0,
"04","unit_147","market_147",4,-0.287764228518714,0,0,
"04","unit_147","market_147",5,-0.288088848368782,0,0,
"04","unit_147","market_147",6,-0.199882927167454,0,0,
"04","unit_147","market_147",7,-0.196250293401767,0,0,
"04","unit_147","market_147",8,-0.209341595404124,0,0,
"04","unit_147","market_147",9,-0.139326629669553,0,0,
"04","unit_147","market_147",10,-0.0415182047071034,0,0,
"04","unit_147","market_147",11,-0.0574330549453711,0,0,
"04","unit_147","market_147",12,0.0578077572960651,0,0,
"04","unit_147","market_147",13,0.0577639652640039,0,0,
"04","unit_147","market_147",14,0.174618913078734,0,0,
"04","unit_147","market_147",15,0.150624791368067,0,0,
"04","unit_147","market_147",16,0.0963089526578736,0,0,
"04","unit_148","market_148",1,-0.812466592778298,0,0,
"04","unit_148","market_148",2,-0.747905313872874,0,0,
"04","unit_148","market_148",3,-0.765144702653819,0,0,
"04","unit_148","market_148",4,-0.645322330106094,0,0,
"04","unit_148","market_148",5,-0.708097517872036,0,0,
"04","unit_148","market_148",6,-0.624643822276615,0,0,
"04","unit_148","market_148",7,-0.663014879767219,0,0,
"04","unit_148","market_148",8,-0.589887220196906,0,0,
"04","unit_148","market_148",9,-0.685945490425326,0,0,
"04","unit_148","market_148",10,-0.601837856266973,0,0,
"04","unit_148","market_148",11,-0.464490434426271,0,0,
"04","unit_148","market_148",12,-0.400222292519405,0,0,
"04","unit_148","market_148",13,-0.435819807717087,0,0,
"04","unit_148","market_148",14,-0.327174177044276,0,0,
"04","unit_148","market_148",15,-0.371191487892304,0,0,
"04","unit_148","market_148",16,-0.229645090969721,0,0,
"04","unit_149","market_149",1,0.458129731040756,0,0,
"04","unit_149","market_149",2,0.460652210938778,0,0,
"04","unit_149","market_149",3,0.517063720481773,0,0,
"04","unit_149","market_149",4,0.461835537943181,0,0,
"04","unit_149","market_149",5,0.471744400619595,0,0,
"04","unit_149","market_149",6,0.461356281343055,0,0,
"04","unit_149","market_149",7,0.484987030294764,0,0,
"04","unit_149","market_149",8,0.641029733937095,0,0,
"04","unit_149","market_149",9,0.516006535947735,0,0,
"04","unit_149","market_149",10,0.631725944042119,0,0,
"04","unit_149","market_149",11,0.680379702754157,0,0,
"04","unit_149","market_149",12,0.786658307974199,0,0,
"04","unit_149","market_149",13,0.798065511660807,0,0,
"04","unit_149","market_149",14,0.945916564546448,0,0,
"04","unit_149","market_149",15,0.957539087863052,0,0,
"04","unit_149","market_149",16,0.874468098149824,0,0,
"04","unit_150","market_150",1,-0.792121335485035,0,0,
"04","unit_150","market_150",2,-0.780054348148002,0,0,
"04","unit_150","market_150",3,-0.827057347737353,0,0,
"04","unit_150","market_150",4,-0.678191548663564,0,0,
"04","unit_150","market_150",5,-0.597893011194402,0,0,
"04","unit_150","market_150",6,-0.628287467337353,0,0,
"04","unit_150","market_150",7,-0.695353257945854,0,0,
"04","unit_150","market_150",8,-0.597316657408217,0,0,
"04","unit_150","market_150",9,-0.605295877060376,0,0,
"04","unit_150","market_150",10,-0.549524179021102,0,0,
"04","unit_150","market_150",11,-0.478398434220262,0,0,
"04","unit_150","market_150",12,-0.463722291006482,0,0,
"04","unit_150","market_150",13,-0.374978226643211,0,0,
"04","unit_150","market_150",14,-0.291432708680523,0,0,
"04","unit_150","market_150",15,-0.316996456970391,0,0,
"04","unit_150","market_150",16,-0.296626010890943,0,0,
"04","unit_151","market_151",1,-0.447715201520622,0,0,
"04","unit_151","market_151",2,-0.373524690635446,0,0,
"04","unit_151","market_151",3,-0.268442974457187,0,0,
"04","unit_151","market_151",4,-0.339937010009989,0,0,
"04","unit_151","market_151",5,-0.266770669978041,0,0,
"04","unit_151","market_151",6,-0.316818331473775,0,0,
"04","unit_151","market_151",7,-0.156253368262838,0,0,
"04","unit_151","market_151",8,-0.234395550112945,0,0,
"04","unit_151","market_151",9,-0.105758640908369,0,0,
"04","unit_151","market_151",10,-0.221147139649915,0,0,
"04","unit_151","market_151",11,-0.164164094277508,0,0,
"04","unit_151","market_151",12,0.00388530793762053,0,0,
"04","unit_151","market_151",13,0.0245018507823876,0,0,
"04","unit_151","market_151",14,0.174269208893514,0,0,
"04","unit_151","market_151",15,0.117927925457054,0,0,
"04","unit_151","market_151",16,0.191787225804143,0,0,
"04","unit_152","market_152",1,0.593082673318746,0,0,
"04","unit_152","market_152",2,0.557258289152286,0,0,
"04","unit_152","market_152",3,0.633574286243848,0,0,
"04","unit_152","market_152",4,0.705916258824545,0,0,
"04","unit_152","market_152",5,0.722771596055925,0,0,
"04","unit_152","market_152",6,0.644968913657423,0,0,
"04","unit_152","market_152",7,0.697156977030001,0,0,
"04","unit_152","market_152",8,0.663492250607205,0,0,
"04","unit_152","market_152",9,0.711284387058408,0,0,
"04","unit_152","market_152",10,0.815922137048643,0,0,
"04","unit_152","market_152",11,0.881289319341187,0,0,
"04","unit_152","market_152",12,0.95924984420064,0,0,
"04","unit_152","market_152",13,0.940861075472607,0,0,
"04","unit_152","market_152",14,1.0675331647794,0,0,
"04","unit_152","market_152",15,1.02108477396347,0,0,
"04","unit_152","market_152",16,1.01542808781488,0,0,
"04","unit_153","market_153",1,-0.443144242271689,0,0,
"04","unit_153","market_153",2,-0.379437116064915,0,0,
"04","unit_153","market_153",3,-0.415249261349391,0,0,
"04","unit_153","market_153",4,-0.311265280563323,0,0,
"04","unit_153","market_153",5,-0.385571540242462,0,0,
"04","unit_153","market_153",6,-0.35231310104681,0,0,
"04","unit_153","market_153",7,-0.436542300528515,0,0,
"04","unit_153","market_153",8,-0.30576717451092,0,0,
"04","unit_153","market_153",9,-0.315248069874236,0,0,
"04","unit_153","market_153",10,-0.22909800372942,0,0,
"04","unit_153","market_153",11,-0.154551353519223,0,0,
"04","unit_153","market_153",12,-0.0719552075015415,0,0,
"04","unit_153","market_153",13,0.0278555760570144,0,0,
"04","unit_153","market_153",14,-0.0650273016974762,0,0,
"04","unit_153","market_153",15,0.00273821420139766,0,0,
"04","unit_153","market_153",16,0.0648251498459979,0,0,
"04","unit_154","market_154",1,-0.189993241991816,0,0,
"04","unit_154","market_154",2,-0.100383133478707,0,0,
"04","unit_154","market_154",3,-0.150251762194847,0,0,
"04","unit_154","market_154",4,-0.159196109710256,0,0,
"04","unit_154","market_154",5,-0.112971404066134,0,0,
"04","unit_154","market_154",6,-0.140309389966255,0,0,
"04","unit_154","market_154",7,-0.0699294105983969,0,0,
"04","unit_154","market_154",8,-0.0390334820469942,0,0,
"04","unit_154","market_154",9,-0.0222210510030927,0,0,
"04","unit_154","market_154",10,0.0176482997424887,0,0,
"04","unit_154","market_154",11,0.114106161413569,0,0,
"04","unit_154","market_154",12,0.227722346877916,0,0,
"04","unit_154","market_154",13,0.0491039128638118,0,0,
"04","unit_154","market_154",14,0.262471328916953,0,0,
"04","unit_154","market_154",15,0.277238272648491,0,0,
"04","unit_154","market_154",16,0.292353870233101,0,0,
"04","unit_155","market_155",1,-0.532477238085676,0,0,
"04","unit_155","market_155",2,-0.630315764950198,0,0,
"04","unit_155","market_155",3,-0.62953027744871,0,0,
"04","unit_155","market_155",4,-0.508550089977062,0,0,
"04","unit_155","market_155",5,-0.504420939693513,0,0,
"04","unit_155","market_155",6,-0.543216910838466,0,0,
"04","unit_155","market_155",7,-0.519405591958358,0,0,
"04","unit_155","market_155",8,-0.515487604480902,0,0,
"04","unit_155","market_155",9,-0.367290316949631,0,0,
"04","unit_155","market_155",10,-0.366232154732016,0,0,
"04","unit_155","market_155",11,-0.38618608124488,0,0,
"04","unit_155","market_155",12,-0.236000407092528,0,0,
"04","unit_155","market_155",13,-0.16449500028871,0,0,
"04","unit_155","market_155",14,-0.16393578587759,0,0,
"04","unit_155","market_155",15,-0.197259796211901,0,0,
"04","unit_155","market_155",16,-0.0822943703990575,0,0,
"04","unit_156","market_156",1,-0.183705856652192,0,0,
"04","unit_156","market_156",2,-0.0202907225953443,0,0,
"04","unit_156","market_156",3,0.088570983637312,0,0,
"04","unit_156","market_156",4,0.00201840036697897,0,0,
"04","unit_156","market_156",5,-0.0426444202321303,0,0,
"04","unit_156","market_156",6,0.00105947989933409,0,0,
"04","unit_156","market_156",7,0.0331119700476732,0,0,
"04","unit_156","market_156",8,-0.0292093872329859,0,0,
"04","unit_156","market_156",9,0.0548131886581088,0,0,
"04","unit_156","market_156",10,0.173009114436938,0,0,
"04","unit_156","market_156",11,0.273303316867105,0,0,
"04","unit_156","market_156",12,0.198175573662318,0,0,
"04","unit_156","market_156",13,0.342055165196917,0,0,
"04","unit_156","market_156",14,0.384171128447971,0,0,
"04","unit_156","market_156",15,0.406929025463864,0,0,
"04","unit_156","market_156",16,0.368941559178427,0,0,
"04","unit_157","market_157",1,0.00660487292932034,0,0,
"04","unit_157","market_157",2,0.107216741739848,0,0,
"04","unit_157","market_157",3,0.126854501633373,0,0,
"04","unit_157","market_157",4,0.190512206129985,0,0,
"04","unit_157","market_157",5,0.12144998401147,0,0,
"04","unit_157","market_157",6,0.16380290453047,0,0,
"04","unit_157","market_157",7,0.163868400692476,0,0,
"04","unit_157","market_157",8,0.157674697523654,0,0,
"04","unit_157","market_157",9,0.217698057561688,0,0,
"04","unit_157","market_157",10,0.299207262775218,0,0,
"04","unit_157","market_157",11,0.316766487736861,0,0,
"04","unit_157","market_157",12,0.396081494422987,0,0,
"04","unit_157","market_157",13,0.430981246216448,0,0,
"04","unit_157","market_157",14,0.548977543104081,0,0,
"04","unit_157","market_157",15,0.508807024014455,0,0,
"04","unit_157","market_157",16,0.479191874249684,0,0,
"04","unit_158","market_158",1,-0.514772240708254,0,0,
"04","unit_158","market_158",2,-0.301779405506864,0,0,
"04","unit_158","market_158",3,-0.392174214855418,0,0,
"04","unit_158","market_158",4,-0.213674783141184,0,0,
"04","unit_158","market_158",5,-0.298400366547182,0,0,
"04","unit_158","market_158",6,-0.380328453763883,0,0,
"04","unit_158","market_158",7,-0.267540447052164,0,0,
"04","unit_158","market_158",8,-0.229102603038922,0,0,
"04","unit_158","market_158",9,-0.288841635217506,0,0,
"04","unit_158","market_158",10,-0.340265012313882,0,0,
"04","unit_158","market_158",11,-0.173928377249018,0,0,
"04","unit_158","market_158",12,-0.12972880913117,0,0,
"04","unit_158","market_158",13,-0.0331219198445206,0,0,
"04","unit_158","market_158",14,-0.0255442262845324,0,0,
"04","unit_158","market_158",15,0.0518404050873836,0,0,
"04","unit_158","market_158",16,0.122231215844127,0,0,
"04","unit_159","market_159",1,0.552145796299548,0,0,
"04","unit_159","market_159",2,0.687383652160826,0,0,
"04","unit_159","market_159",3,0.789815833493138,0,0,
"04","unit_159","market_159",4,0.696904874562635,0,0,
"04","unit_159","market_159",5,0.796719192364359,0,0,
"04","unit_159","market_159",6,0.832819587573902,0,0,
"04","unit_159","market_159",7,0.787348599573493,0,0,
"04","unit_159","market_159",8,0.699830856661367,0,0,
"04","unit_159","market_159",9,0.85963353331769,0,0,
"04","unit_159","market_159",10,0.869894720745926,0,0,
"04","unit_159","market_159",11,0.891679864778938,0,0,
"04","unit_159","market_159",12,1.03657280116244,0,0,
"04","unit_159","market_159",13,1.00707806606894,0,0,
"04","unit_159","market_159",14,1.09870669514295,0,0,
"04","unit_159","market_159",15,1.1521920433594,0,0,
"04","unit_159","market_159",16,1.10256298966897,0,0,
"04","unit_160","market_160",1,-0.187663328319125,0,0,
"04","unit_160","market_160",2,-0.118120845009266,0,0,
"04","unit_160","market_160",3,-0.0925725397140284,0,0,
"04","unit_160","market_160",4,-0.0100031145177255,0,0,
"04","unit_160","market_160",5,-0.0127660772388099,0,0,
"04","unit_160","market_160",6,-0.0072346150702149,0,0,
"04","unit_160","market_160",7,-0.190174703261672,0,0,
"04","unit_160","market_160",8,-0.0512966685363167,0,0,
"04","unit_160","market_160",9,-0.0209415627497184,0,0,
"04","unit_160","market_160",10,0.117299073757744,0,0,
"04","unit_160","market_160",11,0.0785516517054787,0,0,
"04","unit_160","market_160",12,0.219867844955003,0,0,
"04","unit_160","market_160",13,0.176243581993842,0,0,
"04","unit_160","market_160",14,0.274575979521069,0,0,
"04","unit_160","market_160",15,0.274664652508652,0,0,
"04","unit_160","market_160",16,0.242708871768319,0,0,
