"case_id","unit_id","market_id","period","outcome","treated","ever_treated","adoption_period","distance_to_treated"
"06","unit_001","market_001",1,0.057574736636979,0,0,,5
"06","unit_001","market_001",2,0.149858448689711,0,0,,5
"06","unit_001","market_001",3,0.17196377622895,0,0,,5
"06","unit_001","market_001",4,0.226277336250435,0,0,,5
"06","unit_001","market_001",5,0.215938947555995,0,0,,5
"06","unit_001","market_001",6,0.222583834248594,0,0,,5
"06","unit_001","market_001",7,0.347529878320066,0,0,,5
"06","unit_001","market_001",8,0.32097337016,0,0,,5
"06","unit_001","market_001",9,0.281347173270162,0,0,,5
"06","unit_001","market_001",10,0.393508829824034,0,0,,5
"06","unit_001","market_001",11,0.472537007394179,0,0,,5
"06","unit_001","market_001",12,0.526289487797556,0,0,,5
"06","unit_002","market_001",1,0.260133906126293,0,1,7,0
"06","unit_002","market_001",2,0.301744750118708,0,1,7,0
"06","unit_002","market_001",3,0.253517183154655,0,1,7,0
"06","unit_002","market_001",4,0.389536533714954,0,1,7,0
"06","unit_002","market_001",5,0.481609911328201,0,1,7,0
"06","unit_002","market_001",6,0.351017256668154,0,1,7,0
"06","unit_002","market_001",7,0.673363724233864,1,1,7,0
"06","unit_002","market_001",8,0.604363588163525,1,1,7,0
"06","unit_002","market_001",9,0.701075550148605,1,1,7,0
"06","unit_002","market_001",10,0.720906680092869,1,1,7,0
"06","unit_002","market_001",11,0.84609114328998,1,1,7,0
"06","unit_002","market_001",12,0.832782867735955,1,1,7,0
"06","unit_003","market_001",1,0.424983327437884,0,0,,1
"06","unit_003","market_001",2,0.484822320393347,0,0,,1
"06","unit_003","market_001",3,0.453377657579379,0,0,,1
"06","unit_003","market_001",4,0.597030672628211,0,0,,1
"06","unit_003","market_001",5,0.64062544834556,0,0,,1
"06","unit_003","market_001",6,0.556466052672942,0,0,,1
"06","unit_003","market_001",7,0.696234360292248,0,0,,1
"06","unit_003","market_001",8,0.721966099239791,0,0,,1
"06","unit_003","market_001",9,0.789796269874057,0,0,,1
"06","unit_003","market_001",10,0.927639347993324,0,0,,1
"06","unit_003","market_001",11,0.851536270602466,0,0,,1
"06","unit_003","market_001",12,0.911965293301625,0,0,,1
"06","unit_004","market_002",1,0.739951664009351,0,0,,5
"06","unit_004","market_002",2,0.705187690765015,0,0,,5
"06","unit_004","market_002",3,0.80972186480524,0,0,,5
"06","unit_004","market_002",4,0.871324752941004,0,0,,5
"06","unit_004","market_002",5,0.867015014577963,0,0,,5
"06","unit_004","market_002",6,0.839838811712889,0,0,,5
"06","unit_004","market_002",7,0.805177063807614,0,0,,5
"06","unit_004","market_002",8,0.856777778055329,0,0,,5
"06","unit_004","market_002",9,0.96980671777131,0,0,,5
"06","unit_004","market_002",10,1.06836848797345,0,0,,5
"06","unit_004","market_002",11,1.08682756554148,0,0,,5
"06","unit_004","market_002",12,1.06294508240697,0,0,,5
"06","unit_005","market_002",1,0.679098418408206,0,1,7,0
"06","unit_005","market_002",2,0.661777812663561,0,1,7,0
"06","unit_005","market_002",3,0.716817911648052,0,1,7,0
"06","unit_005","market_002",4,0.666680464621642,0,1,7,0
"06","unit_005","market_002",5,0.726641844229853,0,1,7,0
"06","unit_005","market_002",6,0.749485997866266,0,1,7,0
"06","unit_005","market_002",7,1.07872190040178,1,1,7,0
"06","unit_005","market_002",8,1.05266570641798,1,1,7,0
"06","unit_005","market_002",9,1.080917732842,1,1,7,0
"06","unit_005","market_002",10,1.252995227472,1,1,7,0
"06","unit_005","market_002",11,1.22605868572077,1,1,7,0
"06","unit_005","market_002",12,1.27798282233428,1,1,7,0
"06","unit_006","market_002",1,-0.95267217542436,0,0,,1
"06","unit_006","market_002",2,-0.860280738907094,0,0,,1
"06","unit_006","market_002",3,-0.805444491850085,0,0,,1
"06","unit_006","market_002",4,-0.807572701862762,0,0,,1
"06","unit_006","market_002",5,-0.728967482529801,0,0,,1
"06","unit_006","market_002",6,-0.729610358165551,0,0,,1
"06","unit_006","market_002",7,-0.588786406950961,0,0,,1
"06","unit_006","market_002",8,-0.597955590474949,0,0,,1
"06","unit_006","market_002",9,-0.53545960027544,0,0,,1
"06","unit_006","market_002",10,-0.536201457331233,0,0,,1
"06","unit_006","market_002",11,-0.458080262606158,0,0,,1
"06","unit_006","market_002",12,-0.4045761819858,0,0,,1
"06","unit_007","market_003",1,0.3577635706,0,1,7,0
"06","unit_007","market_003",2,0.410690449261665,0,1,7,0
"06","unit_007","market_003",3,0.515062639142873,0,1,7,0
"06","unit_007","market_003",4,0.560939600542431,0,1,7,0
"06","unit_007","market_003",5,0.546030839510515,0,1,7,0
"06","unit_007","market_003",6,0.499966096737747,0,1,7,0
"06","unit_007","market_003",7,0.7484281106882,1,1,7,0
"06","unit_007","market_003",8,0.811607241002339,1,1,7,0
"06","unit_007","market_003",9,0.913447271169336,1,1,7,0
"06","unit_007","market_003",10,0.898939337399125,1,1,7,0
"06","unit_007","market_003",11,0.983440145638202,1,1,7,0
"06","unit_007","market_003",12,1.11344728736971,1,1,7,0
"06","unit_008","market_003",1,-0.309679817706285,0,0,,5
"06","unit_008","market_003",2,-0.212971947283115,0,0,,5
"06","unit_008","market_003",3,-0.132146658865469,0,0,,5
"06","unit_008","market_003",4,-0.266848649269023,0,0,,5
"06","unit_008","market_003",5,-0.19782026017942,0,0,,5
"06","unit_008","market_003",6,-0.188377581973456,0,0,,5
"06","unit_008","market_003",7,-0.139211469907006,0,0,,5
"06","unit_008","market_003",8,-0.206672071202659,0,0,,5
"06","unit_008","market_003",9,-0.173784973822898,0,0,,5
"06","unit_008","market_003",10,-0.0696275461307728,0,0,,5
"06","unit_008","market_003",11,0.0489184389910505,0,0,,5
"06","unit_008","market_003",12,0.050754615937481,0,0,,5
"06","unit_009","market_003",1,-0.636253959593589,0,0,,1
"06","unit_009","market_003",2,-0.511413784406099,0,0,,1
"06","unit_009","market_003",3,-0.386512970599371,0,0,,1
"06","unit_009","market_003",4,-0.441278313045053,0,0,,1
"06","unit_009","market_003",5,-0.42722096606684,0,0,,1
"06","unit_009","market_003",6,-0.416064677447272,0,0,,1
"06","unit_009","market_003",7,-0.346094423275651,0,0,,1
"06","unit_009","market_003",8,-0.309405461433125,0,0,,1
"06","unit_009","market_003",9,-0.227824352937128,0,0,,1
"06","unit_009","market_003",10,-0.229727863947403,0,0,,1
"06","unit_009","market_003",11,-0.166014656012158,0,0,,1
"06","unit_009","market_003",12,-0.0128698528723334,0,0,,1
"06","unit_010","market_004",1,0.0438996950081799,0,0,,5
"06","unit_010","market_004",2,0.136059729598147,0,0,,5
"06","unit_010","market_004",3,0.155217591598927,0,0,,5
"06","unit_010","market_004",4,0.129060840386739,0,0,,5
"06","unit_010","market_004",5,0.283328419514488,0,0,,5
"06","unit_010","market_004",6,0.251762917016923,0,0,,5
"06","unit_010","market_004",7,0.224516071419995,0,0,,5
"06","unit_010","market_004",8,0.24209225032014,0,0,,5
"06","unit_010","market_004",9,0.221588240555162,0,0,,5
"06","unit_010","market_004",10,0.313108008336878,0,0,,5
"06","unit_010","market_004",11,0.333276843224031,0,0,,5
"06","unit_010","market_004",12,0.523782879359922,0,0,,5
"06","unit_011","market_004",1,0.627754146689132,0,1,7,0
"06","unit_011","market_004",2,0.579530342464296,0,1,7,0
"06","unit_011","market_004",3,0.660887985980725,0,1,7,0
"06","unit_011","market_004",4,0.680912606050867,0,1,7,0
"06","unit_011","market_004",5,0.669530285286827,0,1,7,0
"06","unit_011","market_004",6,0.583321739988241,0,1,7,0
"06","unit_011","market_004",7,0.994138334435851,1,1,7,0
"06","unit_011","market_004",8,1.00493868196771,1,1,7,0
"06","unit_011","market_004",9,1.08564593743314,1,1,7,0
"06","unit_011","market_004",10,1.08882842315904,1,1,7,0
"06","unit_011","market_004",11,1.19326312356035,1,1,7,0
"06","unit_011","market_004",12,1.21989833607173,1,1,7,0
"06","unit_012","market_004",1,0.200327063244402,0,0,,1
"06","unit_012","market_004",2,0.230506958980902,0,0,,1
"06","unit_012","market_004",3,0.42604621126639,0,0,,1
"06","unit_012","market_004",4,0.36237689063795,0,0,,1
"06","unit_012","market_004",5,0.258665948718252,0,0,,1
"06","unit_012","market_004",6,0.29482476474065,0,0,,1
"06","unit_012","market_004",7,0.53995250129055,0,0,,1
"06","unit_012","market_004",8,0.401359294428675,0,0,,1
"06","unit_012","market_004",9,0.616743991324401,0,0,,1
"06","unit_012","market_004",10,0.530800686001342,0,0,,1
"06","unit_012","market_004",11,0.534292366098861,0,0,,1
"06","unit_012","market_004",12,0.723179863510212,0,0,,1
"06","unit_013","market_005",1,0.0444245524326944,0,1,7,0
"06","unit_013","market_005",2,0.155893793418742,0,1,7,0
"06","unit_013","market_005",3,0.251439234545319,0,1,7,0
"06","unit_013","market_005",4,0.236235287879227,0,1,7,0
"06","unit_013","market_005",5,0.190373484311291,0,1,7,0
"06","unit_013","market_005",6,0.21827392480717,0,1,7,0
"06","unit_013","market_005",7,0.583198228549699,1,1,7,0
"06","unit_013","market_005",8,0.440841672437462,1,1,7,0
"06","unit_013","market_005",9,0.624081031477506,1,1,7,0
"06","unit_013","market_005",10,0.666658013023616,1,1,7,0
"06","unit_013","market_005",11,0.636785425167792,1,1,7,0
"06","unit_013","market_005",12,0.775879826366726,1,1,7,0
"06","unit_014","market_005",1,-0.353843251349381,0,0,,1
"06","unit_014","market_005",2,-0.160248510035074,0,0,,1
"06","unit_014","market_005",3,-0.140290416105583,0,0,,1
"06","unit_014","market_005",4,-0.126409700865372,0,0,,1
"06","unit_014","market_005",5,-0.143092503807979,0,0,,1
"06","unit_014","market_005",6,-0.0972238479193988,0,0,,1
"06","unit_014","market_005",7,0.105580768191194,0,0,,1
"06","unit_014","market_005",8,0.114593661469733,0,0,,1
"06","unit_014","market_005",9,0.0416693373807769,0,0,,1
"06","unit_014","market_005",10,0.132799365263027,0,0,,1
"06","unit_014","market_005",11,0.22856925834881,0,0,,1
"06","unit_014","market_005",12,0.192394988023548,0,0,,1
"06","unit_015","market_005",1,-0.0353885362817457,0,0,,5
"06","unit_015","market_005",2,0.00106990478143515,0,0,,5
"06","unit_015","market_005",3,0.0405471273939956,0,0,,5
"06","unit_015","market_005",4,0.114064567018319,0,0,,5
"06","unit_015","market_005",5,0.0299852278653343,0,0,,5
"06","unit_015","market_005",6,0.152237248689403,0,0,,5
"06","unit_015","market_005",7,0.136781055246878,0,0,,5
"06","unit_015","market_005",8,0.0409300088858783,0,0,,5
"06","unit_015","market_005",9,0.182251611016965,0,0,,5
"06","unit_015","market_005",10,0.220547661769166,0,0,,5
"06","unit_015","market_005",11,0.355210250620168,0,0,,5
"06","unit_015","market_005",12,0.389978967108861,0,0,,5
"06","unit_016","market_006",1,0.141474696487641,0,0,,5
"06","unit_016","market_006",2,0.247603310795059,0,0,,5
"06","unit_016","market_006",3,0.285450329420569,0,0,,5
"06","unit_016","market_006",4,0.273128278954354,0,0,,5
"06","unit_016","market_006",5,0.329648059242085,0,0,,5
"06","unit_016","market_006",6,0.300638349252897,0,0,,5
"06","unit_016","market_006",7,0.423111359158671,0,0,,5
"06","unit_016","market_006",8,0.298087286030033,0,0,,5
"06","unit_016","market_006",9,0.443321552007115,0,0,,5
"06","unit_016","market_006",10,0.387331164229006,0,0,,5
"06","unit_016","market_006",11,0.496262913595496,0,0,,5
"06","unit_016","market_006",12,0.693699349587921,0,0,,5
"06","unit_017","market_006",1,-0.428984574879772,0,1,7,0
"06","unit_017","market_006",2,-0.353196537574162,0,1,7,0
"06","unit_017","market_006",3,-0.325483343268036,0,1,7,0
"06","unit_017","market_006",4,-0.346955423452301,0,1,7,0
"06","unit_017","market_006",5,-0.305279929172736,0,1,7,0
"06","unit_017","market_006",6,-0.210613006812431,0,1,7,0
"06","unit_017","market_006",7,-0.0125936520734217,1,1,7,0
"06","unit_017","market_006",8,0.152274301189735,1,1,7,0
"06","unit_017","market_006",9,0.132199003502296,1,1,7,0
"06","unit_017","market_006",10,0.282234335816727,1,1,7,0
"06","unit_017","market_006",11,0.228225659069471,1,1,7,0
"06","unit_017","market_006",12,0.217135349003313,1,1,7,0
"06","unit_018","market_006",1,0.600433259970583,0,0,,1
"06","unit_018","market_006",2,0.604547005766081,0,0,,1
"06","unit_018","market_006",3,0.69597905953191,0,0,,1
"06","unit_018","market_006",4,0.609010760109567,0,0,,1
"06","unit_018","market_006",5,0.673201064537111,0,0,,1
"06","unit_018","market_006",6,0.629920881464866,0,0,,1
"06","unit_018","market_006",7,0.768953246947389,0,0,,1
"06","unit_018","market_006",8,0.851673437578474,0,0,,1
"06","unit_018","market_006",9,0.817152584142216,0,0,,1
"06","unit_018","market_006",10,0.848265898071372,0,0,,1
"06","unit_018","market_006",11,1.01063607443643,0,0,,1
"06","unit_018","market_006",12,0.974196205096864,0,0,,1
"06","unit_019","market_007",1,0.0107693691348445,0,1,7,0
"06","unit_019","market_007",2,-0.0138370481946353,0,1,7,0
"06","unit_019","market_007",3,0.11319869548012,0,1,7,0
"06","unit_019","market_007",4,0.147125215666477,0,1,7,0
"06","unit_019","market_007",5,0.213295607942134,0,1,7,0
"06","unit_019","market_007",6,0.0732298533373689,0,1,7,0
"06","unit_019","market_007",7,0.441300471873497,1,1,7,0
"06","unit_019","market_007",8,0.444081708084223,1,1,7,0
"06","unit_019","market_007",9,0.582227450441251,1,1,7,0
"06","unit_019","market_007",10,0.569184736442862,1,1,7,0
"06","unit_019","market_007",11,0.576184038285374,1,1,7,0
"06","unit_019","market_007",12,0.674248069291979,1,1,7,0
"06","unit_020","market_007",1,1.10602044897984,0,0,,5
"06","unit_020","market_007",2,1.2488749854654,0,0,,5
"06","unit_020","market_007",3,1.31356703556896,0,0,,5
"06","unit_020","market_007",4,1.32513430745832,0,0,,5
"06","unit_020","market_007",5,1.35277619558495,0,0,,5
"06","unit_020","market_007",6,1.32959515210993,0,0,,5
"06","unit_020","market_007",7,1.29569507787166,0,0,,5
"06","unit_020","market_007",8,1.19536110863233,0,0,,5
"06","unit_020","market_007",9,1.26822761365582,0,0,,5
"06","unit_020","market_007",10,1.31127313807268,0,0,,5
"06","unit_020","market_007",11,1.48350978520502,0,0,,5
"06","unit_020","market_007",12,1.57903646255133,0,0,,5
"06","unit_021","market_007",1,0.383745762378489,0,0,,1
"06","unit_021","market_007",2,0.521517126224578,0,0,,1
"06","unit_021","market_007",3,0.454586821121583,0,0,,1
"06","unit_021","market_007",4,0.579024664380584,0,0,,1
"06","unit_021","market_007",5,0.593261697587672,0,0,,1
"06","unit_021","market_007",6,0.548427434726496,0,0,,1
"06","unit_021","market_007",7,0.622871882057895,0,0,,1
"06","unit_021","market_007",8,0.769115783590497,0,0,,1
"06","unit_021","market_007",9,0.660205162921758,0,0,,1
"06","unit_021","market_007",10,0.83597480229943,0,0,,1
"06","unit_021","market_007",11,0.864402745318933,0,0,,1
"06","unit_021","market_007",12,0.916925360786706,0,0,,1
"06","unit_022","market_008",1,0.651036579629753,0,0,,5
"06","unit_022","market_008",2,0.601376674444549,0,0,,5
"06","unit_022","market_008",3,0.834846627257692,0,0,,5
"06","unit_022","market_008",4,0.707962377221932,0,0,,5
"06","unit_022","market_008",5,0.679317017678068,0,0,,5
"06","unit_022","market_008",6,0.699122299885983,0,0,,5
"06","unit_022","market_008",7,0.7164746752917,0,0,,5
"06","unit_022","market_008",8,0.680344898126392,0,0,,5
"06","unit_022","market_008",9,0.850790909189041,0,0,,5
"06","unit_022","market_008",10,0.8077558926514,0,0,,5
"06","unit_022","market_008",11,0.877103765835557,0,0,,5
"06","unit_022","market_008",12,0.917072628252028,0,0,,5
"06","unit_023","market_008",1,0.26946078709559,0,0,,1
"06","unit_023","market_008",2,0.33996599686489,0,0,,1
"06","unit_023","market_008",3,0.40499371914252,0,0,,1
"06","unit_023","market_008",4,0.421804725745802,0,0,,1
"06","unit_023","market_008",5,0.465210218518421,0,0,,1
"06","unit_023","market_008",6,0.427899532832155,0,0,,1
"06","unit_023","market_008",7,0.529718862050423,0,0,,1
"06","unit_023","market_008",8,0.601561464820594,0,0,,1
"06","unit_023","market_008",9,0.595446619484231,0,0,,1
"06","unit_023","market_008",10,0.635625789334884,0,0,,1
"06","unit_023","market_008",11,0.672437262268198,0,0,,1
"06","unit_023","market_008",12,0.839858576722852,0,0,,1
"06","unit_024","market_008",1,-0.0539749927816266,0,1,7,0
"06","unit_024","market_008",2,-0.0153447791507732,0,1,7,0
"06","unit_024","market_008",3,-0.0493068131548872,0,1,7,0
"06","unit_024","market_008",4,0.0239463105277759,0,1,7,0
"06","unit_024","market_008",5,0.0199617986654166,0,1,7,0
"06","unit_024","market_008",6,-0.00757975183867636,0,1,7,0
"06","unit_024","market_008",7,0.309969064361835,1,1,7,0
"06","unit_024","market_008",8,0.362823282623102,1,1,7,0
"06","unit_024","market_008",9,0.489835833532045,1,1,7,0
"06","unit_024","market_008",10,0.494108031946278,1,1,7,0
"06","unit_024","market_008",11,0.548286559749788,1,1,7,0
"06","unit_024","market_008",12,0.615496844894301,1,1,7,0
"06","unit_025","market_009",1,-0.39774046346334,0,0,,5
"06","unit_025","market_009",2,-0.342413925924763,0,0,,5
"06","unit_025","market_009",3,-0.374653831157107,0,0,,5
"06","unit_025","market_009",4,-0.223940630422743,0,0,,5
"06","unit_025","market_009",5,-0.262523538109384,0,0,,5
"06","unit_025","market_009",6,-0.330763598749892,0,0,,5
"06","unit_025","market_009",7,-0.210143617008144,0,0,,5
"06","unit_025","market_009",8,-0.280997841533915,0,0,,5
"06","unit_025","market_009",9,-0.236783398017534,0,0,,5
"06","unit_025","market_009",10,-0.199149144818385,0,0,,5
"06","unit_025","market_009",11,-0.155364758639589,0,0,,5
"06","unit_025","market_009",12,0.0285778270944393,0,0,,5
"06","unit_026","market_009",1,0.142463336587357,0,0,,1
"06","unit_026","market_009",2,0.167459402273764,0,0,,1
"06","unit_026","market_009",3,0.262007747291845,0,0,,1
"06","unit_026","market_009",4,0.262130534362928,0,0,,1
"06","unit_026","market_009",5,0.276684721524754,0,0,,1
"06","unit_026","market_009",6,0.189782136156702,0,0,,1
"06","unit_026","market_009",7,0.315619874811648,0,0,,1
"06","unit_026","market_009",8,0.480627606857029,0,0,,1
"06","unit_026","market_009",9,0.347856633030637,0,0,,1
"06","unit_026","market_009",10,0.439454122559386,0,0,,1
"06","unit_026","market_009",11,0.537788639492465,0,0,,1
"06","unit_026","market_009",12,0.596406692140574,0,0,,1
"06","unit_027","market_009",1,-0.0757882932200681,0,1,7,0
"06","unit_027","market_009",2,0.0269194956037631,0,1,7,0
"06","unit_027","market_009",3,0.101962959151936,0,1,7,0
"06","unit_027","market_009",4,0.0920746885167684,0,1,7,0
"06","unit_027","market_009",5,0.084576527034431,0,1,7,0
"06","unit_027","market_009",6,0.0824520409774193,0,1,7,0
"06","unit_027","market_009",7,0.399786911527012,1,1,7,0
"06","unit_027","market_009",8,0.489769740876736,1,1,7,0
"06","unit_027","market_009",9,0.47760488561275,1,1,7,0
"06","unit_027","market_009",10,0.611447761949722,1,1,7,0
"06","unit_027","market_009",11,0.664619470809516,1,1,7,0
"06","unit_027","market_009",12,0.713818480698469,1,1,7,0
"06","unit_028","market_010",1,0.31464998908837,0,1,7,0
"06","unit_028","market_010",2,0.463087151165785,0,1,7,0
"06","unit_028","market_010",3,0.538503991733596,0,1,7,0
"06","unit_028","market_010",4,0.349847687349627,0,1,7,0
"06","unit_028","market_010",5,0.506581529121542,0,1,7,0
"06","unit_028","market_010",6,0.398746208279577,0,1,7,0
"06","unit_028","market_010",7,0.804534916660383,1,1,7,0
"06","unit_028","market_010",8,0.739002995958764,1,1,7,0
"06","unit_028","market_010",9,0.766587138277667,1,1,7,0
"06","unit_028","market_010",10,0.927460491303833,1,1,7,0
"06","unit_028","market_010",11,0.97280266229751,1,1,7,0
"06","unit_028","market_010",12,1.01573529579626,1,1,7,0
"06","unit_029","market_010",1,-0.366783166447896,0,0,,1
"06","unit_029","market_010",2,-0.285671535764112,0,0,,1
"06","unit_029","market_010",3,-0.369145334544379,0,0,,1
"06","unit_029","market_010",4,-0.176104318827352,0,0,,1
"06","unit_029","market_010",5,-0.182543936291457,0,0,,1
"06","unit_029","market_010",6,-0.261052014795048,0,0,,1
"06","unit_029","market_010",7,-0.129464358292431,0,0,,1
"06","unit_029","market_010",8,-0.145181097724468,0,0,,1
"06","unit_029","market_010",9,-0.0326305188046571,0,0,,1
"06","unit_029","market_010",10,0.0345560093148313,0,0,,1
"06","unit_029","market_010",11,0.0637946303068519,0,0,,1
"06","unit_029","market_010",12,0.109816241324672,0,0,,1
"06","unit_030","market_010",1,-0.274433852276816,0,0,,5
"06","unit_030","market_010",2,-0.107415940256816,0,0,,5
"06","unit_030","market_010",3,-0.0911217357743572,0,0,,5
"06","unit_030","market_010",4,-0.0949215999461102,0,0,,5
"06","unit_030","market_010",5,-0.0589747623563671,0,0,,5
"06","unit_030","market_010",6,-0.0449305833938596,0,0,,5
"06","unit_030","market_010",7,-0.0659845369003239,0,0,,5
"06","unit_030","market_010",8,-0.144553151969114,0,0,,5
"06","unit_030","market_010",9,-0.08655252709447,0,0,,5
"06","unit_030","market_010",10,-0.0550834875946245,0,0,,5
"06","unit_030","market_010",11,0.0709774629074731,0,0,,5
"06","unit_030","market_010",12,0.114989304094668,0,0,,5
"06","unit_031","market_011",1,-0.474715382493738,0,0,,1
"06","unit_031","market_011",2,-0.372501789730403,0,0,,1
"06","unit_031","market_011",3,-0.372283323719833,0,0,,1
"06","unit_031","market_011",4,-0.286485077859946,0,0,,1
"06","unit_031","market_011",5,-0.239920219167387,0,0,,1
"06","unit_031","market_011",6,-0.411172583630634,0,0,,1
"06","unit_031","market_011",7,-0.223723183991252,0,0,,1
"06","unit_031","market_011",8,-0.215920845391323,0,0,,1
"06","unit_031","market_011",9,-0.153906777450943,0,0,,1
"06","unit_031","market_011",10,-0.18310686815216,0,0,,1
"06","unit_031","market_011",11,-0.0146123769033027,0,0,,1
"06","unit_031","market_011",12,0.0615185514026559,0,0,,1
"06","unit_032","market_011",1,0.0177147145629611,0,1,7,0
"06","unit_032","market_011",2,0.165321820400151,0,1,7,0
"06","unit_032","market_011",3,0.106337398879362,0,1,7,0
"06","unit_032","market_011",4,0.1268129671155,0,1,7,0
"06","unit_032","market_011",5,0.147634063490653,0,1,7,0
"06","unit_032","market_011",6,0.152166693743473,0,1,7,0
"06","unit_032","market_011",7,0.440816614628504,1,1,7,0
"06","unit_032","market_011",8,0.465448471897632,1,1,7,0
"06","unit_032","market_011",9,0.49859415213213,1,1,7,0
"06","unit_032","market_011",10,0.548483273085122,1,1,7,0
"06","unit_032","market_011",11,0.60466011564847,1,1,7,0
"06","unit_032","market_011",12,0.743175503867737,1,1,7,0
"06","unit_033","market_011",1,0.548088770968294,0,0,,5
"06","unit_033","market_011",2,0.691451988548466,0,0,,5
"06","unit_033","market_011",3,0.670023002172155,0,0,,5
"06","unit_033","market_011",4,0.669417478681167,0,0,,5
"06","unit_033","market_011",5,0.631562040860095,0,0,,5
"06","unit_033","market_011",6,0.615248122373691,0,0,,5
"06","unit_033","market_011",7,0.614407517059052,0,0,,5
"06","unit_033","market_011",8,0.664914002165133,0,0,,5
"06","unit_033","market_011",9,0.742229932539297,0,0,,5
"06","unit_033","market_011",10,0.703510966439816,0,0,,5
"06","unit_033","market_011",11,0.839819222051071,0,0,,5
"06","unit_033","market_011",12,0.821630019459198,0,0,,5
"06","unit_034","market_012",1,0.0869043532628813,0,1,7,0
"06","unit_034","market_012",2,0.142679213100359,0,1,7,0
"06","unit_034","market_012",3,0.189718889638404,0,1,7,0
"06","unit_034","market_012",4,0.219494556785184,0,1,7,0
"06","unit_034","market_012",5,0.209502819042277,0,1,7,0
"06","unit_034","market_012",6,0.181915798036637,0,1,7,0
"06","unit_034","market_012",7,0.496432017724323,1,1,7,0
"06","unit_034","market_012",8,0.539998115614603,1,1,7,0
"06","unit_034","market_012",9,0.472368858327728,1,1,7,0
"06","unit_034","market_012",10,0.593427563050831,1,1,7,0
"06","unit_034","market_012",11,0.684920301772118,1,1,7,0
"06","unit_034","market_012",12,0.800491685296673,1,1,7,0
"06","unit_035","market_012",1,0.47070560563109,0,0,,5
"06","unit_035","market_012",2,0.525157578682718,0,0,,5
"06","unit_035","market_012",3,0.479506543117508,0,0,,5
"06","unit_035","market_012",4,0.507072005177845,0,0,,5
"06","unit_035","market_012",5,0.480434526849779,0,0,,5
"06","unit_035","market_012",6,0.426960758119805,0,0,,5
"06","unit_035","market_012",7,0.525909010734873,0,0,,5
"06","unit_035","market_012",8,0.606143397677382,0,0,,5
"06","unit_035","market_012",9,0.590564764461314,0,0,,5
"06","unit_035","market_012",10,0.702387473129365,0,0,,5
"06","unit_035","market_012",11,0.668161773195275,0,0,,5
"06","unit_035","market_012",12,0.761865311782527,0,0,,5
"06","unit_036","market_012",1,-0.464572768876774,0,0,,1
"06","unit_036","market_012",2,-0.23723519580879,0,0,,1
"06","unit_036","market_012",3,-0.138654138613903,0,0,,1
"06","unit_036","market_012",4,-0.243990272960344,0,0,,1
"06","unit_036","market_012",5,-0.122985279352342,0,0,,1
"06","unit_036","market_012",6,-0.0490809354189447,0,0,,1
"06","unit_036","market_012",7,-0.0949494264562706,0,0,,1
"06","unit_036","market_012",8,0.0857933313735774,0,0,,1
"06","unit_036","market_012",9,0.0812761883203811,0,0,,1
"06","unit_036","market_012",10,0.21122245791443,0,0,,1
"06","unit_036","market_012",11,0.096826390587627,0,0,,1
"06","unit_036","market_012",12,0.210948113373786,0,0,,1
"06","unit_037","market_013",1,0.19137552925454,0,0,,1
"06","unit_037","market_013",2,0.306277346587819,0,0,,1
"06","unit_037","market_013",3,0.288952545400775,0,0,,1
"06","unit_037","market_013",4,0.319429296880497,0,0,,1
"06","unit_037","market_013",5,0.361549960848788,0,0,,1
"06","unit_037","market_013",6,0.365219917844293,0,0,,1
"06","unit_037","market_013",7,0.469304756404434,0,0,,1
"06","unit_037","market_013",8,0.496996570585837,0,0,,1
"06","unit_037","market_013",9,0.612527960832634,0,0,,1
"06","unit_037","market_013",10,0.577481578215634,0,0,,1
"06","unit_037","market_013",11,0.715540950491361,0,0,,1
"06","unit_037","market_013",12,0.800254769385342,0,0,,1
"06","unit_038","market_013",1,0.113793021375668,0,1,7,0
"06","unit_038","market_013",2,0.254060187821061,0,1,7,0
"06","unit_038","market_013",3,0.244883976391096,0,1,7,0
"06","unit_038","market_013",4,0.332939387636098,0,1,7,0
"06","unit_038","market_013",5,0.33678094146384,0,1,7,0
"06","unit_038","market_013",6,0.257381922296982,0,1,7,0
"06","unit_038","market_013",7,0.588425119081646,1,1,7,0
"06","unit_038","market_013",8,0.590954328332762,1,1,7,0
"06","unit_038","market_013",9,0.75183048658489,1,1,7,0
"06","unit_038","market_013",10,0.745989466486287,1,1,7,0
"06","unit_038","market_013",11,0.698685540511626,1,1,7,0
"06","unit_038","market_013",12,0.900273299194593,1,1,7,0
"06","unit_039","market_013",1,-0.11664189716193,0,0,,5
"06","unit_039","market_013",2,0.0164368040646392,0,0,,5
"06","unit_039","market_013",3,-0.0430961236989751,0,0,,5
"06","unit_039","market_013",4,0.0905645907161561,0,0,,5
"06","unit_039","market_013",5,0.100898273760776,0,0,,5
"06","unit_039","market_013",6,-0.0318497150609529,0,0,,5
"06","unit_039","market_013",7,0.0351075604405756,0,0,,5
"06","unit_039","market_013",8,0.0745318289868809,0,0,,5
"06","unit_039","market_013",9,0.0772443890762433,0,0,,5
"06","unit_039","market_013",10,0.138369961956376,0,0,,5
"06","unit_039","market_013",11,0.126175271444378,0,0,,5
"06","unit_039","market_013",12,0.268142233393151,0,0,,5
"06","unit_040","market_014",1,-0.0593654746441887,0,0,,1
"06","unit_040","market_014",2,-0.169899671885624,0,0,,1
"06","unit_040","market_014",3,-0.13845499730386,0,0,,1
"06","unit_040","market_014",4,-0.0529835238349214,0,0,,1
"06","unit_040","market_014",5,-0.0986067763831829,0,0,,1
"06","unit_040","market_014",6,-0.100998947772364,0,0,,1
"06","unit_040","market_014",7,-0.0320470547001182,0,0,,1
"06","unit_040","market_014",8,-0.0729550145965017,0,0,,1
"06","unit_040","market_014",9,0.100357403243955,0,0,,1
"06","unit_040","market_014",10,0.181418946660267,0,0,,1
"06","unit_040","market_014",11,0.257082012224879,0,0,,1
"06","unit_040","market_014",12,0.261696358579933,0,0,,1
"06","unit_041","market_014",1,0.38642128561588,0,1,7,0
"06","unit_041","market_014",2,0.437570310138387,0,1,7,0
"06","unit_041","market_014",3,0.525262321467932,0,1,7,0
"06","unit_041","market_014",4,0.517514277067739,0,1,7,0
"06","unit_041","market_014",5,0.520817469517009,0,1,7,0
"06","unit_041","market_014",6,0.543593831216218,0,1,7,0
"06","unit_041","market_014",7,0.90805700681298,1,1,7,0
"06","unit_041","market_014",8,0.933733856853593,1,1,7,0
"06","unit_041","market_014",9,0.859726725227258,1,1,7,0
"06","unit_041","market_014",10,0.883759352686386,1,1,7,0
"06","unit_041","market_014",11,1.06960937580773,1,1,7,0
"06","unit_041","market_014",12,1.11308919465624,1,1,7,0
"06","unit_042","market_014",1,0.0138696294885189,0,0,,5
"06","unit_042","market_014",2,-0.112880722240256,0,0,,5
"06","unit_042","market_014",3,-0.0549955869740864,0,0,,5
"06","unit_042","market_014",4,-0.0858034824811899,0,0,,5
"06","unit_042","market_014",5,0.0419520072387912,0,0,,5
"06","unit_042","market_014",6,0.0391343959333776,0,0,,5
"06","unit_042","market_014",7,0.0500190755025549,0,0,,5
"06","unit_042","market_014",8,0.035364639041489,0,0,,5
"06","unit_042","market_014",9,-0.00555944857277677,0,0,,5
"06","unit_042","market_014",10,0.113415251171828,0,0,,5
"06","unit_042","market_014",11,0.235187758155494,0,0,,5
"06","unit_042","market_014",12,0.290693475096072,0,0,,5
"06","unit_043","market_015",1,0.376647271597124,0,0,,5
"06","unit_043","market_015",2,0.524292484521917,0,0,,5
"06","unit_043","market_015",3,0.506647904360287,0,0,,5
"06","unit_043","market_015",4,0.627127894113598,0,0,,5
"06","unit_043","market_015",5,0.540988974793463,0,0,,5
"06","unit_043","market_015",6,0.613541901535721,0,0,,5
"06","unit_043","market_015",7,0.618259512026335,0,0,,5
"06","unit_043","market_015",8,0.558020267211477,0,0,,5
"06","unit_043","market_015",9,0.683077965356459,0,0,,5
"06","unit_043","market_015",10,0.747920222121255,0,0,,5
"06","unit_043","market_015",11,0.810237849661423,0,0,,5
"06","unit_043","market_015",12,0.838445041474472,0,0,,5
"06","unit_044","market_015",1,0.101172956238498,0,0,,1
"06","unit_044","market_015",2,0.0561601845722915,0,0,,1
"06","unit_044","market_015",3,0.122246814175011,0,0,,1
"06","unit_044","market_015",4,0.141275357231727,0,0,,1
"06","unit_044","market_015",5,0.0957645289679497,0,0,,1
"06","unit_044","market_015",6,0.0906422169145153,0,0,,1
"06","unit_044","market_015",7,0.246506353346458,0,0,,1
"06","unit_044","market_015",8,0.305825854921737,0,0,,1
"06","unit_044","market_015",9,0.256251055855116,0,0,,1
"06","unit_044","market_015",10,0.433012111707418,0,0,,1
"06","unit_044","market_015",11,0.469768578834726,0,0,,1
"06","unit_044","market_015",12,0.565991438054775,0,0,,1
"06","unit_045","market_015",1,0.466038298252515,0,1,7,0
"06","unit_045","market_015",2,0.557099509782509,0,1,7,0
"06","unit_045","market_015",3,0.623544709766102,0,1,7,0
"06","unit_045","market_015",4,0.585531274473141,0,1,7,0
"06","unit_045","market_015",5,0.567079783878845,0,1,7,0
"06","unit_045","market_015",6,0.730057132811948,0,1,7,0
"06","unit_045","market_015",7,0.926250030920577,1,1,7,0
"06","unit_045","market_015",8,1.04566818865275,1,1,7,0
"06","unit_045","market_015",9,0.965378837651069,1,1,7,0
"06","unit_045","market_015",10,0.978049342138199,1,1,7,0
"06","unit_045","market_015",11,1.0808049665384,1,1,7,0
"06","unit_045","market_015",12,1.08928156371911,1,1,7,0
"06","unit_046","market_016",1,-0.285325751765771,0,1,7,0
"06","unit_046","market_016",2,-0.0744576083960265,0,1,7,0
"06","unit_046","market_016",3,-0.104526335618776,0,1,7,0
"06","unit_046","market_016",4,0.00130476862715379,0,1,7,0
"06","unit_046","market_016",5,-0.0101699599006409,0,1,7,0
"06","unit_046","market_016",6,0.0526241416509346,0,1,7,0
"06","unit_046","market_016",7,0.255943330517199,1,1,7,0
"06","unit_046","market_016",8,0.288040463742134,1,1,7,0
"06","unit_046","market_016",9,0.388415347261916,1,1,7,0
"06","unit_046","market_016",10,0.416078811984818,1,1,7,0
"06","unit_046","market_016",11,0.49161849607419,1,1,7,0
"06","unit_046","market_016",12,0.457230342612239,1,1,7,0
"06","unit_047","market_016",1,-0.226488591025166,0,0,,1
"06","unit_047","market_016",2,-0.12078317270974,0,0,,1
"06","unit_047","market_016",3,-0.208541517190738,0,0,,1
"06","unit_047","market_016",4,-0.0389602214769086,0,0,,1
"06","unit_047","market_016",5,-0.0994563097938237,0,0,,1
"06","unit_047","market_016",6,-0.207728671739044,0,0,,1
"06","unit_047","market_016",7,-0.00621133728430448,0,0,,1
"06","unit_047","market_016",8,-0.0361623317181589,0,0,,1
"06","unit_047","market_016",9,0.0098021995814592,0,0,,1
"06","unit_047","market_016",10,0.0606273717719375,0,0,,1
"06","unit_047","market_016",11,0.172544941788864,0,0,,1
"06","unit_047","market_016",12,0.177458591035187,0,0,,1
"06","unit_048","market_016",1,-0.417865253085077,0,0,,5
"06","unit_048","market_016",2,-0.305598256216672,0,0,,5
"06","unit_048","market_016",3,-0.196956574618069,0,0,,5
"06","unit_048","market_016",4,-0.304980092101797,0,0,,5
"06","unit_048","market_016",5,-0.243178342618835,0,0,,5
"06","unit_048","market_016",6,-0.224954764964499,0,0,,5
"06","unit_048","market_016",7,-0.2859079489452,0,0,,5
"06","unit_048","market_016",8,-0.0667701399996943,0,0,,5
"06","unit_048","market_016",9,-0.176255153415472,0,0,,5
"06","unit_048","market_016",10,-0.0535860198350552,0,0,,5
"06","unit_048","market_016",11,-0.0652598026819027,0,0,,5
"06","unit_048","market_016",12,-0.0497454564616418,0,0,,5
"06","unit_049","market_017",1,0.443040611387944,0,0,,5
"06","unit_049","market_017",2,0.470483047773373,0,0,,5
"06","unit_049","market_017",3,0.470063716600691,0,0,,5
"06","unit_049","market_017",4,0.605506153105069,0,0,,5
"06","unit_049","market_017",5,0.482557679704919,0,0,,5
"06","unit_049","market_017",6,0.561143619768516,0,0,,5
"06","unit_049","market_017",7,0.41888147441335,0,0,,5
"06","unit_049","market_017",8,0.585376955400167,0,0,,5
"06","unit_049","market_017",9,0.637565458580835,0,0,,5
"06","unit_049","market_017",10,0.696338974017243,0,0,,5
"06","unit_049","market_017",11,0.770379203596124,0,0,,5
"06","unit_049","market_017",12,0.748506315239875,0,0,,5
"06","unit_050","market_017",1,0.750284826777173,0,0,,1
"06","unit_050","market_017",2,0.61162771474435,0,0,,1
"06","unit_050","market_017",3,0.777191907040781,0,0,,1
"06","unit_050","market_017",4,0.801638205611288,0,0,,1
"06","unit_050","market_017",5,0.772420690521544,0,0,,1
"06","unit_050","market_017",6,0.828627217888108,0,0,,1
"06","unit_050","market_017",7,0.866835079924086,0,0,,1
"06","unit_050","market_017",8,0.880779629088141,0,0,,1
"06","unit_050","market_017",9,0.86436934944599,0,0,,1
"06","unit_050","market_017",10,1.00058739530269,0,0,,1
"06","unit_050","market_017",11,1.01069438593191,0,0,,1
"06","unit_050","market_017",12,1.05365808988536,0,0,,1
"06","unit_051","market_017",1,-0.836272842437931,0,1,7,0
"06","unit_051","market_017",2,-0.802098052919519,0,1,7,0
"06","unit_051","market_017",3,-0.80468157796162,0,1,7,0
"06","unit_051","market_017",4,-0.752645723085557,0,1,7,0
"06","unit_051","market_017",5,-0.723827942915387,0,1,7,0
"06","unit_051","market_017",6,-0.718040084161311,0,1,7,0
"06","unit_051","market_017",7,-0.450468414070944,1,1,7,0
"06","unit_051","market_017",8,-0.332889544668559,1,1,7,0
"06","unit_051","market_017",9,-0.396979233828522,1,1,7,0
"06","unit_051","market_017",10,-0.41939306046458,1,1,7,0
"06","unit_051","market_017",11,-0.276153343185797,1,1,7,0
"06","unit_051","market_017",12,-0.16998113663766,1,1,7,0
"06","unit_052","market_018",1,0.0860757257587315,0,0,,1
"06","unit_052","market_018",2,0.16447429496645,0,0,,1
"06","unit_052","market_018",3,0.138097110319173,0,0,,1
"06","unit_052","market_018",4,0.118477482928363,0,0,,1
"06","unit_052","market_018",5,0.135812526322293,0,0,,1
"06","unit_052","market_018",6,0.238651142769972,0,0,,1
"06","unit_052","market_018",7,0.243563389129546,0,0,,1
"06","unit_052","market_018",8,0.321342017286731,0,0,,1
"06","unit_052","market_018",9,0.34045827416345,0,0,,1
"06","unit_052","market_018",10,0.420196592859617,0,0,,1
"06","unit_052","market_018",11,0.492384992363043,0,0,,1
"06","unit_052","market_018",12,0.52563037402621,0,0,,1
"06","unit_053","market_018",1,-0.345954612108212,0,0,,5
"06","unit_053","market_018",2,-0.381151722299004,0,0,,5
"06","unit_053","market_018",3,-0.35025357944993,0,0,,5
"06","unit_053","market_018",4,-0.280858287574265,0,0,,5
"06","unit_053","market_018",5,-0.333526832382494,0,0,,5
"06","unit_053","market_018",6,-0.372031311719824,0,0,,5
"06","unit_053","market_018",7,-0.382133717351013,0,0,,5
"06","unit_053","market_018",8,-0.335294428919141,0,0,,5
"06","unit_053","market_018",9,-0.248549070381499,0,0,,5
"06","unit_053","market_018",10,-0.203398504014568,0,0,,5
"06","unit_053","market_018",11,-0.0550718192786186,0,0,,5
"06","unit_053","market_018",12,-0.0317668564442182,0,0,,5
"06","unit_054","market_018",1,0.941803054956874,0,1,7,0
"06","unit_054","market_018",2,0.916836809212222,0,1,7,0
"06","unit_054","market_018",3,0.994101837185544,0,1,7,0
"06","unit_054","market_018",4,1.01845720206165,0,1,7,0
"06","unit_054","market_018",5,1.07817792716553,0,1,7,0
"06","unit_054","market_018",6,1.02447729129762,0,1,7,0
"06","unit_054","market_018",7,1.39536021374166,1,1,7,0
"06","unit_054","market_018",8,1.40297762856313,1,1,7,0
"06","unit_054","market_018",9,1.51618172547503,1,1,7,0
"06","unit_054","market_018",10,1.57616714094574,1,1,7,0
"06","unit_054","market_018",11,1.56209440976256,1,1,7,0
"06","unit_054","market_018",12,1.68777658541879,1,1,7,0
"06","unit_055","market_019",1,-0.0418434473224757,0,1,7,0
"06","unit_055","market_019",2,0.00436261080515156,0,1,7,0
"06","unit_055","market_019",3,0.0893960597050313,0,1,7,0
"06","unit_055","market_019",4,0.0634788645722376,0,1,7,0
"06","unit_055","market_019",5,0.156800134417524,0,1,7,0
"06","unit_055","market_019",6,0.000274660101149904,0,1,7,0
"06","unit_055","market_019",7,0.472036422081272,1,1,7,0
"06","unit_055","market_019",8,0.353979270396307,1,1,7,0
"06","unit_055","market_019",9,0.507507317208668,1,1,7,0
"06","unit_055","market_019",10,0.58445603930585,1,1,7,0
"06","unit_055","market_019",11,0.557563134550957,1,1,7,0
"06","unit_055","market_019",12,0.585109045790475,1,1,7,0
"06","unit_056","market_019",1,0.566670427113052,0,0,,1
"06","unit_056","market_019",2,0.593296372352192,0,0,,1
"06","unit_056","market_019",3,0.577878620519914,0,0,,1
"06","unit_056","market_019",4,0.605244399498575,0,0,,1
"06","unit_056","market_019",5,0.674551565262124,0,0,,1
"06","unit_056","market_019",6,0.654562886278252,0,0,,1
"06","unit_056","market_019",7,0.844096113587556,0,0,,1
"06","unit_056","market_019",8,0.818671199227603,0,0,,1
"06","unit_056","market_019",9,0.82563543086153,0,0,,1
"06","unit_056","market_019",10,0.949558765824611,0,0,,1
"06","unit_056","market_019",11,0.993695503451907,0,0,,1
"06","unit_056","market_019",12,1.10640722298048,0,0,,1
"06","unit_057","market_019",1,-0.125259307638722,0,0,,5
"06","unit_057","market_019",2,-0.1164138283477,0,0,,5
"06","unit_057","market_019",3,-0.0313838288938415,0,0,,5
"06","unit_057","market_019",4,-0.0436736392803021,0,0,,5
"06","unit_057","market_019",5,-0.0498565721450119,0,0,,5
"06","unit_057","market_019",6,-0.0736292050879089,0,0,,5
"06","unit_057","market_019",7,-0.0473746911645189,0,0,,5
"06","unit_057","market_019",8,0.00512789354075091,0,0,,5
"06","unit_057","market_019",9,0.0450956813886106,0,0,,5
"06","unit_057","market_019",10,-0.0426199496120183,0,0,,5
"06","unit_057","market_019",11,0.0925678409473256,0,0,,5
"06","unit_057","market_019",12,0.238635726701394,0,0,,5
"06","unit_058","market_020",1,-0.456651451813442,0,1,7,0
"06","unit_058","market_020",2,-0.431224882039611,0,1,7,0
"06","unit_058","market_020",3,-0.459517352183818,0,1,7,0
"06","unit_058","market_020",4,-0.260460183317519,0,1,7,0
"06","unit_058","market_020",5,-0.291255486728527,0,1,7,0
"06","unit_058","market_020",6,-0.346140575423117,0,1,7,0
"06","unit_058","market_020",7,-0.126175379031365,1,1,7,0
"06","unit_058","market_020",8,-0.1080241055828,1,1,7,0
"06","unit_058","market_020",9,0.0518839823667898,1,1,7,0
"06","unit_058","market_020",10,0.0873227430430348,1,1,7,0
"06","unit_058","market_020",11,0.139815087013858,1,1,7,0
"06","unit_058","market_020",12,0.302111973256294,1,1,7,0
"06","unit_059","market_020",1,-0.0541628231204888,0,0,,5
"06","unit_059","market_020",2,0.0687870465666819,0,0,,5
"06","unit_059","market_020",3,0.135020930665963,0,0,,5
"06","unit_059","market_020",4,0.164904304601685,0,0,,5
"06","unit_059","market_020",5,0.11999266897139,0,0,,5
"06","unit_059","market_020",6,0.153933317064691,0,0,,5
"06","unit_059","market_020",7,0.1141131294908,0,0,,5
"06","unit_059","market_020",8,0.0826911206757213,0,0,,5
"06","unit_059","market_020",9,0.119150522738342,0,0,,5
"06","unit_059","market_020",10,0.160409915433392,0,0,,5
"06","unit_059","market_020",11,0.172147062481301,0,0,,5
"06","unit_059","market_020",12,0.359595045512622,0,0,,5
"06","unit_060","market_020",1,-0.875778750057295,0,0,,1
"06","unit_060","market_020",2,-0.953110710306986,0,0,,1
"06","unit_060","market_020",3,-0.712167136476713,0,0,,1
"06","unit_060","market_020",4,-0.68673336526456,0,0,,1
"06","unit_060","market_020",5,-0.835288458101203,0,0,,1
"06","unit_060","market_020",6,-0.718074649137392,0,0,,1
"06","unit_060","market_020",7,-0.656173275666354,0,0,,1
"06","unit_060","market_020",8,-0.635095164449038,0,0,,1
"06","unit_060","market_020",9,-0.599649810782164,0,0,,1
"06","unit_060","market_020",10,-0.573438824269083,0,0,,1
"06","unit_060","market_020",11,-0.450997029141158,0,0,,1
"06","unit_060","market_020",12,-0.465114120323455,0,0,,1
"06","unit_061","market_021",1,-0.202992243344648,0,0,,1
"06","unit_061","market_021",2,-0.0817240234793001,0,0,,1
"06","unit_061","market_021",3,-0.154415150031317,0,0,,1
"06","unit_061","market_021",4,-0.0848911224822915,0,0,,1
"06","unit_061","market_021",5,-0.188960839509404,0,0,,1
"06","unit_061","market_021",6,-0.117404821857278,0,0,,1
"06","unit_061","market_021",7,0.0204662175331371,0,0,,1
"06","unit_061","market_021",8,-0.0209257251332264,0,0,,1
"06","unit_061","market_021",9,0.087076939614493,0,0,,1
"06","unit_061","market_021",10,0.152442797320553,0,0,,1
"06","unit_061","market_021",11,0.180086675271719,0,0,,1
"06","unit_061","market_021",12,0.245972190044506,0,0,,1
"06","unit_062","market_021",1,-0.253079912921995,0,0,,5
"06","unit_062","market_021",2,-0.108571053428978,0,0,,5
"06","unit_062","market_021",3,-0.146157945654984,0,0,,5
"06","unit_062","market_021",4,-0.0138610872134367,0,0,,5
"06","unit_062","market_021",5,-0.129938886288192,0,0,,5
"06","unit_062","market_021",6,-0.0961827923223647,0,0,,5
"06","unit_062","market_021",7,-0.117122953389929,0,0,,5
"06","unit_062","market_021",8,-0.0192809125682047,0,0,,5
"06","unit_062","market_021",9,0.0467843720285358,0,0,,5
"06","unit_062","market_021",10,0.00579397811523902,0,0,,5
"06","unit_062","market_021",11,0.166162542895888,0,0,,5
"06","unit_062","market_021",12,0.181039814041268,0,0,,5
"06","unit_063","market_021",1,0.457358896118148,0,1,7,0
"06","unit_063","market_021",2,0.540933913732518,0,1,7,0
"06","unit_063","market_021",3,0.524044517965073,0,1,7,0
"06","unit_063","market_021",4,0.482419187021814,0,1,7,0
"06","unit_063","market_021",5,0.515703326703948,0,1,7,0
"06","unit_063","market_021",6,0.541469745321985,0,1,7,0
"06","unit_063","market_021",7,0.831617230710095,1,1,7,0
"06","unit_063","market_021",8,0.914434745273354,1,1,7,0
"06","unit_063","market_021",9,0.948542870492487,1,1,7,0
"06","unit_063","market_021",10,0.915997197369761,1,1,7,0
"06","unit_063","market_021",11,1.00470576432776,1,1,7,0
"06","unit_063","market_021",12,1.06820490819884,1,1,7,0
"06","unit_064","market_022",1,-0.0427785492641868,0,0,,5
"06","unit_064","market_022",2,-0.0540360839115427,0,0,,5
"06","unit_064","market_022",3,-0.00711849870949962,0,0,,5
"06","unit_064","market_022",4,0.00616910472467746,0,0,,5
"06","unit_064","market_022",5,0.0523681944745909,0,0,,5
"06","unit_064","market_022",6,-0.0330290056792275,0,0,,5
"06","unit_064","market_022",7,0.106512743457366,0,0,,5
"06","unit_064","market_022",8,0.00233908287473384,0,0,,5
"06","unit_064","market_022",9,0.0250207502438793,0,0,,5
"06","unit_064","market_022",10,-0.010194439543441,0,0,,5
"06","unit_064","market_022",11,0.197438197718329,0,0,,5
"06","unit_064","market_022",12,0.273130011114831,0,0,,5
"06","unit_065","market_022",1,-0.489547309338651,0,0,,1
"06","unit_065","market_022",2,-0.393375415310546,0,0,,1
"06","unit_065","market_022",3,-0.282058122579101,0,0,,1
"06","unit_065","market_022",4,-0.302992510502606,0,0,,1
"06","unit_065","market_022",5,-0.342679298591512,0,0,,1
"06","unit_065","market_022",6,-0.316749526457404,0,0,,1
"06","unit_065","market_022",7,-0.178012203168258,0,0,,1
"06","unit_065","market_022",8,-0.203122482459842,0,0,,1
"06","unit_065","market_022",9,-0.205821922060807,0,0,,1
"06","unit_065","market_022",10,-0.152963680258361,0,0,,1
"06","unit_065","market_022",11,-0.10032049046466,0,0,,1
"06","unit_065","market_022",12,0.0499672163383079,0,0,,1
"06","unit_066","market_022",1,0.431424423435895,0,1,7,0
"06","unit_066","market_022",2,0.482474235450274,0,1,7,0
"06","unit_066","market_022",3,0.403610907898891,0,1,7,0
"06","unit_066","market_022",4,0.566939982088418,0,1,7,0
"06","unit_066","market_022",5,0.481470225180032,0,1,7,0
"06","unit_066","market_022",6,0.552286489324742,0,1,7,0
"06","unit_066","market_022",7,0.899119745268762,1,1,7,0
"06","unit_066","market_022",8,0.781676950159591,1,1,7,0
"06","unit_066","market_022",9,0.860501544221512,1,1,7,0
"06","unit_066","market_022",10,0.964646551515726,1,1,7,0
"06","unit_066","market_022",11,1.02144663178287,1,1,7,0
"06","unit_066","market_022",12,1.09157535784234,1,1,7,0
"06","unit_067","market_023",1,0.0324824539385999,0,0,,5
"06","unit_067","market_023",2,-0.000182082994775016,0,0,,5
"06","unit_067","market_023",3,0.120024208158848,0,0,,5
"06","unit_067","market_023",4,0.0851920513047518,0,0,,5
"06","unit_067","market_023",5,0.0819252552128205,0,0,,5
"06","unit_067","market_023",6,0.0653734143001306,0,0,,5
"06","unit_067","market_023",7,0.000880358497528655,0,0,,5
"06","unit_067","market_023",8,0.0878301905619799,0,0,,5
"06","unit_067","market_023",9,0.166512874222975,0,0,,5
"06","unit_067","market_023",10,0.179156132211398,0,0,,5
"06","unit_067","market_023",11,0.196513185341898,0,0,,5
"06","unit_067","market_023",12,0.273707852735083,0,0,,5
"06","unit_068","market_023",1,0.0645589117992339,0,0,,1
"06","unit_068","market_023",2,0.100506680884196,0,0,,1
"06","unit_068","market_023",3,0.158880543104801,0,0,,1
"06","unit_068","market_023",4,0.154660284667389,0,0,,1
"06","unit_068","market_023",5,0.231400378956089,0,0,,1
"06","unit_068","market_023",6,0.186898385793601,0,0,,1
"06","unit_068","market_023",7,0.377198205752588,0,0,,1
"06","unit_068","market_023",8,0.334113142287341,0,0,,1
"06","unit_068","market_023",9,0.42155419804283,0,0,,1
"06","unit_068","market_023",10,0.416317866593133,0,0,,1
"06","unit_068","market_023",11,0.450611298333939,0,0,,1
"06","unit_068","market_023",12,0.6263770514631,0,0,,1
"06","unit_069","market_023",1,-0.985141101247224,0,1,7,0
"06","unit_069","market_023",2,-0.929673176561336,0,1,7,0
"06","unit_069","market_023",3,-0.902483578609916,0,1,7,0
"06","unit_069","market_023",4,-0.814758002270337,0,1,7,0
"06","unit_069","market_023",5,-0.810443013521256,0,1,7,0
"06","unit_069","market_023",6,-0.823911987860399,0,1,7,0
"06","unit_069","market_023",7,-0.498070040928574,1,1,7,0
"06","unit_069","market_023",8,-0.574679224108,1,1,7,0
"06","unit_069","market_023",9,-0.514444233804741,1,1,7,0
"06","unit_069","market_023",10,-0.45973819947321,1,1,7,0
"06","unit_069","market_023",11,-0.285611310334171,1,1,7,0
"06","unit_069","market_023",12,-0.282161135946908,1,1,7,0
"06","unit_070","market_024",1,-0.125997473503447,0,0,,5
"06","unit_070","market_024",2,-0.152546255152203,0,0,,5
"06","unit_070","market_024",3,-0.0267176523274384,0,0,,5
"06","unit_070","market_024",4,-0.0352384009599197,0,0,,5
"06","unit_070","market_024",5,0.00613262341532167,0,0,,5
"06","unit_070","market_024",6,-0.0376237399067925,0,0,,5
"06","unit_070","market_024",7,0.0000474342579456014,0,0,,5
"06","unit_070","market_024",8,-0.10164587939403,0,0,,5
"06","unit_070","market_024",9,-0.0216679190705143,0,0,,5
"06","unit_070","market_024",10,0.114083148502513,0,0,,5
"06","unit_070","market_024",11,0.181065963946882,0,0,,5
"06","unit_070","market_024",12,0.343386206492024,0,0,,5
"06","unit_071","market_024",1,0.155755165851102,0,0,,1
"06","unit_071","market_024",2,0.281479611635369,0,0,,1
"06","unit_071","market_024",3,0.347440667827762,0,0,,1
"06","unit_071","market_024",4,0.320104652317229,0,0,,1
"06","unit_071","market_024",5,0.367804497675689,0,0,,1
"06","unit_071","market_024",6,0.338632250788084,0,0,,1
"06","unit_071","market_024",7,0.560931212542135,0,0,,1
"06","unit_071","market_024",8,0.547129875331567,0,0,,1
"06","unit_071","market_024",9,0.620118036241177,0,0,,1
"06","unit_071","market_024",10,0.637694222885688,0,0,,1
"06","unit_071","market_024",11,0.714496542831939,0,0,,1
"06","unit_071","market_024",12,0.686871279184549,0,0,,1
"06","unit_072","market_024",1,0.391478752541777,0,1,7,0
"06","unit_072","market_024",2,0.528245667679219,0,1,7,0
"06","unit_072","market_024",3,0.500001327506381,0,1,7,0
"06","unit_072","market_024",4,0.474985047882707,0,1,7,0
"06","unit_072","market_024",5,0.5001419958574,0,1,7,0
"06","unit_072","market_024",6,0.634661197727033,0,1,7,0
"06","unit_072","market_024",7,0.859391417848866,1,1,7,0
"06","unit_072","market_024",8,0.827172739584394,1,1,7,0
"06","unit_072","market_024",9,0.896648291256256,1,1,7,0
"06","unit_072","market_024",10,0.955866810268163,1,1,7,0
"06","unit_072","market_024",11,1.01767745677277,1,1,7,0
"06","unit_072","market_024",12,1.02734657593496,1,1,7,0
"06","unit_073","market_025",1,0.643703126025507,0,0,,5
"06","unit_073","market_025",2,0.666499359709001,0,0,,5
"06","unit_073","market_025",3,0.690971508742263,0,0,,5
"06","unit_073","market_025",4,0.792660541909532,0,0,,5
"06","unit_073","market_025",5,0.727508915638593,0,0,,5
"06","unit_073","market_025",6,0.81568527863015,0,0,,5
"06","unit_073","market_025",7,0.781760265029835,0,0,,5
"06","unit_073","market_025",8,0.728862017272393,0,0,,5
"06","unit_073","market_025",9,0.908880730322384,0,0,,5
"06","unit_073","market_025",10,0.957703346656587,0,0,,5
"06","unit_073","market_025",11,0.963508079669075,0,0,,5
"06","unit_073","market_025",12,1.09057551643177,0,0,,5
"06","unit_074","market_025",1,0.246656405746974,0,0,,1
"06","unit_074","market_025",2,0.232260729580132,0,0,,1
"06","unit_074","market_025",3,0.363046344000472,0,0,,1
"06","unit_074","market_025",4,0.314558141018329,0,0,,1
"06","unit_074","market_025",5,0.333381235462598,0,0,,1
"06","unit_074","market_025",6,0.294684190995233,0,0,,1
"06","unit_074","market_025",7,0.458574272424032,0,0,,1
"06","unit_074","market_025",8,0.5154639754359,0,0,,1
"06","unit_074","market_025",9,0.465340417796715,0,0,,1
"06","unit_074","market_025",10,0.517321330447305,0,0,,1
"06","unit_074","market_025",11,0.610841649538017,0,0,,1
"06","unit_074","market_025",12,0.778025512812554,0,0,,1
"06","unit_075","market_025",1,0.521815889248164,0,1,7,0
"06","unit_075","market_025",2,0.495118171398106,0,1,7,0
"06","unit_075","market_025",3,0.523920884572748,0,1,7,0
"06","unit_075","market_025",4,0.679664855027427,0,1,7,0
"06","unit_075","market_025",5,0.682545603184389,0,1,7,0
"06","unit_075","market_025",6,0.566056927096767,0,1,7,0
"06","unit_075","market_025",7,0.906239903050718,1,1,7,0
"06","unit_075","market_025",8,0.893669580263981,1,1,7,0
"06","unit_075","market_025",9,0.940099911042744,1,1,7,0
"06","unit_075","market_025",10,0.986262948174087,1,1,7,0
"06","unit_075","market_025",11,0.981641226841836,1,1,7,0
"06","unit_075","market_025",12,1.21619467889817,1,1,7,0
"06","unit_076","market_026",1,0.712461619264338,0,0,,5
"06","unit_076","market_026",2,0.673242589098316,0,0,,5
"06","unit_076","market_026",3,0.85894657148075,0,0,,5
"06","unit_076","market_026",4,0.837057293769785,0,0,,5
"06","unit_076","market_026",5,0.807589446824115,0,0,,5
"06","unit_076","market_026",6,0.84990964984502,0,0,,5
"06","unit_076","market_026",7,0.909858599130744,0,0,,5
"06","unit_076","market_026",8,0.885890782122669,0,0,,5
"06","unit_076","market_026",9,1.00680923881593,0,0,,5
"06","unit_076","market_026",10,0.915148810415917,0,0,,5
"06","unit_076","market_026",11,0.975319159814547,0,0,,5
"06","unit_076","market_026",12,1.01729956627632,0,0,,5
"06","unit_077","market_026",1,0.336645226599158,0,0,,1
"06","unit_077","market_026",2,0.411798209290603,0,0,,1
"06","unit_077","market_026",3,0.505090671687305,0,0,,1
"06","unit_077","market_026",4,0.358831297297529,0,0,,1
"06","unit_077","market_026",5,0.430424083348555,0,0,,1
"06","unit_077","market_026",6,0.510807267123913,0,0,,1
"06","unit_077","market_026",7,0.574844093969655,0,0,,1
"06","unit_077","market_026",8,0.557952724282119,0,0,,1
"06","unit_077","market_026",9,0.574728660020563,0,0,,1
"06","unit_077","market_026",10,0.700418858500758,0,0,,1
"06","unit_077","market_026",11,0.664250758084616,0,0,,1
"06","unit_077","market_026",12,0.850972984306314,0,0,,1
"06","unit_078","market_026",1,-0.354551426085754,0,1,7,0
"06","unit_078","market_026",2,-0.237078047195098,0,1,7,0
"06","unit_078","market_026",3,-0.262749156931511,0,1,7,0
"06","unit_078","market_026",4,-0.144152768331892,0,1,7,0
"06","unit_078","market_026",5,-0.187449642702966,0,1,7,0
"06","unit_078","market_026",6,-0.336076601990476,0,1,7,0
"06","unit_078","market_026",7,0.0436338528270516,1,1,7,0
"06","unit_078","market_026",8,0.103953869929944,1,1,7,0
"06","unit_078","market_026",9,0.076589572592626,1,1,7,0
"06","unit_078","market_026",10,0.171108425364909,1,1,7,0
"06","unit_078","market_026",11,0.219936190785773,1,1,7,0
"06","unit_078","market_026",12,0.298480060224215,1,1,7,0
"06","unit_079","market_027",1,0.0185372500090308,0,0,,5
"06","unit_079","market_027",2,0.0865141220533084,0,0,,5
"06","unit_079","market_027",3,0.0705781285637624,0,0,,5
"06","unit_079","market_027",4,0.08045394345131,0,0,,5
"06","unit_079","market_027",5,0.140322500882657,0,0,,5
"06","unit_079","market_027",6,0.0940215396604994,0,0,,5
"06","unit_079","market_027",7,0.164992031042078,0,0,,5
"06","unit_079","market_027",8,0.180852081383371,0,0,,5
"06","unit_079","market_027",9,0.208443239269134,0,0,,5
"06","unit_079","market_027",10,0.198577465849993,0,0,,5
"06","unit_079","market_027",11,0.308107700031152,0,0,,5
"06","unit_079","market_027",12,0.308810504074951,0,0,,5
"06","unit_080","market_027",1,0.0642335363000451,0,0,,1
"06","unit_080","market_027",2,0.0558675621013246,0,0,,1
"06","unit_080","market_027",3,0.131557058610566,0,0,,1
"06","unit_080","market_027",4,0.112212554633628,0,0,,1
"06","unit_080","market_027",5,0.315969566364428,0,0,,1
"06","unit_080","market_027",6,0.121811956367473,0,0,,1
"06","unit_080","market_027",7,0.374434652322382,0,0,,1
"06","unit_080","market_027",8,0.395279867759321,0,0,,1
"06","unit_080","market_027",9,0.341206131519056,0,0,,1
"06","unit_080","market_027",10,0.386745449989656,0,0,,1
"06","unit_080","market_027",11,0.419921273756915,0,0,,1
"06","unit_080","market_027",12,0.484809287241137,0,0,,1
"06","unit_081","market_027",1,0.161564786609129,0,1,7,0
"06","unit_081","market_027",2,0.214480281450262,0,1,7,0
"06","unit_081","market_027",3,0.255200137373707,0,1,7,0
"06","unit_081","market_027",4,0.261874131021127,0,1,7,0
"06","unit_081","market_027",5,0.237377530411144,0,1,7,0
"06","unit_081","market_027",6,0.276151286348048,0,1,7,0
"06","unit_081","market_027",7,0.541000470503248,1,1,7,0
"06","unit_081","market_027",8,0.569519092784032,1,1,7,0
"06","unit_081","market_027",9,0.701085708117234,1,1,7,0
"06","unit_081","market_027",10,0.677065904920774,1,1,7,0
"06","unit_081","market_027",11,0.751065011843975,1,1,7,0
"06","unit_081","market_027",12,0.872760063358164,1,1,7,0
"06","unit_082","market_028",1,-0.220713491367961,0,1,7,0
"06","unit_082","market_028",2,-0.076578615634024,0,1,7,0
"06","unit_082","market_028",3,-0.158827871552725,0,1,7,0
"06","unit_082","market_028",4,-0.0150948135660357,0,1,7,0
"06","unit_082","market_028",5,-0.134412107188825,0,1,7,0
"06","unit_082","market_028",6,0.00000946625094318254,0,1,7,0
"06","unit_082","market_028",7,0.310206750936404,1,1,7,0
"06","unit_082","market_028",8,0.200582300122119,1,1,7,0
"06","unit_082","market_028",9,0.302442586830736,1,1,7,0
"06","unit_082","market_028",10,0.382128177930881,1,1,7,0
"06","unit_082","market_028",11,0.480870789522703,1,1,7,0
"06","unit_082","market_028",12,0.533533492914292,1,1,7,0
"06","unit_083","market_028",1,-0.0617437723491229,0,0,,5
"06","unit_083","market_028",2,0.0358107799359102,0,0,,5
"06","unit_083","market_028",3,0.127630780248367,0,0,,5
"06","unit_083","market_028",4,0.143676647714192,0,0,,5
"06","unit_083","market_028",5,0.0733598192159698,0,0,,5
"06","unit_083","market_028",6,0.051358481452569,0,0,,5
"06","unit_083","market_028",7,0.160225154849832,0,0,,5
"06","unit_083","market_028",8,0.118737314138842,0,0,,5
"06","unit_083","market_028",9,0.285154698216317,0,0,,5
"06","unit_083","market_028",10,0.192091942851217,0,0,,5
"06","unit_083","market_028",11,0.281950054476652,0,0,,5
"06","unit_083","market_028",12,0.364495430073233,0,0,,5
"06","unit_084","market_028",1,0.185812451422145,0,0,,1
"06","unit_084","market_028",2,0.360880702474028,0,0,,1
"06","unit_084","market_028",3,0.431821613974315,0,0,,1
"06","unit_084","market_028",4,0.447274560749987,0,0,,1
"06","unit_084","market_028",5,0.307013967483071,0,0,,1
"06","unit_084","market_028",6,0.382514281774857,0,0,,1
"06","unit_084","market_028",7,0.566655725175125,0,0,,1
"06","unit_084","market_028",8,0.479649353891247,0,0,,1
"06","unit_084","market_028",9,0.512677879420201,0,0,,1
"06","unit_084","market_028",10,0.669977273237529,0,0,,1
"06","unit_084","market_028",11,0.67801069135295,0,0,,1
"06","unit_084","market_028",12,0.768270446508576,0,0,,1
"06","unit_085","market_029",1,-0.0933850745690002,0,1,7,0
"06","unit_085","market_029",2,-0.0917966441565444,0,1,7,0
"06","unit_085","market_029",3,0.0709210454320322,0,1,7,0
"06","unit_085","market_029",4,-0.00145101867726798,0,1,7,0
"06","unit_085","market_029",5,0.0741334388974965,0,1,7,0
"06","unit_085","market_029",6,0.0703485943386927,0,1,7,0
"06","unit_085","market_029",7,0.355862167045943,1,1,7,0
"06","unit_085","market_029",8,0.338687160364053,1,1,7,0
"06","unit_085","market_029",9,0.366258723335963,1,1,7,0
"06","unit_085","market_029",10,0.399016478322339,1,1,7,0
"06","unit_085","market_029",11,0.45809225573705,1,1,7,0
"06","unit_085","market_029",12,0.610656643040258,1,1,7,0
"06","unit_086","market_029",1,0.565306740223024,0,0,,1
"06","unit_086","market_029",2,0.671695638478382,0,0,,1
"06","unit_086","market_029",3,0.762319945682163,0,0,,1
"06","unit_086","market_029",4,0.770037023388974,0,0,,1
"06","unit_086","market_029",5,0.737956934065065,0,0,,1
"06","unit_086","market_029",6,0.679473801477435,0,0,,1
"06","unit_086","market_029",7,0.779532635737675,0,0,,1
"06","unit_086","market_029",8,0.933055747077903,0,0,,1
"06","unit_086","market_029",9,0.910712994685624,0,0,,1
"06","unit_086","market_029",10,0.927868474380244,0,0,,1
"06","unit_086","market_029",11,0.980100405445689,0,0,,1
"06","unit_086","market_029",12,1.1432044123278,0,0,,1
"06","unit_087","market_029",1,0.139337868751753,0,0,,5
"06","unit_087","market_029",2,0.314194923494575,0,0,,5
"06","unit_087","market_029",3,0.226131502973363,0,0,,5
"06","unit_087","market_029",4,0.282798738530976,0,0,,5
"06","unit_087","market_029",5,0.295187486671991,0,0,,5
"06","unit_087","market_029",6,0.320414250588021,0,0,,5
"06","unit_087","market_029",7,0.23756945895607,0,0,,5
"06","unit_087","market_029",8,0.362122044042939,0,0,,5
"06","unit_087","market_029",9,0.299343084423209,0,0,,5
"06","unit_087","market_029",10,0.396060315594154,0,0,,5
"06","unit_087","market_029",11,0.479840087696417,0,0,,5
"06","unit_087","market_029",12,0.52074163622611,0,0,,5
"06","unit_088","market_030",1,0.136839217871961,0,0,,5
"06","unit_088","market_030",2,0.147585690271185,0,0,,5
"06","unit_088","market_030",3,0.284073310450778,0,0,,5
"06","unit_088","market_030",4,0.195954546286537,0,0,,5
"06","unit_088","market_030",5,0.213341409696196,0,0,,5
"06","unit_088","market_030",6,0.21791010711415,0,0,,5
"06","unit_088","market_030",7,0.197756873059739,0,0,,5
"06","unit_088","market_030",8,0.179920304048035,0,0,,5
"06","unit_088","market_030",9,0.251790439767426,0,0,,5
"06","unit_088","market_030",10,0.261430494729624,0,0,,5
"06","unit_088","market_030",11,0.408858526495565,0,0,,5
"06","unit_088","market_030",12,0.520139095687911,0,0,,5
"06","unit_089","market_030",1,0.0361115784952614,0,0,,1
"06","unit_089","market_030",2,0.0472891327655242,0,0,,1
"06","unit_089","market_030",3,0.148032725890763,0,0,,1
"06","unit_089","market_030",4,0.13254209138121,0,0,,1
"06","unit_089","market_030",5,0.237924897315674,0,0,,1
"06","unit_089","market_030",6,0.0872164172287196,0,0,,1
"06","unit_089","market_030",7,0.273927980788282,0,0,,1
"06","unit_089","market_030",8,0.307213192276864,0,0,,1
"06","unit_089","market_030",9,0.340756397882797,0,0,,1
"06","unit_089","market_030",10,0.49004046922223,0,0,,1
"06","unit_089","market_030",11,0.456540965277365,0,0,,1
"06","unit_089","market_030",12,0.510335297164954,0,0,,1
"06","unit_090","market_030",1,0.12349198224805,0,1,7,0
"06","unit_090","market_030",2,0.286745571290661,0,1,7,0
"06","unit_090","market_030",3,0.186035804310092,0,1,7,0
"06","unit_090","market_030",4,0.26625002612301,0,1,7,0
"06","unit_090","market_030",5,0.222363968100655,0,1,7,0
"06","unit_090","market_030",6,0.260025014888528,0,1,7,0
"06","unit_090","market_030",7,0.619006984137789,1,1,7,0
"06","unit_090","market_030",8,0.674249779967154,1,1,7,0
"06","unit_090","market_030",9,0.719959435503992,1,1,7,0
"06","unit_090","market_030",10,0.750008962766644,1,1,7,0
"06","unit_090","market_030",11,0.804262565286703,1,1,7,0
"06","unit_090","market_030",12,0.788587838318208,1,1,7,0
"06","unit_091","market_031",1,0.212321496954185,0,0,,5
"06","unit_091","market_031",2,0.0752313027866028,0,0,,5
"06","unit_091","market_031",3,0.092974598528437,0,0,,5
"06","unit_091","market_031",4,0.15144562755209,0,0,,5
"06","unit_091","market_031",5,0.211256727599949,0,0,,5
"06","unit_091","market_031",6,0.166982472384149,0,0,,5
"06","unit_091","market_031",7,0.29475591569494,0,0,,5
"06","unit_091","market_031",8,0.188669312791606,0,0,,5
"06","unit_091","market_031",9,0.301576000097358,0,0,,5
"06","unit_091","market_031",10,0.275579785323781,0,0,,5
"06","unit_091","market_031",11,0.410720320427179,0,0,,5
"06","unit_091","market_031",12,0.459424212039545,0,0,,5
"06","unit_092","market_031",1,0.0675954358478404,0,0,,1
"06","unit_092","market_031",2,0.140881900667123,0,0,,1
"06","unit_092","market_031",3,0.112100870956504,0,0,,1
"06","unit_092","market_031",4,0.163870606718239,0,0,,1
"06","unit_092","market_031",5,0.181336010496762,0,0,,1
"06","unit_092","market_031",6,0.204316150836018,0,0,,1
"06","unit_092","market_031",7,0.259794842122288,0,0,,1
"06","unit_092","market_031",8,0.326098733952529,0,0,,1
"06","unit_092","market_031",9,0.37855291659393,0,0,,1
"06","unit_092","market_031",10,0.400448520129173,0,0,,1
"06","unit_092","market_031",11,0.570093658249708,0,0,,1
"06","unit_092","market_031",12,0.524289893868003,0,0,,1
"06","unit_093","market_031",1,0.546141417949047,0,1,7,0
"06","unit_093","market_031",2,0.536912824168768,0,1,7,0
"06","unit_093","market_031",3,0.623739533046324,0,1,7,0
"06","unit_093","market_031",4,0.629277347894298,0,1,7,0
"06","unit_093","market_031",5,0.638075292177267,0,1,7,0
"06","unit_093","market_031",6,0.61696033209896,0,1,7,0
"06","unit_093","market_031",7,0.912310503786405,1,1,7,0
"06","unit_093","market_031",8,1.05273333438582,1,1,7,0
"06","unit_093","market_031",9,0.986833256849807,1,1,7,0
"06","unit_093","market_031",10,0.983757979675318,1,1,7,0
"06","unit_093","market_031",11,1.11608754048741,1,1,7,0
"06","unit_093","market_031",12,1.23477832711455,1,1,7,0
"06","unit_094","market_032",1,0.15469636994108,0,0,,1
"06","unit_094","market_032",2,0.13196399955576,0,0,,1
"06","unit_094","market_032",3,0.162516795606823,0,0,,1
"06","unit_094","market_032",4,0.264550325084629,0,0,,1
"06","unit_094","market_032",5,0.287533022139785,0,0,,1
"06","unit_094","market_032",6,0.2350765259812,0,0,,1
"06","unit_094","market_032",7,0.424266682131745,0,0,,1
"06","unit_094","market_032",8,0.428622515861922,0,0,,1
"06","unit_094","market_032",9,0.464168919393722,0,0,,1
"06","unit_094","market_032",10,0.540284790389553,0,0,,1
"06","unit_094","market_032",11,0.567290064186814,0,0,,1
"06","unit_094","market_032",12,0.544373347148026,0,0,,1
"06","unit_095","market_032",1,0.156179107912136,0,0,,5
"06","unit_095","market_032",2,0.178447329979965,0,0,,5
"06","unit_095","market_032",3,0.178693385441127,0,0,,5
"06","unit_095","market_032",4,0.205790940188101,0,0,,5
"06","unit_095","market_032",5,0.245754643930498,0,0,,5
"06","unit_095","market_032",6,0.252738380843436,0,0,,5
"06","unit_095","market_032",7,0.179666763165986,0,0,,5
"06","unit_095","market_032",8,0.190406118203889,0,0,,5
"06","unit_095","market_032",9,0.300297496977482,0,0,,5
"06","unit_095","market_032",10,0.280301062464861,0,0,,5
"06","unit_095","market_032",11,0.401423464986985,0,0,,5
"06","unit_095","market_032",12,0.539091347456643,0,0,,5
"06","unit_096","market_032",1,-0.256592034472328,0,1,7,0
"06","unit_096","market_032",2,-0.167905098315105,0,1,7,0
"06","unit_096","market_032",3,-0.0773422525768493,0,1,7,0
"06","unit_096","market_032",4,-0.116030031418669,0,1,7,0
"06","unit_096","market_032",5,-0.0895097768917125,0,1,7,0
"06","unit_096","market_032",6,-0.101884988267657,0,1,7,0
"06","unit_096","market_032",7,0.141189453160062,1,1,7,0
"06","unit_096","market_032",8,0.260997643371436,1,1,7,0
"06","unit_096","market_032",9,0.334322426440594,1,1,7,0
"06","unit_096","market_032",10,0.27892812592035,1,1,7,0
"06","unit_096","market_032",11,0.387041892826847,1,1,7,0
"06","unit_096","market_032",12,0.443591830004279,1,1,7,0
"06","unit_097","market_033",1,0.363673488663057,0,1,7,0
"06","unit_097","market_033",2,0.429362481575318,0,1,7,0
"06","unit_097","market_033",3,0.480579542098512,0,1,7,0
"06","unit_097","market_033",4,0.595296313630748,0,1,7,0
"06","unit_097","market_033",5,0.601128340906487,0,1,7,0
"06","unit_097","market_033",6,0.624861541264873,0,1,7,0
"06","unit_097","market_033",7,0.829458682534767,1,1,7,0
"06","unit_097","market_033",8,0.808545264892055,1,1,7,0
"06","unit_097","market_033",9,0.854298823354658,1,1,7,0
"06","unit_097","market_033",10,0.974660181069313,1,1,7,0
"06","unit_097","market_033",11,1.01699343499426,1,1,7,0
"06","unit_097","market_033",12,1.09780315063521,1,1,7,0
"06","unit_098","market_033",1,0.195457020778711,0,0,,1
"06","unit_098","market_033",2,0.418937000040386,0,0,,1
"06","unit_098","market_033",3,0.442547048050885,0,0,,1
"06","unit_098","market_033",4,0.466683701801287,0,0,,1
"06","unit_098","market_033",5,0.400397541740892,0,0,,1
"06","unit_098","market_033",6,0.453234625993384,0,0,,1
"06","unit_098","market_033",7,0.50687031749133,0,0,,1
"06","unit_098","market_033",8,0.579264888436349,0,0,,1
"06","unit_098","market_033",9,0.569997562139903,0,0,,1
"06","unit_098","market_033",10,0.673697949306518,0,0,,1
"06","unit_098","market_033",11,0.73423393681145,0,0,,1
"06","unit_098","market_033",12,0.881645988015296,0,0,,1
"06","unit_099","market_033",1,-0.210328200169082,0,0,,5
"06","unit_099","market_033",2,-0.155262470529519,0,0,,5
"06","unit_099","market_033",3,-0.0786441625393739,0,0,,5
"06","unit_099","market_033",4,-0.120099416511872,0,0,,5
"06","unit_099","market_033",5,-0.162846388974554,0,0,,5
"06","unit_099","market_033",6,-0.183874209835241,0,0,,5
"06","unit_099","market_033",7,-0.0789173057335237,0,0,,5
"06","unit_099","market_033",8,-0.0677652094075221,0,0,,5
"06","unit_099","market_033",9,-0.0939352385737398,0,0,,5
"06","unit_099","market_033",10,-0.0709052280875013,0,0,,5
"06","unit_099","market_033",11,0.117441965168451,0,0,,5
"06","unit_099","market_033",12,0.165694547295961,0,0,,5
"06","unit_100","market_034",1,-0.220452028321326,0,0,,5
"06","unit_100","market_034",2,-0.231457713185939,0,0,,5
"06","unit_100","market_034",3,-0.0811884640116296,0,0,,5
"06","unit_100","market_034",4,-0.0702205226225666,0,0,,5
"06","unit_100","market_034",5,-0.147486473773493,0,0,,5
"06","unit_100","market_034",6,-0.10880174495828,0,0,,5
"06","unit_100","market_034",7,-0.168594095753322,0,0,,5
"06","unit_100","market_034",8,-0.132506017226751,0,0,,5
"06","unit_100","market_034",9,-0.0409191318811552,0,0,,5
"06","unit_100","market_034",10,0.0280482928404207,0,0,,5
"06","unit_100","market_034",11,0.0672744099763462,0,0,,5
"06","unit_100","market_034",12,0.0524372599225861,0,0,,5
"06","unit_101","market_034",1,0.161176005646895,0,0,,1
"06","unit_101","market_034",2,0.246072591647135,0,0,,1
"06","unit_101","market_034",3,0.275366678188391,0,0,,1
"06","unit_101","market_034",4,0.298441030797998,0,0,,1
"06","unit_101","market_034",5,0.195916418271134,0,0,,1
"06","unit_101","market_034",6,0.269975478846782,0,0,,1
"06","unit_101","market_034",7,0.445799753396336,0,0,,1
"06","unit_101","market_034",8,0.408303625984356,0,0,,1
"06","unit_101","market_034",9,0.566489576894131,0,0,,1
"06","unit_101","market_034",10,0.503293786999884,0,0,,1
"06","unit_101","market_034",11,0.62717272354332,0,0,,1
"06","unit_101","market_034",12,0.673407570570645,0,0,,1
"06","unit_102","market_034",1,0.157859010335549,0,1,7,0
"06","unit_102","market_034",2,0.256175976259153,0,1,7,0
"06","unit_102","market_034",3,0.221388253897146,0,1,7,0
"06","unit_102","market_034",4,0.432558726135341,0,1,7,0
"06","unit_102","market_034",5,0.273074961129685,0,1,7,0
"06","unit_102","market_034",6,0.408012300610693,0,1,7,0
"06","unit_102","market_034",7,0.701234396040122,1,1,7,0
"06","unit_102","market_034",8,0.67787872616061,1,1,7,0
"06","unit_102","market_034",9,0.642422905373095,1,1,7,0
"06","unit_102","market_034",10,0.852613828799525,1,1,7,0
"06","unit_102","market_034",11,0.802463275747455,1,1,7,0
"06","unit_102","market_034",12,0.812052642527072,1,1,7,0
"06","unit_103","market_035",1,-0.506724677108835,0,0,,1
"06","unit_103","market_035",2,-0.422739903943833,0,0,,1
"06","unit_103","market_035",3,-0.431078511401693,0,0,,1
"06","unit_103","market_035",4,-0.401436112983279,0,0,,1
"06","unit_103","market_035",5,-0.303628373119116,0,0,,1
"06","unit_103","market_035",6,-0.374871829287301,0,0,,1
"06","unit_103","market_035",7,-0.279890848320887,0,0,,1
"06","unit_103","market_035",8,-0.270774611399793,0,0,,1
"06","unit_103","market_035",9,-0.165123220052883,0,0,,1
"06","unit_103","market_035",10,-0.150279539641298,0,0,,1
"06","unit_103","market_035",11,-0.0754695575679779,0,0,,1
"06","unit_103","market_035",12,0.0231267062301276,0,0,,1
"06","unit_104","market_035",1,-0.0946459885614513,0,1,7,0
"06","unit_104","market_035",2,0.087072306044441,0,1,7,0
"06","unit_104","market_035",3,0.0350824378910934,0,1,7,0
"06","unit_104","market_035",4,0.0895977732413863,0,1,7,0
"06","unit_104","market_035",5,0.0966915435980791,0,1,7,0
"06","unit_104","market_035",6,0.141467696449811,0,1,7,0
"06","unit_104","market_035",7,0.453149605684036,1,1,7,0
"06","unit_104","market_035",8,0.439964899165373,1,1,7,0
"06","unit_104","market_035",9,0.473946608515626,1,1,7,0
"06","unit_104","market_035",10,0.592634529600822,1,1,7,0
"06","unit_104","market_035",11,0.542587930592609,1,1,7,0
"06","unit_104","market_035",12,0.60104771319348,1,1,7,0
"06","unit_105","market_035",1,0.303253617937971,0,0,,5
"06","unit_105","market_035",2,0.312264505680692,0,0,,5
"06","unit_105","market_035",3,0.443465023279947,0,0,,5
"06","unit_105","market_035",4,0.382756029412697,0,0,,5
"06","unit_105","market_035",5,0.470299665320864,0,0,,5
"06","unit_105","market_035",6,0.445234838764793,0,0,,5
"06","unit_105","market_035",7,0.462695761340954,0,0,,5
"06","unit_105","market_035",8,0.488144771370387,0,0,,5
"06","unit_105","market_035",9,0.402236245334014,0,0,,5
"06","unit_105","market_035",10,0.49146929057228,0,0,,5
"06","unit_105","market_035",11,0.544938652901698,0,0,,5
"06","unit_105","market_035",12,0.691942560725357,0,0,,5
"06","unit_106","market_036",1,-0.206408959086925,0,0,,5
"06","unit_106","market_036",2,-0.294813620251585,0,0,,5
"06","unit_106","market_036",3,-0.192277660724046,0,0,,5
"06","unit_106","market_036",4,-0.202972064878698,0,0,,5
"06","unit_106","market_036",5,-0.0878863683116877,0,0,,5
"06","unit_106","market_036",6,-0.131405554986877,0,0,,5
"06","unit_106","market_036",7,-0.207855624269603,0,0,,5
"06","unit_106","market_036",8,-0.182844420638241,0,0,,5
"06","unit_106","market_036",9,-0.0635766204919198,0,0,,5
"06","unit_106","market_036",10,-0.0383906879962997,0,0,,5
"06","unit_106","market_036",11,0.0328909583132876,0,0,,5
"06","unit_106","market_036",12,0.0907142268061237,0,0,,5
"06","unit_107","market_036",1,-0.25276281612544,0,1,7,0
"06","unit_107","market_036",2,-0.12436755694894,0,1,7,0
"06","unit_107","market_036",3,-0.152583774659038,0,1,7,0
"06","unit_107","market_036",4,-0.0809205001916903,0,1,7,0
"06","unit_107","market_036",5,-0.0614068524718297,0,1,7,0
"06","unit_107","market_036",6,-0.091977716860368,0,1,7,0
"06","unit_107","market_036",7,0.130631611701091,1,1,7,0
"06","unit_107","market_036",8,0.227320042780925,1,1,7,0
"06","unit_107","market_036",9,0.248153177094039,1,1,7,0
"06","unit_107","market_036",10,0.316890633549377,1,1,7,0
"06","unit_107","market_036",11,0.370762020550219,1,1,7,0
"06","unit_107","market_036",12,0.426642188935,1,1,7,0
"06","unit_108","market_036",1,-0.98173562818581,0,0,,1
"06","unit_108","market_036",2,-0.845048832659075,0,0,,1
"06","unit_108","market_036",3,-0.819274382953562,0,0,,1
"06","unit_108","market_036",4,-0.791287223367141,0,0,,1
"06","unit_108","market_036",5,-0.78746353873875,0,0,,1
"06","unit_108","market_036",6,-0.801702124632047,0,0,,1
"06","unit_108","market_036",7,-0.633081983586058,0,0,,1
"06","unit_108","market_036",8,-0.763236855291198,0,0,,1
"06","unit_108","market_036",9,-0.594901263452932,0,0,,1
"06","unit_108","market_036",10,-0.56889643731659,0,0,,1
"06","unit_108","market_036",11,-0.502837180384282,0,0,,1
"06","unit_108","market_036",12,-0.385376696222735,0,0,,1
"06","unit_109","market_037",1,-0.825555485230971,0,0,,5
"06","unit_109","market_037",2,-0.774629130886035,0,0,,5
"06","unit_109","market_037",3,-0.672011066835227,0,0,,5
"06","unit_109","market_037",4,-0.730053734024684,0,0,,5
"06","unit_109","market_037",5,-0.689107446730265,0,0,,5
"06","unit_109","market_037",6,-0.643814651429234,0,0,,5
"06","unit_109","market_037",7,-0.683764949354824,0,0,,5
"06","unit_109","market_037",8,-0.666848652896597,0,0,,5
"06","unit_109","market_037",9,-0.75759961019478,0,0,,5
"06","unit_109","market_037",10,-0.57988412076243,0,0,,5
"06","unit_109","market_037",11,-0.559620155743408,0,0,,5
"06","unit_109","market_037",12,-0.545912875689313,0,0,,5
"06","unit_110","market_037",1,0.305318517170936,0,1,7,0
"06","unit_110","market_037",2,0.368885274501756,0,1,7,0
"06","unit_110","market_037",3,0.353044705272715,0,1,7,0
"06","unit_110","market_037",4,0.404731814409088,0,1,7,0
"06","unit_110","market_037",5,0.359634753316829,0,1,7,0
"06","unit_110","market_037",6,0.484551739467928,0,1,7,0
"06","unit_110","market_037",7,0.834322239723086,1,1,7,0
"06","unit_110","market_037",8,0.802558006962339,1,1,7,0
"06","unit_110","market_037",9,0.747489733717791,1,1,7,0
"06","unit_110","market_037",10,0.802651665584635,1,1,7,0
"06","unit_110","market_037",11,0.800029564307218,1,1,7,0
"06","unit_110","market_037",12,0.940880622000995,1,1,7,0
"06","unit_111","market_037",1,0.0670355854848353,0,0,,1
"06","unit_111","market_037",2,0.107310621675253,0,0,,1
"06","unit_111","market_037",3,0.124546195016563,0,0,,1
"06","unit_111","market_037",4,0.12134037145219,0,0,,1
"06","unit_111","market_037",5,0.203493598662777,0,0,,1
"06","unit_111","market_037",6,0.107226155100777,0,0,,1
"06","unit_111","market_037",7,0.295492761372464,0,0,,1
"06","unit_111","market_037",8,0.340138673019222,0,0,,1
"06","unit_111","market_037",9,0.259285415067481,0,0,,1
"06","unit_111","market_037",10,0.374489083967738,0,0,,1
"06","unit_111","market_037",11,0.494298459059282,0,0,,1
"06","unit_111","market_037",12,0.484153413616056,0,0,,1
"06","unit_112","market_038",1,-0.62645862283902,0,0,,5
"06","unit_112","market_038",2,-0.639800008138517,0,0,,5
"06","unit_112","market_038",3,-0.517229685179913,0,0,,5
"06","unit_112","market_038",4,-0.484275526619433,0,0,,5
"06","unit_112","market_038",5,-0.476078933426092,0,0,,5
"06","unit_112","market_038",6,-0.537750135868028,0,0,,5
"06","unit_112","market_038",7,-0.597235224798149,0,0,,5
"06","unit_112","market_038",8,-0.496553096440003,0,0,,5
"06","unit_112","market_038",9,-0.432411651831856,0,0,,5
"06","unit_112","market_038",10,-0.391532264141107,0,0,,5
"06","unit_112","market_038",11,-0.324648987162139,0,0,,5
"06","unit_112","market_038",12,-0.270796535501825,0,0,,5
"06","unit_113","market_038",1,-0.514132508051878,0,1,7,0
"06","unit_113","market_038",2,-0.404398590450592,0,1,7,0
"06","unit_113","market_038",3,-0.281967173172884,0,1,7,0
"06","unit_113","market_038",4,-0.301123403839874,0,1,7,0
"06","unit_113","market_038",5,-0.244771161486767,0,1,7,0
"06","unit_113","market_038",6,-0.258915506682796,0,1,7,0
"06","unit_113","market_038",7,0.0794330635092048,1,1,7,0
"06","unit_113","market_038",8,0.112679168472712,1,1,7,0
"06","unit_113","market_038",9,0.112714532221452,1,1,7,0
"06","unit_113","market_038",10,0.124443775980434,1,1,7,0
"06","unit_113","market_038",11,0.172609649508853,1,1,7,0
"06","unit_113","market_038",12,0.185608070086952,1,1,7,0
"06","unit_114","market_038",1,-0.1841673055923,0,0,,1
"06","unit_114","market_038",2,-0.14614564543725,0,0,,1
"06","unit_114","market_038",3,-0.166095164778472,0,0,,1
"06","unit_114","market_038",4,-0.136298264191114,0,0,,1
"06","unit_114","market_038",5,-0.0589483549512644,0,0,,1
"06","unit_114","market_038",6,-0.0149657328641628,0,0,,1
"06","unit_114","market_038",7,0.117291660977084,0,0,,1
"06","unit_114","market_038",8,-0.0492702711249602,0,0,,1
"06","unit_114","market_038",9,0.175382093017407,0,0,,1
"06","unit_114","market_038",10,0.122892087033991,0,0,,1
"06","unit_114","market_038",11,0.295274881684688,0,0,,1
"06","unit_114","market_038",12,0.261453652576457,0,0,,1
"06","unit_115","market_039",1,-0.216401879220387,0,0,,5
"06","unit_115","market_039",2,-0.177340747737513,0,0,,5
"06","unit_115","market_039",3,-0.152452447334269,0,0,,5
"06","unit_115","market_039",4,-0.099971189724852,0,0,,5
"06","unit_115","market_039",5,-0.158082217867129,0,0,,5
"06","unit_115","market_039",6,-0.108424543629829,0,0,,5
"06","unit_115","market_039",7,-0.0323751244053122,0,0,,5
"06","unit_115","market_039",8,-0.119038092746681,0,0,,5
"06","unit_115","market_039",9,-0.0789385878863884,0,0,,5
"06","unit_115","market_039",10,0.0705838603081948,0,0,,5
"06","unit_115","market_039",11,0.0415039143928188,0,0,,5
"06","unit_115","market_039",12,0.264896289841066,0,0,,5
"06","unit_116","market_039",1,-0.0517459915296887,0,1,7,0
"06","unit_116","market_039",2,-0.0926582907443486,0,1,7,0
"06","unit_116","market_039",3,0.0109910817844327,0,1,7,0
"06","unit_116","market_039",4,0.0818900657618868,0,1,7,0
"06","unit_116","market_039",5,0.0875512836237104,0,1,7,0
"06","unit_116","market_039",6,0.0250413465007942,0,1,7,0
"06","unit_116","market_039",7,0.390963912462701,1,1,7,0
"06","unit_116","market_039",8,0.365754305672885,1,1,7,0
"06","unit_116","market_039",9,0.370219687342186,1,1,7,0
"06","unit_116","market_039",10,0.466452401502594,1,1,7,0
"06","unit_116","market_039",11,0.563040496679098,1,1,7,0
"06","unit_116","market_039",12,0.675165305437114,1,1,7,0
"06","unit_117","market_039",1,0.0862198402622958,0,0,,1
"06","unit_117","market_039",2,0.0162252914707632,0,0,,1
"06","unit_117","market_039",3,0.0792008460296903,0,0,,1
"06","unit_117","market_039",4,0.192833488775496,0,0,,1
"06","unit_117","market_039",5,0.085070593351214,0,0,,1
"06","unit_117","market_039",6,0.208866349744364,0,0,,1
"06","unit_117","market_039",7,0.303177684268138,0,0,,1
"06","unit_117","market_039",8,0.276379977768978,0,0,,1
"06","unit_117","market_039",9,0.398134968019245,0,0,,1
"06","unit_117","market_039",10,0.402448889029295,0,0,,1
"06","unit_117","market_039",11,0.498866493051273,0,0,,1
"06","unit_117","market_039",12,0.58503116083532,0,0,,1
"06","unit_118","market_040",1,0.385332975249269,0,0,,5
"06","unit_118","market_040",2,0.391754566435054,0,0,,5
"06","unit_118","market_040",3,0.391683143000939,0,0,,5
"06","unit_118","market_040",4,0.442107288049117,0,0,,5
"06","unit_118","market_040",5,0.424466057029681,0,0,,5
"06","unit_118","market_040",6,0.508277683020435,0,0,,5
"06","unit_118","market_040",7,0.496396421243157,0,0,,5
"06","unit_118","market_040",8,0.38853462062656,0,0,,5
"06","unit_118","market_040",9,0.527096873258752,0,0,,5
"06","unit_118","market_040",10,0.689951019510858,0,0,,5
"06","unit_118","market_040",11,0.651303533250753,0,0,,5
"06","unit_118","market_040",12,0.641990806470306,0,0,,5
"06","unit_119","market_040",1,-0.20275850031408,0,1,7,0
"06","unit_119","market_040",2,-0.238961239651777,0,1,7,0
"06","unit_119","market_040",3,-0.0561176790663558,0,1,7,0
"06","unit_119","market_040",4,-0.0152720379825679,0,1,7,0
"06","unit_119","market_040",5,-0.139391086689786,0,1,7,0
"06","unit_119","market_040",6,0.022818918079801,0,1,7,0
"06","unit_119","market_040",7,0.266670674369964,1,1,7,0
"06","unit_119","market_040",8,0.284701000714407,1,1,7,0
"06","unit_119","market_040",9,0.286036175005479,1,1,7,0
"06","unit_119","market_040",10,0.338347437781459,1,1,7,0
"06","unit_119","market_040",11,0.396196215367006,1,1,7,0
"06","unit_119","market_040",12,0.51199783054272,1,1,7,0
"06","unit_120","market_040",1,-0.169390055694554,0,0,,1
"06","unit_120","market_040",2,-0.204316010145202,0,0,,1
"06","unit_120","market_040",3,-0.0296428725090648,0,0,,1
"06","unit_120","market_040",4,-0.143764859606796,0,0,,1
"06","unit_120","market_040",5,-0.102393870254278,0,0,,1
"06","unit_120","market_040",6,-0.0150711070971733,0,0,,1
"06","unit_120","market_040",7,0.0800643565814851,0,0,,1
"06","unit_120","market_040",8,-0.020852475460596,0,0,,1
"06","unit_120","market_040",9,0.0678530748941942,0,0,,1
"06","unit_120","market_040",10,0.185394164566189,0,0,,1
"06","unit_120","market_040",11,0.203426612477059,0,0,,1
"06","unit_120","market_040",12,0.314936640866566,0,0,,1
"06","unit_121","market_041",1,-0.708577758142264,0,0,,1
"06","unit_121","market_041",2,-0.669928784054033,0,0,,1
"06","unit_121","market_041",3,-0.582188367856563,0,0,,1
"06","unit_121","market_041",4,-0.631932282873878,0,0,,1
"06","unit_121","market_041",5,-0.654778486101829,0,0,,1
"06","unit_121","market_041",6,-0.680709397773107,0,0,,1
"06","unit_121","market_041",7,-0.416797421391167,0,0,,1
"06","unit_121","market_041",8,-0.461587273103498,0,0,,1
"06","unit_121","market_041",9,-0.409433193518905,0,0,,1
"06","unit_121","market_041",10,-0.397557396953842,0,0,,1
"06","unit_121","market_041",11,-0.321633113055711,0,0,,1
"06","unit_121","market_041",12,-0.346138131980878,0,0,,1
"06","unit_122","market_041",1,1.03384568826406,0,0,,5
"06","unit_122","market_041",2,1.13038695031247,0,0,,5
"06","unit_122","market_041",3,1.17886926284659,0,0,,5
"06","unit_122","market_041",4,1.30044621438612,0,0,,5
"06","unit_122","market_041",5,1.22243442780048,0,0,,5
"06","unit_122","market_041",6,1.27928741109094,0,0,,5
"06","unit_122","market_041",7,1.27660141791131,0,0,,5
"06","unit_122","market_041",8,1.17882156735588,0,0,,5
"06","unit_122","market_041",9,1.31195132552267,0,0,,5
"06","unit_122","market_041",10,1.29388856161566,0,0,,5
"06","unit_122","market_041",11,1.54603728780104,0,0,,5
"06","unit_122","market_041",12,1.46367443174912,0,0,,5
"06","unit_123","market_041",1,-0.0874019642388983,0,1,7,0
"06","unit_123","market_041",2,-0.0219477579248844,0,1,7,0
"06","unit_123","market_041",3,0.045156166287324,0,1,7,0
"06","unit_123","market_041",4,0.0952938804224651,0,1,7,0
"06","unit_123","market_041",5,0.0997477086709979,0,1,7,0
"06","unit_123","market_041",6,0.0518539913576313,0,1,7,0
"06","unit_123","market_041",7,0.456838819934369,1,1,7,0
"06","unit_123","market_041",8,0.348424110995732,1,1,7,0
"06","unit_123","market_041",9,0.501555950645606,1,1,7,0
"06","unit_123","market_041",10,0.507161572030008,1,1,7,0
"06","unit_123","market_041",11,0.559107931965926,1,1,7,0
"06","unit_123","market_041",12,0.638674335223128,1,1,7,0
"06","unit_124","market_042",1,-0.453693218070846,0,0,,1
"06","unit_124","market_042",2,-0.383113712890807,0,0,,1
"06","unit_124","market_042",3,-0.31874950752762,0,0,,1
"06","unit_124","market_042",4,-0.243818405779568,0,0,,1
"06","unit_124","market_042",5,-0.260993751560563,0,0,,1
"06","unit_124","market_042",6,-0.215966805232623,0,0,,1
"06","unit_124","market_042",7,-0.165548857395379,0,0,,1
"06","unit_124","market_042",8,-0.183392098217907,0,0,,1
"06","unit_124","market_042",9,-0.0850197959644483,0,0,,1
"06","unit_124","market_042",10,-0.0749796790504031,0,0,,1
"06","unit_124","market_042",11,-0.0605349246349351,0,0,,1
"06","unit_124","market_042",12,-0.00382866397649756,0,0,,1
"06","unit_125","market_042",1,-0.172327840924491,0,1,7,0
"06","unit_125","market_042",2,-0.114204989468059,0,1,7,0
"06","unit_125","market_042",3,-0.00738731131895175,0,1,7,0
"06","unit_125","market_042",4,-0.0409564244005814,0,1,7,0
"06","unit_125","market_042",5,-0.056560606229782,0,1,7,0
"06","unit_125","market_042",6,0.0350804303085795,0,1,7,0
"06","unit_125","market_042",7,0.176633092294897,1,1,7,0
"06","unit_125","market_042",8,0.270055905899831,1,1,7,0
"06","unit_125","market_042",9,0.407306999353382,1,1,7,0
"06","unit_125","market_042",10,0.44146981057763,1,1,7,0
"06","unit_125","market_042",11,0.463640057440106,1,1,7,0
"06","unit_125","market_042",12,0.564244085407334,1,1,7,0
"06","unit_126","market_042",1,0.135343749020411,0,0,,5
"06","unit_126","market_042",2,0.124170737783313,0,0,,5
"06","unit_126","market_042",3,0.260654551143371,0,0,,5
"06","unit_126","market_042",4,0.2044697538217,0,0,,5
"06","unit_126","market_042",5,0.215108834720259,0,0,,5
"06","unit_126","market_042",6,0.301836209208692,0,0,,5
"06","unit_126","market_042",7,0.185060788778798,0,0,,5
"06","unit_126","market_042",8,0.214819646282682,0,0,,5
"06","unit_126","market_042",9,0.355695627630098,0,0,,5
"06","unit_126","market_042",10,0.375028337587902,0,0,,5
"06","unit_126","market_042",11,0.303929266251243,0,0,,5
"06","unit_126","market_042",12,0.41931142108645,0,0,,5
"06","unit_127","market_043",1,0.613569684124317,0,0,,1
"06","unit_127","market_043",2,0.678137416043432,0,0,,1
"06","unit_127","market_043",3,0.72723026570438,0,0,,1
"06","unit_127","market_043",4,0.738028807212104,0,0,,1
"06","unit_127","market_043",5,0.786880631428747,0,0,,1
"06","unit_127","market_043",6,0.755315251001682,0,0,,1
"06","unit_127","market_043",7,0.896147366180938,0,0,,1
"06","unit_127","market_043",8,0.883025076544766,0,0,,1
"06","unit_127","market_043",9,0.932351836731907,0,0,,1
"06","unit_127","market_043",10,0.866566544915917,0,0,,1
"06","unit_127","market_043",11,1.07856495015403,0,0,,1
"06","unit_127","market_043",12,1.07843266385419,0,0,,1
"06","unit_128","market_043",1,-0.575213466244585,0,1,7,0
"06","unit_128","market_043",2,-0.440053510172431,0,1,7,0
"06","unit_128","market_043",3,-0.428934212915357,0,1,7,0
"06","unit_128","market_043",4,-0.425141024776398,0,1,7,0
"06","unit_128","market_043",5,-0.465072059721696,0,1,7,0
"06","unit_128","market_043",6,-0.402666094253722,0,1,7,0
"06","unit_128","market_043",7,-0.0877625099845888,1,1,7,0
"06","unit_128","market_043",8,-0.089237511055036,1,1,7,0
"06","unit_128","market_043",9,-0.11618101997797,1,1,7,0
"06","unit_128","market_043",10,0.0287461142412632,1,1,7,0
"06","unit_128","market_043",11,0.0370599856997684,1,1,7,0
"06","unit_128","market_043",12,0.0820848888944276,1,1,7,0
"06","unit_129","market_043",1,-0.0922301188848795,0,0,,5
"06","unit_129","market_043",2,0.0257597473101206,0,0,,5
"06","unit_129","market_043",3,0.076742763409393,0,0,,5
"06","unit_129","market_043",4,0.0130185795842555,0,0,,5
"06","unit_129","market_043",5,0.108933141337899,0,0,,5
"06","unit_129","market_043",6,0.0747672712850977,0,0,,5
"06","unit_129","market_043",7,0.0583454643317491,0,0,,5
"06","unit_129","market_043",8,0.0581306880526462,0,0,,5
"06","unit_129","market_043",9,0.227916604367413,0,0,,5
"06","unit_129","market_043",10,0.252456507282366,0,0,,5
"06","unit_129","market_043",11,0.236703555234618,0,0,,5
"06","unit_129","market_043",12,0.331703788737601,0,0,,5
"06","unit_130","market_044",1,0.778514756521399,0,1,7,0
"06","unit_130","market_044",2,0.722335496332604,0,1,7,0
"06","unit_130","market_044",3,0.747708931273291,0,1,7,0
"06","unit_130","market_044",4,0.803732968749571,0,1,7,0
"06","unit_130","market_044",5,0.863683226897827,0,1,7,0
"06","unit_130","market_044",6,0.799195040371883,0,1,7,0
"06","unit_130","market_044",7,1.10758142543244,1,1,7,0
"06","unit_130","market_044",8,1.11543647549988,1,1,7,0
"06","unit_130","market_044",9,1.23825607518113,1,1,7,0
"06","unit_130","market_044",10,1.25594609061879,1,1,7,0
"06","unit_130","market_044",11,1.31465531457101,1,1,7,0
"06","unit_130","market_044",12,1.44418413205673,1,1,7,0
"06","unit_131","market_044",1,-0.199673181286933,0,0,,1
"06","unit_131","market_044",2,-0.0874244594518616,0,0,,1
"06","unit_131","market_044",3,-0.0303699987437598,0,0,,1
"06","unit_131","market_044",4,0.0831432503803702,0,0,,1
"06","unit_131","market_044",5,-0.0228912472179283,0,0,,1
"06","unit_131","market_044",6,0.00874836962089666,0,0,,1
"06","unit_131","market_044",7,0.0546197124271218,0,0,,1
"06","unit_131","market_044",8,0.207805146031243,0,0,,1
"06","unit_131","market_044",9,0.175986828762363,0,0,,1
"06","unit_131","market_044",10,0.336402179295018,0,0,,1
"06","unit_131","market_044",11,0.339912031375187,0,0,,1
"06","unit_131","market_044",12,0.387117426355783,0,0,,1
"06","unit_132","market_044",1,0.175766631053614,0,0,,5
"06","unit_132","market_044",2,0.247978803612055,0,0,,5
"06","unit_132","market_044",3,0.292480111335573,0,0,,5
"06","unit_132","market_044",4,0.347283025780467,0,0,,5
"06","unit_132","market_044",5,0.288194882907572,0,0,,5
"06","unit_132","market_044",6,0.358574526046863,0,0,,5
"06","unit_132","market_044",7,0.250247662188959,0,0,,5
"06","unit_132","market_044",8,0.397287212475604,0,0,,5
"06","unit_132","market_044",9,0.361777103127777,0,0,,5
"06","unit_132","market_044",10,0.370328740708515,0,0,,5
"06","unit_132","market_044",11,0.54083854757929,0,0,,5
"06","unit_132","market_044",12,0.445874412897653,0,0,,5
"06","unit_133","market_045",1,-0.356840472840817,0,0,,1
"06","unit_133","market_045",2,-0.403397089303826,0,0,,1
"06","unit_133","market_045",3,-0.293339902529028,0,0,,1
"06","unit_133","market_045",4,-0.227248893147042,0,0,,1
"06","unit_133","market_045",5,-0.215020870125194,0,0,,1
"06","unit_133","market_045",6,-0.179495870278778,0,0,,1
"06","unit_133","market_045",7,-0.120480019478401,0,0,,1
"06","unit_133","market_045",8,-0.027365811261548,0,0,,1
"06","unit_133","market_045",9,-0.0571222965248415,0,0,,1
"06","unit_133","market_045",10,0.0213023995033078,0,0,,1
"06","unit_133","market_045",11,0.0414735701339108,0,0,,1
"06","unit_133","market_045",12,0.110313443313339,0,0,,1
"06","unit_134","market_045",1,-0.222780692445427,0,0,,5
"06","unit_134","market_045",2,-0.198906279505507,0,0,,5
"06","unit_134","market_045",3,-0.20978319372425,0,0,,5
"06","unit_134","market_045",4,-0.0645194012981163,0,0,,5
"06","unit_134","market_045",5,-0.145035807114753,0,0,,5
"06","unit_134","market_045",6,-0.167720236010142,0,0,,5
"06","unit_134","market_045",7,-0.0736551887658773,0,0,,5
"06","unit_134","market_045",8,-0.163701579044383,0,0,,5
"06","unit_134","market_045",9,-0.0513980854324357,0,0,,5
"06","unit_134","market_045",10,0.0181972566945362,0,0,,5
"06","unit_134","market_045",11,0.0832680218160586,0,0,,5
"06","unit_134","market_045",12,0.16865629470308,0,0,,5
"06","unit_135","market_045",1,-0.0357453509179138,0,1,7,0
"06","unit_135","market_045",2,0.106367940299485,0,1,7,0
"06","unit_135","market_045",3,0.154471466511732,0,1,7,0
"06","unit_135","market_045",4,0.111283181804032,0,1,7,0
"06","unit_135","market_045",5,0.206414842725545,0,1,7,0
"06","unit_135","market_045",6,0.0836981993621662,0,1,7,0
"06","unit_135","market_045",7,0.363744118084848,1,1,7,0
"06","unit_135","market_045",8,0.382772266844096,1,1,7,0
"06","unit_135","market_045",9,0.459013138127761,1,1,7,0
"06","unit_135","market_045",10,0.471208542612814,1,1,7,0
"06","unit_135","market_045",11,0.520049726152828,1,1,7,0
"06","unit_135","market_045",12,0.602448998093595,1,1,7,0
"06","unit_136","market_046",1,-0.0496400191716159,0,0,,5
"06","unit_136","market_046",2,0.11466328286665,0,0,,5
"06","unit_136","market_046",3,-0.00506690139018331,0,0,,5
"06","unit_136","market_046",4,0.118307661198772,0,0,,5
"06","unit_136","market_046",5,0.0562942594397454,0,0,,5
"06","unit_136","market_046",6,0.165222572086794,0,0,,5
"06","unit_136","market_046",7,0.10230444749979,0,0,,5
"06","unit_136","market_046",8,0.0589690379967129,0,0,,5
"06","unit_136","market_046",9,0.21934877841365,0,0,,5
"06","unit_136","market_046",10,0.212705560623764,0,0,,5
"06","unit_136","market_046",11,0.328716441773185,0,0,,5
"06","unit_136","market_046",12,0.255888473521949,0,0,,5
"06","unit_137","market_046",1,1.05304468080852,0,1,7,0
"06","unit_137","market_046",2,1.22568849316919,0,1,7,0
"06","unit_137","market_046",3,1.3214063163442,0,1,7,0
"06","unit_137","market_046",4,1.28081579009807,0,1,7,0
"06","unit_137","market_046",5,1.25747562189442,0,1,7,0
"06","unit_137","market_046",6,1.31460237301069,0,1,7,0
"06","unit_137","market_046",7,1.58186079279866,1,1,7,0
"06","unit_137","market_046",8,1.73556779501866,1,1,7,0
"06","unit_137","market_046",9,1.65487361424321,1,1,7,0
"06","unit_137","market_046",10,1.67444894871481,1,1,7,0
"06","unit_137","market_046",11,1.73631109160221,1,1,7,0
"06","unit_137","market_046",12,1.80227633977483,1,1,7,0
"06","unit_138","market_046",1,0.45802567811322,0,0,,1
"06","unit_138","market_046",2,0.53490379007913,0,0,,1
"06","unit_138","market_046",3,0.522175055396026,0,0,,1
"06","unit_138","market_046",4,0.602023327141495,0,0,,1
"06","unit_138","market_046",5,0.511824605009473,0,0,,1
"06","unit_138","market_046",6,0.687591492125775,0,0,,1
"06","unit_138","market_046",7,0.743570214469333,0,0,,1
"06","unit_138","market_046",8,0.70347566136463,0,0,,1
"06","unit_138","market_046",9,0.776403322412079,0,0,,1
"06","unit_138","market_046",10,0.88462456434792,0,0,,1
"06","unit_138","market_046",11,0.873779648413564,0,0,,1
"06","unit_138","market_046",12,1.00076897082387,0,0,,1
"06","unit_139","market_047",1,-0.52674259963643,0,0,,1
"06","unit_139","market_047",2,-0.400073855891393,0,0,,1
"06","unit_139","market_047",3,-0.39593438207714,0,0,,1
"06","unit_139","market_047",4,-0.27898718695765,0,0,,1
"06","unit_139","market_047",5,-0.390633991892667,0,0,,1
"06","unit_139","market_047",6,-0.342048721674342,0,0,,1
"06","unit_139","market_047",7,-0.25316869529841,0,0,,1
"06","unit_139","market_047",8,-0.241155491305586,0,0,,1
"06","unit_139","market_047",9,-0.270081385362071,0,0,,1
"06","unit_139","market_047",10,-0.184879851101162,0,0,,1
"06","unit_139","market_047",11,-0.0386513471496342,0,0,,1
"06","unit_139","market_047",12,-0.0037451362552627,0,0,,1
"06","unit_140","market_047",1,-1.04266343632379,0,1,7,0
"06","unit_140","market_047",2,-0.861302014325132,0,1,7,0
"06","unit_140","market_047",3,-0.891101512375667,0,1,7,0
"06","unit_140","market_047",4,-0.887700908782835,0,1,7,0
"06","unit_140","market_047",5,-0.915587693828559,0,1,7,0
"06","unit_140","market_047",6,-0.846286828226434,0,1,7,0
"06","unit_140","market_047",7,-0.616110002055973,1,1,7,0
"06","unit_140","market_047",8,-0.46590639670955,1,1,7,0
"06","unit_140","market_047",9,-0.527450461793745,1,1,7,0
"06","unit_140","market_047",10,-0.484606476960163,1,1,7,0
"06","unit_140","market_047",11,-0.371475200165302,1,1,7,0
"06","unit_140","market_047",12,-0.299479920116055,1,1,7,0
"06","unit_141","market_047",1,-0.308004427982519,0,0,,5
"06","unit_141","market_047",2,-0.278169459207307,0,0,,5
"06","unit_141","market_047",3,-0.276937194683654,0,0,,5
"06","unit_141","market_047",4,-0.162249667058689,0,0,,5
"06","unit_141","market_047",5,-0.154602612331875,0,0,,5
"06","unit_141","market_047",6,-0.22376589407269,0,0,,5
"06","unit_141","market_047",7,-0.136522882875627,0,0,,5
"06","unit_141","market_047",8,-0.152654515686268,0,0,,5
"06","unit_141","market_047",9,-0.0890363522698155,0,0,,5
"06","unit_141","market_047",10,-0.0996473651551775,0,0,,5
"06","unit_141","market_047",11,-0.0576210679825043,0,0,,5
"06","unit_141","market_047",12,0.161401969805889,0,0,,5
"06","unit_142","market_048",1,0.35686167404583,0,1,7,0
"06","unit_142","market_048",2,0.372830229288619,0,1,7,0
"06","unit_142","market_048",3,0.396607581208055,0,1,7,0
"06","unit_142","market_048",4,0.462951207514003,0,1,7,0
"06","unit_142","market_048",5,0.493110450738926,0,1,7,0
"06","unit_142","market_048",6,0.5032800191584,0,1,7,0
"06","unit_142","market_048",7,0.759108271843863,1,1,7,0
"06","unit_142","market_048",8,0.78762557764442,1,1,7,0
"06","unit_142","market_048",9,0.810062341250405,1,1,7,0
"06","unit_142","market_048",10,0.988561507656819,1,1,7,0
"06","unit_142","market_048",11,0.99101499010073,1,1,7,0
"06","unit_142","market_048",12,1.00503068597,1,1,7,0
"06","unit_143","market_048",1,-0.25103427688204,0,0,,1
"06","unit_143","market_048",2,-0.252898531260838,0,0,,1
"06","unit_143","market_048",3,-0.189676296712906,0,0,,1
"06","unit_143","market_048",4,-0.207111018908946,0,0,,1
"06","unit_143","market_048",5,-0.211787050301314,0,0,,1
"06","unit_143","market_048",6,-0.0232593989868114,0,0,,1
"06","unit_143","market_048",7,-0.079568877080441,0,0,,1
"06","unit_143","market_048",8,0.0154945808613966,0,0,,1
"06","unit_143","market_048",9,0.0507666190824898,0,0,,1
"06","unit_143","market_048",10,0.105830343465279,0,0,,1
"06","unit_143","market_048",11,0.128784689137274,0,0,,1
"06","unit_143","market_048",12,0.14098500993151,0,0,,1
"06","unit_144","market_048",1,0.312034625826444,0,0,,5
"06","unit_144","market_048",2,0.391927880633267,0,0,,5
"06","unit_144","market_048",3,0.416949224616663,0,0,,5
"06","unit_144","market_048",4,0.462883224857994,0,0,,5
"06","unit_144","market_048",5,0.416269390988674,0,0,,5
"06","unit_144","market_048",6,0.469745892026297,0,0,,5
"06","unit_144","market_048",7,0.471567115730229,0,0,,5
"06","unit_144","market_048",8,0.463144770713534,0,0,,5
"06","unit_144","market_048",9,0.520574514298905,0,0,,5
"06","unit_144","market_048",10,0.642402510151261,0,0,,5
"06","unit_144","market_048",11,0.482957146394021,0,0,,5
"06","unit_144","market_048",12,0.640856212404748,0,0,,5
"06","unit_145","market_049",1,-0.240889976170629,0,0,,5
"06","unit_145","market_049",2,-0.118660069953092,0,0,,5
"06","unit_145","market_049",3,-0.165770412588004,0,0,,5
"06","unit_145","market_049",4,-0.223817659008732,0,0,,5
"06","unit_145","market_049",5,-0.134281489746727,0,0,,5
"06","unit_145","market_049",6,-0.193541491542902,0,0,,5
"06","unit_145","market_049",7,-0.158908585197814,0,0,,5
"06","unit_145","market_049",8,-0.093536912448618,0,0,,5
"06","unit_145","market_049",9,-0.134635472942937,0,0,,5
"06","unit_145","market_049",10,-0.119629319586261,0,0,,5
"06","unit_145","market_049",11,-0.0302450516689874,0,0,,5
"06","unit_145","market_049",12,0.0683877936821032,0,0,,5
"06","unit_146","market_049",1,0.231093236322997,0,0,,1
"06","unit_146","market_049",2,0.285468993079044,0,0,,1
"06","unit_146","market_049",3,0.253583555224218,0,0,,1
"06","unit_146","market_049",4,0.373980584259897,0,0,,1
"06","unit_146","market_049",5,0.349916485500604,0,0,,1
"06","unit_146","market_049",6,0.277025291409226,0,0,,1
"06","unit_146","market_049",7,0.459229122341251,0,0,,1
"06","unit_146","market_049",8,0.489383755097394,0,0,,1
"06","unit_146","market_049",9,0.563745192149648,0,0,,1
"06","unit_146","market_049",10,0.635990658402825,0,0,,1
"06","unit_146","market_049",11,0.615204400125534,0,0,,1
"06","unit_146","market_049",12,0.771218683183456,0,0,,1
"06","unit_147","market_049",1,0.511897014470779,0,1,7,0
"06","unit_147","market_049",2,0.397298063032383,0,1,7,0
"06","unit_147","market_049",3,0.524149151070128,0,1,7,0
"06","unit_147","market_049",4,0.466780232789311,0,1,7,0
"06","unit_147","market_049",5,0.488249539259049,0,1,7,0
"06","unit_147","market_049",6,0.606010188468194,0,1,7,0
"06","unit_147","market_049",7,0.835193020966827,1,1,7,0
"06","unit_147","market_049",8,0.807717464038931,1,1,7,0
"06","unit_147","market_049",9,1.02407085670524,1,1,7,0
"06","unit_147","market_049",10,0.984371990623622,1,1,7,0
"06","unit_147","market_049",11,0.962993816372172,1,1,7,0
"06","unit_147","market_049",12,1.02872419191262,1,1,7,0
"06","unit_148","market_050",1,0.463885598019534,0,0,,1
"06","unit_148","market_050",2,0.526580796997423,0,0,,1
"06","unit_148","market_050",3,0.594057854530272,0,0,,1
"06","unit_148","market_050",4,0.564305280933228,0,0,,1
"06","unit_148","market_050",5,0.503253847143847,0,0,,1
"06","unit_148","market_050",6,0.571283358810486,0,0,,1
"06","unit_148","market_050",7,0.736594251952767,0,0,,1
"06","unit_148","market_050",8,0.73419522593209,0,0,,1
"06","unit_148","market_050",9,0.784835803636561,0,0,,1
"06","unit_148","market_050",10,0.897607082442638,0,0,,1
"06","unit_148","market_050",11,0.894026872183281,0,0,,1
"06","unit_148","market_050",12,0.905098856599024,0,0,,1
"06","unit_149","market_050",1,0.0701324256873314,0,1,7,0
"06","unit_149","market_050",2,-0.0675153020874442,0,1,7,0
"06","unit_149","market_050",3,0.10380220409651,0,1,7,0
"06","unit_149","market_050",4,0.165925745388496,0,1,7,0
"06","unit_149","market_050",5,0.158916405261083,0,1,7,0
"06","unit_149","market_050",6,0.174389189851438,0,1,7,0
"06","unit_149","market_050",7,0.513234020747768,1,1,7,0
"06","unit_149","market_050",8,0.558187818201018,1,1,7,0
"06","unit_149","market_050",9,0.569001392818793,1,1,7,0
"06","unit_149","market_050",10,0.590561400927194,1,1,7,0
"06","unit_149","market_050",11,0.649635982676555,1,1,7,0
"06","unit_149","market_050",12,0.672662289939161,1,1,7,0
"06","unit_150","market_050",1,-0.108783455268637,0,0,,5
"06","unit_150","market_050",2,-0.0141561073820809,0,0,,5
"06","unit_150","market_050",3,0.0725733158018604,0,0,,5
"06","unit_150","market_050",4,0.0674964731423606,0,0,,5
"06","unit_150","market_050",5,0.166132747271598,0,0,,5
"06","unit_150","market_050",6,0.0883271200354655,0,0,,5
"06","unit_150","market_050",7,0.0877932197295723,0,0,,5
"06","unit_150","market_050",8,0.0890605128853449,0,0,,5
"06","unit_150","market_050",9,0.163258786280738,0,0,,5
"06","unit_150","market_050",10,0.165933096654212,0,0,,5
"06","unit_150","market_050",11,0.229253914674813,0,0,,5
"06","unit_150","market_050",12,0.158170862973233,0,0,,5
"06","unit_151","market_051",1,-0.323297257150691,0,0,,1
"06","unit_151","market_051",2,-0.225708029951461,0,0,,1
"06","unit_151","market_051",3,-0.221741112712188,0,0,,1
"06","unit_151","market_051",4,-0.214543297445523,0,0,,1
"06","unit_151","market_051",5,-0.13002651753084,0,0,,1
"06","unit_151","market_051",6,-0.181504710664033,0,0,,1
"06","unit_151","market_051",7,-0.128670870635014,0,0,,1
"06","unit_151","market_051",8,0.00849888387282344,0,0,,1
"06","unit_151","market_051",9,0.122747459399864,0,0,,1
"06","unit_151","market_051",10,0.129469904709039,0,0,,1
"06","unit_151","market_051",11,0.108535630365756,0,0,,1
"06","unit_151","market_051",12,0.19951278604934,0,0,,1
"06","unit_152","market_051",1,0.53667672684329,0,0,,5
"06","unit_152","market_051",2,0.703408901644065,0,0,,5
"06","unit_152","market_051",3,0.700926632019322,0,0,,5
"06","unit_152","market_051",4,0.71373345693939,0,0,,5
"06","unit_152","market_051",5,0.695636383883142,0,0,,5
"06","unit_152","market_051",6,0.788168790293457,0,0,,5
"06","unit_152","market_051",7,0.698970904613644,0,0,,5
"06","unit_152","market_051",8,0.803442765473389,0,0,,5
"06","unit_152","market_051",9,0.795613493774995,0,0,,5
"06","unit_152","market_051",10,0.715646237212896,0,0,,5
"06","unit_152","market_051",11,0.939199729045918,0,0,,5
"06","unit_152","market_051",12,0.96495473849134,0,0,,5
"06","unit_153","market_051",1,-0.681645230902468,0,1,7,0
"06","unit_153","market_051",2,-0.703950304081053,0,1,7,0
"06","unit_153","market_051",3,-0.585889887332416,0,1,7,0
"06","unit_153","market_051",4,-0.562809983305629,0,1,7,0
"06","unit_153","market_051",5,-0.600347215196606,0,1,7,0
"06","unit_153","market_051",6,-0.572906885241966,0,1,7,0
"06","unit_153","market_051",7,-0.234546323636988,1,1,7,0
"06","unit_153","market_051",8,-0.223209050803764,1,1,7,0
"06","unit_153","market_051",9,-0.272403380280062,1,1,7,0
"06","unit_153","market_051",10,-0.164225291275549,1,1,7,0
"06","unit_153","market_051",11,-0.0438609246631271,1,1,7,0
"06","unit_153","market_051",12,-0.0449211327579656,1,1,7,0
"06","unit_154","market_052",1,-0.0994444098434633,0,1,7,0
"06","unit_154","market_052",2,-0.054958095704127,0,1,7,0
"06","unit_154","market_052",3,0.0168505818006692,0,1,7,0
"06","unit_154","market_052",4,0.0162379327480324,0,1,7,0
"06","unit_154","market_052",5,-0.0107567992254665,0,1,7,0
"06","unit_154","market_052",6,0.0986616740486551,0,1,7,0
"06","unit_154","market_052",7,0.352429585149273,1,1,7,0
"06","unit_154","market_052",8,0.375116951745099,1,1,7,0
"06","unit_154","market_052",9,0.402294681637392,1,1,7,0
"06","unit_154","market_052",10,0.430237155106426,1,1,7,0
"06","unit_154","market_052",11,0.512973562840721,1,1,7,0
"06","unit_154","market_052",12,0.568176036709095,1,1,7,0
"06","unit_155","market_052",1,0.777902578173567,0,0,,5
"06","unit_155","market_052",2,0.685186423196465,0,0,,5
"06","unit_155","market_052",3,0.749161887437348,0,0,,5
"06","unit_155","market_052",4,0.805030757423493,0,0,,5
"06","unit_155","market_052",5,0.786424501435504,0,0,,5
"06","unit_155","market_052",6,0.811672654832125,0,0,,5
"06","unit_155","market_052",7,0.777062402167445,0,0,,5
"06","unit_155","market_052",8,0.84711923271542,0,0,,5
"06","unit_155","market_052",9,0.909084506481872,0,0,,5
"06","unit_155","market_052",10,1.0192064375333,0,0,,5
"06","unit_155","market_052",11,1.00158597790155,0,0,,5
"06","unit_155","market_052",12,1.05567873554256,0,0,,5
"06","unit_156","market_052",1,-0.413307230076789,0,0,,1
"06","unit_156","market_052",2,-0.412425473524823,0,0,,1
"06","unit_156","market_052",3,-0.407369645478414,0,0,,1
"06","unit_156","market_052",4,-0.320629577900676,0,0,,1
"06","unit_156","market_052",5,-0.309652434497449,0,0,,1
"06","unit_156","market_052",6,-0.356077039832823,0,0,,1
"06","unit_156","market_052",7,-0.160868641784036,0,0,,1
"06","unit_156","market_052",8,-0.108046851091269,0,0,,1
"06","unit_156","market_052",9,-0.102189188092168,0,0,,1
"06","unit_156","market_052",10,-0.145537040054227,0,0,,1
"06","unit_156","market_052",11,0.0245567504999828,0,0,,1
"06","unit_156","market_052",12,0.139678510870528,0,0,,1
"06","unit_157","market_053",1,0.20306661693178,0,0,,5
"06","unit_157","market_053",2,0.401579066517503,0,0,,5
"06","unit_157","market_053",3,0.293255759085001,0,0,,5
"06","unit_157","market_053",4,0.361416973783831,0,0,,5
"06","unit_157","market_053",5,0.429894836945532,0,0,,5
"06","unit_157","market_053",6,0.38038427362347,0,0,,5
"06","unit_157","market_053",7,0.380268001063813,0,0,,5
"06","unit_157","market_053",8,0.396501134283463,0,0,,5
"06","unit_157","market_053",9,0.499313326187956,0,0,,5
"06","unit_157","market_053",10,0.494447816549889,0,0,,5
"06","unit_157","market_053",11,0.587716956539713,0,0,,5
"06","unit_157","market_053",12,0.657617703815152,0,0,,5
"06","unit_158","market_053",1,0.499863894410083,0,0,,1
"06","unit_158","market_053",2,0.567826878857417,0,0,,1
"06","unit_158","market_053",3,0.567821062426091,0,0,,1
"06","unit_158","market_053",4,0.492010453342732,0,0,,1
"06","unit_158","market_053",5,0.637530891782826,0,0,,1
"06","unit_158","market_053",6,0.589199217896679,0,0,,1
"06","unit_158","market_053",7,0.776228956814057,0,0,,1
"06","unit_158","market_053",8,0.748844724304236,0,0,,1
"06","unit_158","market_053",9,0.686543124006277,0,0,,1
"06","unit_158","market_053",10,0.865290938065368,0,0,,1
"06","unit_158","market_053",11,0.970802858103174,0,0,,1
"06","unit_158","market_053",12,0.999472219080622,0,0,,1
"06","unit_159","market_053",1,-0.478764812359707,0,1,7,0
"06","unit_159","market_053",2,-0.489041338671041,0,1,7,0
"06","unit_159","market_053",3,-0.357569377838313,0,1,7,0
"06","unit_159","market_053",4,-0.265200197420443,0,1,7,0
"06","unit_159","market_053",5,-0.371123184461645,0,1,7,0
"06","unit_159","market_053",6,-0.322021396616277,0,1,7,0
"06","unit_159","market_053",7,-0.0532256104763659,1,1,7,0
"06","unit_159","market_053",8,0.0560494628954848,1,1,7,0
"06","unit_159","market_053",9,-0.0724527089478367,1,1,7,0
"06","unit_159","market_053",10,0.0477518616773281,1,1,7,0
"06","unit_159","market_053",11,0.133668074653628,1,1,7,0
"06","unit_159","market_053",12,0.181088947438816,1,1,7,0
"06","unit_160","market_054",1,-0.0531362156088448,0,1,7,0
"06","unit_160","market_054",2,0.0128511294475793,0,1,7,0
"06","unit_160","market_054",3,-0.0258340904316527,0,1,7,0
"06","unit_160","market_054",4,0.106376008679452,0,1,7,0
"06","unit_160","market_054",5,0.0340966883532518,0,1,7,0
"06","unit_160","market_054",6,-0.02184372386443,0,1,7,0
"06","unit_160","market_054",7,0.393569231253444,1,1,7,0
"06","unit_160","market_054",8,0.414209947417459,1,1,7,0
"06","unit_160","market_054",9,0.418443537866235,1,1,7,0
"06","unit_160","market_054",10,0.452353310724677,1,1,7,0
"06","unit_160","market_054",11,0.524529387659885,1,1,7,0
"06","unit_160","market_054",12,0.716068889837324,1,1,7,0
"06","unit_161","market_054",1,0.424778568931097,0,0,,1
"06","unit_161","market_054",2,0.427611453435509,0,0,,1
"06","unit_161","market_054",3,0.514959543737461,0,0,,1
"06","unit_161","market_054",4,0.539484669375415,0,0,,1
"06","unit_161","market_054",5,0.537076805999777,0,0,,1
"06","unit_161","market_054",6,0.523284011361035,0,0,,1
"06","unit_161","market_054",7,0.774710195642912,0,0,,1
"06","unit_161","market_054",8,0.76768634404201,0,0,,1
"06","unit_161","market_054",9,0.713053015879591,0,0,,1
"06","unit_161","market_054",10,0.724631128464889,0,0,,1
"06","unit_161","market_054",11,0.89904351753575,0,0,,1
"06","unit_161","market_054",12,0.879926048038895,0,0,,1
"06","unit_162","market_054",1,0.168459836028644,0,0,,5
"06","unit_162","market_054",2,0.167134112917476,0,0,,5
"06","unit_162","market_054",3,0.216043228853318,0,0,,5
"06","unit_162","market_054",4,0.199074084481528,0,0,,5
"06","unit_162","market_054",5,0.230504599175677,0,0,,5
"06","unit_162","market_054",6,0.20533138769215,0,0,,5
"06","unit_162","market_054",7,0.328454059821521,0,0,,5
"06","unit_162","market_054",8,0.258709864491264,0,0,,5
"06","unit_162","market_054",9,0.282314537640953,0,0,,5
"06","unit_162","market_054",10,0.382043411341233,0,0,,5
"06","unit_162","market_054",11,0.355277076832429,0,0,,5
"06","unit_162","market_054",12,0.574845237517134,0,0,,5
"06","unit_163","market_055",1,0.095804234907769,0,1,7,0
"06","unit_163","market_055",2,0.261225802043427,0,1,7,0
"06","unit_163","market_055",3,0.204096533325612,0,1,7,0
"06","unit_163","market_055",4,0.235731306656223,0,1,7,0
"06","unit_163","market_055",5,0.294605618982152,0,1,7,0
"06","unit_163","market_055",6,0.288269629492806,0,1,7,0
"06","unit_163","market_055",7,0.552448904596565,1,1,7,0
"06","unit_163","market_055",8,0.591696510728448,1,1,7,0
"06","unit_163","market_055",9,0.572699137190548,1,1,7,0
"06","unit_163","market_055",10,0.62420966835489,1,1,7,0
"06","unit_163","market_055",11,0.705686922908335,1,1,7,0
"06","unit_163","market_055",12,0.699934011388661,1,1,7,0
"06","unit_164","market_055",1,0.128755346166156,0,0,,1
"06","unit_164","market_055",2,0.260579916013293,0,0,,1
"06","unit_164","market_055",3,0.216596109558049,0,0,,1
"06","unit_164","market_055",4,0.344704784043424,0,0,,1
"06","unit_164","market_055",5,0.396554242886317,0,0,,1
"06","unit_164","market_055",6,0.285061569368331,0,0,,1
"06","unit_164","market_055",7,0.476315526119092,0,0,,1
"06","unit_164","market_055",8,0.438654445053113,0,0,,1
"06","unit_164","market_055",9,0.499521986385534,0,0,,1
"06","unit_164","market_055",10,0.585203424038629,0,0,,1
"06","unit_164","market_055",11,0.70188578357781,0,0,,1
"06","unit_164","market_055",12,0.701151236854174,0,0,,1
"06","unit_165","market_055",1,0.251212532007502,0,0,,5
"06","unit_165","market_055",2,0.415393116810574,0,0,,5
"06","unit_165","market_055",3,0.311030111239177,0,0,,5
"06","unit_165","market_055",4,0.379864339343706,0,0,,5
"06","unit_165","market_055",5,0.403781625061851,0,0,,5
"06","unit_165","market_055",6,0.386031407100729,0,0,,5
"06","unit_165","market_055",7,0.386356122635622,0,0,,5
"06","unit_165","market_055",8,0.463291311260413,0,0,,5
"06","unit_165","market_055",9,0.369326911084846,0,0,,5
"06","unit_165","market_055",10,0.465894187638852,0,0,,5
"06","unit_165","market_055",11,0.498320319187208,0,0,,5
"06","unit_165","market_055",12,0.548364005602396,0,0,,5
"06","unit_166","market_056",1,0.314271703845041,0,0,,1
"06","unit_166","market_056",2,0.29178366061561,0,0,,1
"06","unit_166","market_056",3,0.424565266283691,0,0,,1
"06","unit_166","market_056",4,0.357998441558306,0,0,,1
"06","unit_166","market_056",5,0.427217742263763,0,0,,1
"06","unit_166","market_056",6,0.461783098738482,0,0,,1
"06","unit_166","market_056",7,0.51741516838104,0,0,,1
"06","unit_166","market_056",8,0.558208201450966,0,0,,1
"06","unit_166","market_056",9,0.574388186580576,0,0,,1
"06","unit_166","market_056",10,0.680659861898182,0,0,,1
"06","unit_166","market_056",11,0.727948821953502,0,0,,1
"06","unit_166","market_056",12,0.794487897250597,0,0,,1
"06","unit_167","market_056",1,0.0391848764204035,0,0,,5
"06","unit_167","market_056",2,0.171278161018035,0,0,,5
"06","unit_167","market_056",3,0.196607356562308,0,0,,5
"06","unit_167","market_056",4,0.165268716825784,0,0,,5
"06","unit_167","market_056",5,0.288187289209988,0,0,,5
"06","unit_167","market_056",6,0.267757023419887,0,0,,5
"06","unit_167","market_056",7,0.15258036370267,0,0,,5
"06","unit_167","market_056",8,0.195652843616729,0,0,,5
"06","unit_167","market_056",9,0.285746031430142,0,0,,5
"06","unit_167","market_056",10,0.411985585256469,0,0,,5
"06","unit_167","market_056",11,0.367351766473609,0,0,,5
"06","unit_167","market_056",12,0.462822178076301,0,0,,5
"06","unit_168","market_056",1,0.0492449343837706,0,1,7,0
"06","unit_168","market_056",2,0.12390698816196,0,1,7,0
"06","unit_168","market_056",3,0.0760734932457783,0,1,7,0
"06","unit_168","market_056",4,0.155306940120239,0,1,7,0
"06","unit_168","market_056",5,0.195645728882459,0,1,7,0
"06","unit_168","market_056",6,0.20615512219935,0,1,7,0
"06","unit_168","market_056",7,0.444964846974311,1,1,7,0
"06","unit_168","market_056",8,0.541894034296474,1,1,7,0
"06","unit_168","market_056",9,0.595430360382289,1,1,7,0
"06","unit_168","market_056",10,0.650859874561915,1,1,7,0
"06","unit_168","market_056",11,0.623288350746733,1,1,7,0
"06","unit_168","market_056",12,0.72831847036741,1,1,7,0
"06","unit_169","market_057",1,-0.208597487494051,0,0,,1
"06","unit_169","market_057",2,-0.25661251741329,0,0,,1
"06","unit_169","market_057",3,-0.198509587551209,0,0,,1
"06","unit_169","market_057",4,-0.106066924684254,0,0,,1
"06","unit_169","market_057",5,-0.133723671319325,0,0,,1
"06","unit_169","market_057",6,-0.210561936405572,0,0,,1
"06","unit_169","market_057",7,0.0302812374083574,0,0,,1
"06","unit_169","market_057",8,0.0414143944793519,0,0,,1
"06","unit_169","market_057",9,-0.0488323756046435,0,0,,1
"06","unit_169","market_057",10,0.0940852186434905,0,0,,1
"06","unit_169","market_057",11,0.0857097221082513,0,0,,1
"06","unit_169","market_057",12,0.237283499204383,0,0,,1
"06","unit_170","market_057",1,0.393601274859439,0,1,7,0
"06","unit_170","market_057",2,0.371106850858706,0,1,7,0
"06","unit_170","market_057",3,0.447757342059781,0,1,7,0
"06","unit_170","market_057",4,0.413335540323328,0,1,7,0
"06","unit_170","market_057",5,0.527442881793368,0,1,7,0
"06","unit_170","market_057",6,0.43605676506696,0,1,7,0
"06","unit_170","market_057",7,0.766064051487937,1,1,7,0
"06","unit_170","market_057",8,0.854662828837448,1,1,7,0
"06","unit_170","market_057",9,0.860371699372856,1,1,7,0
"06","unit_170","market_057",10,0.976486643296568,1,1,7,0
"06","unit_170","market_057",11,0.93919986140087,1,1,7,0
"06","unit_170","market_057",12,1.15601850293776,1,1,7,0
"06","unit_171","market_057",1,-0.134316637178808,0,0,,5
"06","unit_171","market_057",2,-0.0193561491611836,0,0,,5
"06","unit_171","market_057",3,0.0967436064001921,0,0,,5
"06","unit_171","market_057",4,0.0378374302745599,0,0,,5
"06","unit_171","market_057",5,0.113556216912442,0,0,,5
"06","unit_171","market_057",6,0.0702555675738553,0,0,,5
"06","unit_171","market_057",7,0.156048430601056,0,0,,5
"06","unit_171","market_057",8,0.101334353523477,0,0,,5
"06","unit_171","market_057",9,0.130536923304389,0,0,,5
"06","unit_171","market_057",10,0.132346116522412,0,0,,5
"06","unit_171","market_057",11,0.289440441161597,0,0,,5
"06","unit_171","market_057",12,0.255355304995094,0,0,,5
"06","unit_172","market_058",1,0.258715827592641,0,0,,1
"06","unit_172","market_058",2,0.335643835477504,0,0,,1
"06","unit_172","market_058",3,0.261196081557849,0,0,,1
"06","unit_172","market_058",4,0.319096455908848,0,0,,1
"06","unit_172","market_058",5,0.366583362549457,0,0,,1
"06","unit_172","market_058",6,0.317395032455788,0,0,,1
"06","unit_172","market_058",7,0.399246256899787,0,0,,1
"06","unit_172","market_058",8,0.533382541469973,0,0,,1
"06","unit_172","market_058",9,0.489404388885558,0,0,,1
"06","unit_172","market_058",10,0.485172483607608,0,0,,1
"06","unit_172","market_058",11,0.644716084245235,0,0,,1
"06","unit_172","market_058",12,0.575910094370993,0,0,,1
"06","unit_173","market_058",1,-0.65584188045704,0,1,7,0
"06","unit_173","market_058",2,-0.520865356893459,0,1,7,0
"06","unit_173","market_058",3,-0.447610870932078,0,1,7,0
"06","unit_173","market_058",4,-0.515067179650303,0,1,7,0
"06","unit_173","market_058",5,-0.533946362253672,0,1,7,0
"06","unit_173","market_058",6,-0.415999107210874,0,1,7,0
"06","unit_173","market_058",7,-0.174894991824709,1,1,7,0
"06","unit_173","market_058",8,-0.200050479721978,1,1,7,0
"06","unit_173","market_058",9,-0.0673912746003624,1,1,7,0
"06","unit_173","market_058",10,-0.0715193488433005,1,1,7,0
"06","unit_173","market_058",11,0.0411834032218501,1,1,7,0
"06","unit_173","market_058",12,0.0764010813438672,1,1,7,0
"06","unit_174","market_058",1,-0.0595913529188359,0,0,,5
"06","unit_174","market_058",2,-0.0240513348540883,0,0,,5
"06","unit_174","market_058",3,-0.0135578044342578,0,0,,5
"06","unit_174","market_058",4,0.026829181120842,0,0,,5
"06","unit_174","market_058",5,0.0634168534095021,0,0,,5
"06","unit_174","market_058",6,0.0673584921980753,0,0,,5
"06","unit_174","market_058",7,0.0433730072164004,0,0,,5
"06","unit_174","market_058",8,0.120682387560283,0,0,,5
"06","unit_174","market_058",9,0.0490211222022665,0,0,,5
"06","unit_174","market_058",10,0.0721222354884679,0,0,,5
"06","unit_174","market_058",11,0.143650886199557,0,0,,5
"06","unit_174","market_058",12,0.288861151830469,0,0,,5
"06","unit_175","market_059",1,0.367075526074356,0,1,7,0
"06","unit_175","market_059",2,0.493551705360397,0,1,7,0
"06","unit_175","market_059",3,0.520712057700332,0,1,7,0
"06","unit_175","market_059",4,0.584285672237467,0,1,7,0
"06","unit_175","market_059",5,0.515649523770717,0,1,7,0
"06","unit_175","market_059",6,0.56326176794768,0,1,7,0
"06","unit_175","market_059",7,0.795548674567712,1,1,7,0
"06","unit_175","market_059",8,0.901153166509456,1,1,7,0
"06","unit_175","market_059",9,1.00056710100129,1,1,7,0
"06","unit_175","market_059",10,0.995148432801585,1,1,7,0
"06","unit_175","market_059",11,1.0674948628148,1,1,7,0
"06","unit_175","market_059",12,1.10211618010983,1,1,7,0
"06","unit_176","market_059",1,0.309591330551971,0,0,,1
"06","unit_176","market_059",2,0.174220533541312,0,0,,1
"06","unit_176","market_059",3,0.305657706989302,0,0,,1
"06","unit_176","market_059",4,0.339491813669818,0,0,,1
"06","unit_176","market_059",5,0.459313242344572,0,0,,1
"06","unit_176","market_059",6,0.278548079990153,0,0,,1
"06","unit_176","market_059",7,0.43157355824787,0,0,,1
"06","unit_176","market_059",8,0.426614909742693,0,0,,1
"06","unit_176","market_059",9,0.521072915086408,0,0,,1
"06","unit_176","market_059",10,0.602295680441303,0,0,,1
"06","unit_176","market_059",11,0.605659737023595,0,0,,1
"06","unit_176","market_059",12,0.686882391637673,0,0,,1
"06","unit_177","market_059",1,0.434960948406295,0,0,,5
"06","unit_177","market_059",2,0.565461188681508,0,0,,5
"06","unit_177","market_059",3,0.604948900341455,0,0,,5
"06","unit_177","market_059",4,0.636968484799995,0,0,,5
"06","unit_177","market_059",5,0.611413505105846,0,0,,5
"06","unit_177","market_059",6,0.680133931300759,0,0,,5
"06","unit_177","market_059",7,0.664398369133454,0,0,,5
"06","unit_177","market_059",8,0.676578430150107,0,0,,5
"06","unit_177","market_059",9,0.647659777709239,0,0,,5
"06","unit_177","market_059",10,0.754968586596018,0,0,,5
"06","unit_177","market_059",11,0.880281203938667,0,0,,5
"06","unit_177","market_059",12,0.846019146515644,0,0,,5
"06","unit_178","market_060",1,-0.242158290860705,0,1,7,0
"06","unit_178","market_060",2,-0.25432399879981,0,1,7,0
"06","unit_178","market_060",3,-0.229545167741845,0,1,7,0
"06","unit_178","market_060",4,-0.274545447924617,0,1,7,0
"06","unit_178","market_060",5,-0.242698418913062,0,1,7,0
"06","unit_178","market_060",6,-0.192436996333052,0,1,7,0
"06","unit_178","market_060",7,0.0558007399608924,1,1,7,0
"06","unit_178","market_060",8,0.209830074282451,1,1,7,0
"06","unit_178","market_060",9,0.13103199018272,1,1,7,0
"06","unit_178","market_060",10,0.293317014670223,1,1,7,0
"06","unit_178","market_060",11,0.277238878060369,1,1,7,0
"06","unit_178","market_060",12,0.388811645768099,1,1,7,0
"06","unit_179","market_060",1,0.468558875357805,0,0,,5
"06","unit_179","market_060",2,0.579995254211315,0,0,,5
"06","unit_179","market_060",3,0.568722671225681,0,0,,5
"06","unit_179","market_060",4,0.52074786162714,0,0,,5
"06","unit_179","market_060",5,0.614487069692198,0,0,,5
"06","unit_179","market_060",6,0.611060676862657,0,0,,5
"06","unit_179","market_060",7,0.557972476586303,0,0,,5
"06","unit_179","market_060",8,0.601060011044352,0,0,,5
"06","unit_179","market_060",9,0.671645885078386,0,0,,5
"06","unit_179","market_060",10,0.697758223059618,0,0,,5
"06","unit_179","market_060",11,0.813374068414649,0,0,,5
"06","unit_179","market_060",12,0.874982688015275,0,0,,5
"06","unit_180","market_060",1,-0.182092979185339,0,0,,1
"06","unit_180","market_060",2,-0.35652611743828,0,0,,1
"06","unit_180","market_060",3,-0.203948977009558,0,0,,1
"06","unit_180","market_060",4,-0.062250101814694,0,0,,1
"06","unit_180","market_060",5,-0.105249546210074,0,0,,1
"06","unit_180","market_060",6,-0.171524528205257,0,0,,1
"06","unit_180","market_060",7,-0.0205013331921596,0,0,,1
"06","unit_180","market_060",8,0.0661466291287772,0,0,,1
"06","unit_180","market_060",9,0.0668196411241705,0,0,,1
"06","unit_180","market_060",10,0.127873499358748,0,0,,1
"06","unit_180","market_060",11,0.237523418761671,0,0,,1
"06","unit_180","market_060",12,0.242396137884158,0,0,,1
