"case_id","unit_id","market_id","period","outcome","treated","ever_treated","adoption_period"
"05","unit_001","market_001",1,0.0709203559663401,0,1,7
"05","unit_001","market_001",2,0.191663514006151,0,1,7
"05","unit_001","market_001",3,0.283752967589246,0,1,7
"05","unit_001","market_001",4,0.220772620602739,0,1,7
"05","unit_001","market_001",5,0.269750000998317,0,1,7
"05","unit_001","market_001",6,0.296350377599547,0,1,7
"05","unit_001","market_001",7,0.386765793799596,1,1,7
"05","unit_001","market_001",8,0.530627808639031,1,1,7
"05","unit_001","market_001",9,0.62903326460351,1,1,7
"05","unit_001","market_001",10,0.885547115003337,1,1,7
"05","unit_001","market_001",11,0.93979659556269,1,1,7
"05","unit_001","market_001",12,1.15485028275737,1,1,7
"05","unit_001","market_001",13,1.2243172700893,1,1,7
"05","unit_001","market_001",14,1.49654901744532,1,1,7
"05","unit_001","market_001",15,1.57425202844784,1,1,7
"05","unit_001","market_001",16,1.72036159805536,1,1,7
"05","unit_002","market_002",1,0.601209494034652,0,1,7
"05","unit_002","market_002",2,0.687226475252758,0,1,7
"05","unit_002","market_002",3,0.76333846558696,0,1,7
"05","unit_002","market_002",4,0.787495791399865,0,1,7
"05","unit_002","market_002",5,0.663997940283864,0,1,7
"05","unit_002","market_002",6,0.830507781065661,0,1,7
"05","unit_002","market_002",7,0.928980484732784,1,1,7
"05","unit_002","market_002",8,0.975370168143654,1,1,7
"05","unit_002","market_002",9,1.12738968800335,1,1,7
"05","unit_002","market_002",10,1.29069291555589,1,1,7
"05","unit_002","market_002",11,1.44290282972694,1,1,7
"05","unit_002","market_002",12,1.57506453216323,1,1,7
"05","unit_002","market_002",13,1.68965541625295,1,1,7
"05","unit_002","market_002",14,1.91500393234532,1,1,7
"05","unit_002","market_002",15,2.05229408247526,1,1,7
"05","unit_002","market_002",16,2.17930191042263,1,1,7
"05","unit_003","market_003",1,0.338337297143038,0,1,7
"05","unit_003","market_003",2,0.388184564723915,0,1,7
"05","unit_003","market_003",3,0.438033571097874,0,1,7
"05","unit_003","market_003",4,0.452061094535105,0,1,7
"05","unit_003","market_003",5,0.341345531797509,0,1,7
"05","unit_003","market_003",6,0.488859238211464,0,1,7
"05","unit_003","market_003",7,0.491566053295038,1,1,7
"05","unit_003","market_003",8,0.688721769773497,1,1,7
"05","unit_003","market_003",9,0.82282983612674,1,1,7
"05","unit_003","market_003",10,0.942694088567036,1,1,7
"05","unit_003","market_003",11,1.1322071223485,1,1,7
"05","unit_003","market_003",12,1.2053988737599,1,1,7
"05","unit_003","market_003",13,1.45856355360665,1,1,7
"05","unit_003","market_003",14,1.67283643754431,1,1,7
"05","unit_003","market_003",15,1.74888594938747,1,1,7
"05","unit_003","market_003",16,1.88373148597243,1,1,7
"05","unit_004","market_004",1,0.638311475303696,0,1,7
"05","unit_004","market_004",2,0.721216914501997,0,1,7
"05","unit_004","market_004",3,0.751100014096283,0,1,7
"05","unit_004","market_004",4,0.821427518005374,0,1,7
"05","unit_004","market_004",5,0.860526070495856,0,1,7
"05","unit_004","market_004",6,0.836902438200817,0,1,7
"05","unit_004","market_004",7,0.974538984728881,1,1,7
"05","unit_004","market_004",8,1.07607481305699,1,1,7
"05","unit_004","market_004",9,1.19029224968491,1,1,7
"05","unit_004","market_004",10,1.41109014579286,1,1,7
"05","unit_004","market_004",11,1.46081723766536,1,1,7
"05","unit_004","market_004",12,1.72214844881277,1,1,7
"05","unit_004","market_004",13,1.77371187927997,1,1,7
"05","unit_004","market_004",14,1.91398684034419,1,1,7
"05","unit_004","market_004",15,2.09925553655068,1,1,7
"05","unit_004","market_004",16,2.1822268341411,1,1,7
"05","unit_005","market_005",1,0.189480473683704,0,1,7
"05","unit_005","market_005",2,0.318874385058352,0,1,7
"05","unit_005","market_005",3,0.341397465884535,0,1,7
"05","unit_005","market_005",4,0.30411991209587,0,1,7
"05","unit_005","market_005",5,0.421020943838165,0,1,7
"05","unit_005","market_005",6,0.286695811328818,0,1,7
"05","unit_005","market_005",7,0.387714372066243,1,1,7
"05","unit_005","market_005",8,0.526264380844511,1,1,7
"05","unit_005","market_005",9,0.726146053420667,1,1,7
"05","unit_005","market_005",10,0.855570968380903,1,1,7
"05","unit_005","market_005",11,0.9915969886199,1,1,7
"05","unit_005","market_005",12,1.18148048475976,1,1,7
"05","unit_005","market_005",13,1.37070235821813,1,1,7
"05","unit_005","market_005",14,1.50970040099787,1,1,7
"05","unit_005","market_005",15,1.56122272978009,1,1,7
"05","unit_005","market_005",16,1.83283468066264,1,1,7
"05","unit_006","market_006",1,0.262290302758649,0,1,7
"05","unit_006","market_006",2,0.285132087273726,0,1,7
"05","unit_006","market_006",3,0.487828432554302,0,1,7
"05","unit_006","market_006",4,0.369808332673058,0,1,7
"05","unit_006","market_006",5,0.361001080687936,0,1,7
"05","unit_006","market_006",6,0.408862857672339,0,1,7
"05","unit_006","market_006",7,0.435389341573511,1,1,7
"05","unit_006","market_006",8,0.543545698620486,1,1,7
"05","unit_006","market_006",9,0.765710074224812,1,1,7
"05","unit_006","market_006",10,0.843179066391692,1,1,7
"05","unit_006","market_006",11,1.14554418723593,1,1,7
"05","unit_006","market_006",12,1.24473306648147,1,1,7
"05","unit_006","market_006",13,1.3932746002442,1,1,7
"05","unit_006","market_006",14,1.58832173872177,1,1,7
"05","unit_006","market_006",15,1.73624715155024,1,1,7
"05","unit_006","market_006",16,1.74759818947387,1,1,7
"05","unit_007","market_007",1,0.0199518763163057,0,1,7
"05","unit_007","market_007",2,0.102683376091461,0,1,7
"05","unit_007","market_007",3,0.148101673449963,0,1,7
"05","unit_007","market_007",4,0.21223093224107,0,1,7
"05","unit_007","market_007",5,0.186913553655706,0,1,7
"05","unit_007","market_007",6,0.170659130585502,0,1,7
"05","unit_007","market_007",7,0.27615290419253,1,1,7
"05","unit_007","market_007",8,0.429284915032535,1,1,7
"05","unit_007","market_007",9,0.481704296144913,1,1,7
"05","unit_007","market_007",10,0.627077041892879,1,1,7
"05","unit_007","market_007",11,0.776652918356983,1,1,7
"05","unit_007","market_007",12,0.954719611367508,1,1,7
"05","unit_007","market_007",13,1.2129307668456,1,1,7
"05","unit_007","market_007",14,1.20885835158228,1,1,7
"05","unit_007","market_007",15,1.49133558790971,1,1,7
"05","unit_007","market_007",16,1.4709172575228,1,1,7
"05","unit_008","market_008",1,0.701595978756808,0,1,7
"05","unit_008","market_008",2,0.73391762773397,0,1,7
"05","unit_008","market_008",3,0.756359272349158,0,1,7
"05","unit_008","market_008",4,0.850648840111423,0,1,7
"05","unit_008","market_008",5,0.732713177776462,0,1,7
"05","unit_008","market_008",6,0.835651379570403,0,1,7
"05","unit_008","market_008",7,0.873378038256527,1,1,7
"05","unit_008","market_008",8,1.08823776387731,1,1,7
"05","unit_008","market_008",9,1.25255973280226,1,1,7
"05","unit_008","market_008",10,1.30299549122281,1,1,7
"05","unit_008","market_008",11,1.58047314983154,1,1,7
"05","unit_008","market_008",12,1.57774173137722,1,1,7
"05","unit_008","market_008",13,1.71870991165183,1,1,7
"05","unit_008","market_008",14,2.02799803203121,1,1,7
"05","unit_008","market_008",15,2.17931272789136,1,1,7
"05","unit_008","market_008",16,2.21584638671342,1,1,7
"05","unit_009","market_009",1,-0.691141705931252,0,1,7
"05","unit_009","market_009",2,-0.723240846783804,0,1,7
"05","unit_009","market_009",3,-0.607742880313458,0,1,7
"05","unit_009","market_009",4,-0.52708704812671,0,1,7
"05","unit_009","market_009",5,-0.514275811769053,0,1,7
"05","unit_009","market_009",6,-0.618231454332395,0,1,7
"05","unit_009","market_009",7,-0.490944751641746,1,1,7
"05","unit_009","market_009",8,-0.361624926237963,1,1,7
"05","unit_009","market_009",9,-0.122079179368091,1,1,7
"05","unit_009","market_009",10,0.062386066453946,1,1,7
"05","unit_009","market_009",11,0.0381857279243629,1,1,7
"05","unit_009","market_009",12,0.275978071949824,1,1,7
"05","unit_009","market_009",13,0.480305511180003,1,1,7
"05","unit_009","market_009",14,0.56765813615586,1,1,7
"05","unit_009","market_009",15,0.716941909744517,1,1,7
"05","unit_009","market_009",16,0.924760143999311,1,1,7
"05","unit_010","market_010",1,0.103039289566151,0,1,7
"05","unit_010","market_010",2,0.173879448186164,0,1,7
"05","unit_010","market_010",3,0.214786131602658,0,1,7
"05","unit_010","market_010",4,0.205644072070713,0,1,7
"05","unit_010","market_010",5,0.235189923119127,0,1,7
"05","unit_010","market_010",6,0.348729636496105,0,1,7
"05","unit_010","market_010",7,0.320878678576276,1,1,7
"05","unit_010","market_010",8,0.50210845244598,1,1,7
"05","unit_010","market_010",9,0.603351413777408,1,1,7
"05","unit_010","market_010",10,0.776733610790263,1,1,7
"05","unit_010","market_010",11,0.914828074592558,1,1,7
"05","unit_010","market_010",12,1.04253596777179,1,1,7
"05","unit_010","market_010",13,1.30137759592891,1,1,7
"05","unit_010","market_010",14,1.41367143419331,1,1,7
"05","unit_010","market_010",15,1.55584062805106,1,1,7
"05","unit_010","market_010",16,1.57324156912029,1,1,7
"05","unit_011","market_011",1,0.57523571128823,0,1,7
"05","unit_011","market_011",2,0.751981205815262,0,1,7
"05","unit_011","market_011",3,0.762265614065542,0,1,7
"05","unit_011","market_011",4,0.774358855153115,0,1,7
"05","unit_011","market_011",5,0.728452525019127,0,1,7
"05","unit_011","market_011",6,0.794030244299155,0,1,7
"05","unit_011","market_011",7,0.963246466005061,1,1,7
"05","unit_011","market_011",8,1.01418391838855,1,1,7
"05","unit_011","market_011",9,1.2148270970679,1,1,7
"05","unit_011","market_011",10,1.25854090396837,1,1,7
"05","unit_011","market_011",11,1.48370145320781,1,1,7
"05","unit_011","market_011",12,1.62769723105824,1,1,7
"05","unit_011","market_011",13,1.80233974497776,1,1,7
"05","unit_011","market_011",14,1.90573852447961,1,1,7
"05","unit_011","market_011",15,2.06029099653378,1,1,7
"05","unit_011","market_011",16,2.19326041252281,1,1,7
"05","unit_012","market_012",1,0.455471252982574,0,1,7
"05","unit_012","market_012",2,0.628657571085151,0,1,7
"05","unit_012","market_012",3,0.52944358946133,0,1,7
"05","unit_012","market_012",4,0.553169386467293,0,1,7
"05","unit_012","market_012",5,0.636612150773453,0,1,7
"05","unit_012","market_012",6,0.541880152853148,0,1,7
"05","unit_012","market_012",7,0.671347887486681,1,1,7
"05","unit_012","market_012",8,0.900682811760257,1,1,7
"05","unit_012","market_012",9,1.01781327272739,1,1,7
"05","unit_012","market_012",10,1.09401965118776,1,1,7
"05","unit_012","market_012",11,1.23560501223313,1,1,7
"05","unit_012","market_012",12,1.49792971958077,1,1,7
"05","unit_012","market_012",13,1.67784845183595,1,1,7
"05","unit_012","market_012",14,1.74633246431227,1,1,7
"05","unit_012","market_012",15,1.85711917216851,1,1,7
"05","unit_012","market_012",16,1.9589981235764,1,1,7
"05","unit_013","market_013",1,0.894122811176904,0,1,7
"05","unit_013","market_013",2,0.874501157036971,0,1,7
"05","unit_013","market_013",3,1.01923941719952,0,1,7
"05","unit_013","market_013",4,1.03673310574246,0,1,7
"05","unit_013","market_013",5,0.985135627050161,0,1,7
"05","unit_013","market_013",6,1.01820428300309,0,1,7
"05","unit_013","market_013",7,1.05723723931917,1,1,7
"05","unit_013","market_013",8,1.29205229332915,1,1,7
"05","unit_013","market_013",9,1.40515290250709,1,1,7
"05","unit_013","market_013",10,1.52960244769135,1,1,7
"05","unit_013","market_013",11,1.70104341818692,1,1,7
"05","unit_013","market_013",12,1.99206640629966,1,1,7
"05","unit_013","market_013",13,1.91215272889186,1,1,7
"05","unit_013","market_013",14,2.17592337383713,1,1,7
"05","unit_013","market_013",15,2.31908805022602,1,1,7
"05","unit_013","market_013",16,2.47392363685701,1,1,7
"05","unit_014","market_014",1,-0.260013191733408,0,1,7
"05","unit_014","market_014",2,-0.22752320392619,0,1,7
"05","unit_014","market_014",3,-0.179864811491599,0,1,7
"05","unit_014","market_014",4,-0.166921938722547,0,1,7
"05","unit_014","market_014",5,-0.175596855565889,0,1,7
"05","unit_014","market_014",6,-0.139808478424767,0,1,7
"05","unit_014","market_014",7,-0.0745941835814732,1,1,7
"05","unit_014","market_014",8,0.0888139541467343,1,1,7
"05","unit_014","market_014",9,0.0813220773580189,1,1,7
"05","unit_014","market_014",10,0.285588140918947,1,1,7
"05","unit_014","market_014",11,0.488732291536746,1,1,7
"05","unit_014","market_014",12,0.654559710414482,1,1,7
"05","unit_014","market_014",13,0.856630554840435,1,1,7
"05","unit_014","market_014",14,0.996090956315756,1,1,7
"05","unit_014","market_014",15,1.15583345384018,1,1,7
"05","unit_014","market_014",16,1.23049346458555,1,1,7
"05","unit_015","market_015",1,0.839794516202229,0,1,7
"05","unit_015","market_015",2,0.846595857810162,0,1,7
"05","unit_015","market_015",3,0.931585844513684,0,1,7
"05","unit_015","market_015",4,0.954518661255114,0,1,7
"05","unit_015","market_015",5,0.98058258934388,0,1,7
"05","unit_015","market_015",6,0.962621342363374,0,1,7
"05","unit_015","market_015",7,1.05888388636917,1,1,7
"05","unit_015","market_015",8,1.17041982919707,1,1,7
"05","unit_015","market_015",9,1.29530556055777,1,1,7
"05","unit_015","market_015",10,1.48158555873578,1,1,7
"05","unit_015","market_015",11,1.5682020857435,1,1,7
"05","unit_015","market_015",12,1.92062616919874,1,1,7
"05","unit_015","market_015",13,1.92276163979292,1,1,7
"05","unit_015","market_015",14,2.03072114677116,1,1,7
"05","unit_015","market_015",15,2.18173507176573,1,1,7
"05","unit_015","market_015",16,2.27396360306298,1,1,7
"05","unit_016","market_016",1,0.0950092339443599,0,1,7
"05","unit_016","market_016",2,0.196726370856059,0,1,7
"05","unit_016","market_016",3,0.136876967312336,0,1,7
"05","unit_016","market_016",4,0.243940649875024,0,1,7
"05","unit_016","market_016",5,0.260840064498925,0,1,7
"05","unit_016","market_016",6,0.257350639163354,0,1,7
"05","unit_016","market_016",7,0.344563446861821,1,1,7
"05","unit_016","market_016",8,0.500751240321125,1,1,7
"05","unit_016","market_016",9,0.672291395968517,1,1,7
"05","unit_016","market_016",10,0.68637421750863,1,1,7
"05","unit_016","market_016",11,0.941052651573379,1,1,7
"05","unit_016","market_016",12,1.1627845200255,1,1,7
"05","unit_016","market_016",13,1.29346173262429,1,1,7
"05","unit_016","market_016",14,1.44980177159232,1,1,7
"05","unit_016","market_016",15,1.47205877633087,1,1,7
"05","unit_016","market_016",16,1.63589847669261,1,1,7
"05","unit_017","market_017",1,-0.786778746501942,0,1,7
"05","unit_017","market_017",2,-0.582016722095334,0,1,7
"05","unit_017","market_017",3,-0.547100608527888,0,1,7
"05","unit_017","market_017",4,-0.60806937606874,0,1,7
"05","unit_017","market_017",5,-0.473604853978596,0,1,7
"05","unit_017","market_017",6,-0.489614412131818,0,1,7
"05","unit_017","market_017",7,-0.398871761376105,1,1,7
"05","unit_017","market_017",8,-0.298277777943289,1,1,7
"05","unit_017","market_017",9,-0.242837387686406,1,1,7
"05","unit_017","market_017",10,0.00468442505073097,1,1,7
"05","unit_017","market_017",11,0.169757241936426,1,1,7
"05","unit_017","market_017",12,0.24751688736826,1,1,7
"05","unit_017","market_017",13,0.444494487303464,1,1,7
"05","unit_017","market_017",14,0.582922570435359,1,1,7
"05","unit_017","market_017",15,0.711448650843686,1,1,7
"05","unit_017","market_017",16,0.789902653457326,1,1,7
"05","unit_018","market_018",1,0.397315666358316,0,1,7
"05","unit_018","market_018",2,0.296873487204402,0,1,7
"05","unit_018","market_018",3,0.415309265914646,0,1,7
"05","unit_018","market_018",4,0.465026233922426,0,1,7
"05","unit_018","market_018",5,0.504706161457297,0,1,7
"05","unit_018","market_018",6,0.503796266537643,0,1,7
"05","unit_018","market_018",7,0.545874953007979,1,1,7
"05","unit_018","market_018",8,0.736250202527822,1,1,7
"05","unit_018","market_018",9,0.82250033223036,1,1,7
"05","unit_018","market_018",10,0.950126036570916,1,1,7
"05","unit_018","market_018",11,1.19726034428085,1,1,7
"05","unit_018","market_018",12,1.2801533229632,1,1,7
"05","unit_018","market_018",13,1.44692974350586,1,1,7
"05","unit_018","market_018",14,1.56534520996137,1,1,7
"05","unit_018","market_018",15,1.7301642646146,1,1,7
"05","unit_018","market_018",16,1.83158170588736,1,1,7
"05","unit_019","market_019",1,0.79207385627806,0,1,7
"05","unit_019","market_019",2,0.821343924135455,0,1,7
"05","unit_019","market_019",3,0.834883158754891,0,1,7
"05","unit_019","market_019",4,0.867412177990066,0,1,7
"05","unit_019","market_019",5,0.921537087076324,0,1,7
"05","unit_019","market_019",6,0.772934085323493,0,1,7
"05","unit_019","market_019",7,0.921325394478474,1,1,7
"05","unit_019","market_019",8,1.00554125238366,1,1,7
"05","unit_019","market_019",9,1.2096471978504,1,1,7
"05","unit_019","market_019",10,1.34382642202839,1,1,7
"05","unit_019","market_019",11,1.57520450576734,1,1,7
"05","unit_019","market_019",12,1.68709675898297,1,1,7
"05","unit_019","market_019",13,1.83446462777043,1,1,7
"05","unit_019","market_019",14,1.99779656837267,1,1,7
"05","unit_019","market_019",15,2.12854076604345,1,1,7
"05","unit_019","market_019",16,2.24318298693836,1,1,7
"05","unit_020","market_020",1,-0.872707707536147,0,1,7
"05","unit_020","market_020",2,-0.827444148994347,0,1,7
"05","unit_020","market_020",3,-0.741115530128002,0,1,7
"05","unit_020","market_020",4,-0.785369314105614,0,1,7
"05","unit_020","market_020",5,-0.723289542005819,0,1,7
"05","unit_020","market_020",6,-0.773738760042717,0,1,7
"05","unit_020","market_020",7,-0.624709674997748,1,1,7
"05","unit_020","market_020",8,-0.579168828176364,1,1,7
"05","unit_020","market_020",9,-0.427419768581071,1,1,7
"05","unit_020","market_020",10,-0.204174337911062,1,1,7
"05","unit_020","market_020",11,0.0341240175661641,1,1,7
"05","unit_020","market_020",12,0.189086254312844,1,1,7
"05","unit_020","market_020",13,0.318875714193537,1,1,7
"05","unit_020","market_020",14,0.442986466416976,1,1,7
"05","unit_020","market_020",15,0.477363850226807,1,1,7
"05","unit_020","market_020",16,0.573452845172924,1,1,7
"05","unit_021","market_021",1,0.208404356651495,0,1,7
"05","unit_021","market_021",2,0.279350936610728,0,1,7
"05","unit_021","market_021",3,0.322374037382819,0,1,7
"05","unit_021","market_021",4,0.336499708012854,0,1,7
"05","unit_021","market_021",5,0.312325449310436,0,1,7
"05","unit_021","market_021",6,0.409190881012171,0,1,7
"05","unit_021","market_021",7,0.505834525854798,1,1,7
"05","unit_021","market_021",8,0.611342927127839,1,1,7
"05","unit_021","market_021",9,0.716945923311145,1,1,7
"05","unit_021","market_021",10,0.925974908694565,1,1,7
"05","unit_021","market_021",11,1.0503436068128,1,1,7
"05","unit_021","market_021",12,1.19030971542131,1,1,7
"05","unit_021","market_021",13,1.32853667290636,1,1,7
"05","unit_021","market_021",14,1.45083091318693,1,1,7
"05","unit_021","market_021",15,1.69369371224675,1,1,7
"05","unit_021","market_021",16,1.70859746150784,1,1,7
"05","unit_022","market_022",1,-0.594505950107823,0,1,7
"05","unit_022","market_022",2,-0.575060241956363,0,1,7
"05","unit_022","market_022",3,-0.48830028497777,0,1,7
"05","unit_022","market_022",4,-0.641183567823385,0,1,7
"05","unit_022","market_022",5,-0.499287932890223,0,1,7
"05","unit_022","market_022",6,-0.419991763004304,0,1,7
"05","unit_022","market_022",7,-0.451600601576495,1,1,7
"05","unit_022","market_022",8,-0.199284314606857,1,1,7
"05","unit_022","market_022",9,-0.182743317964369,1,1,7
"05","unit_022","market_022",10,0.0110376255994119,1,1,7
"05","unit_022","market_022",11,0.130482340444939,1,1,7
"05","unit_022","market_022",12,0.296749307973195,1,1,7
"05","unit_022","market_022",13,0.460393183893608,1,1,7
"05","unit_022","market_022",14,0.579011959033706,1,1,7
"05","unit_022","market_022",15,0.857542069677615,1,1,7
"05","unit_022","market_022",16,0.889475560553891,1,1,7
"05","unit_023","market_023",1,0.310329612190205,0,1,7
"05","unit_023","market_023",2,0.479539712171064,0,1,7
"05","unit_023","market_023",3,0.509571054996283,0,1,7
"05","unit_023","market_023",4,0.420111307429697,0,1,7
"05","unit_023","market_023",5,0.60870805477348,0,1,7
"05","unit_023","market_023",6,0.5869047887604,0,1,7
"05","unit_023","market_023",7,0.605513436380923,1,1,7
"05","unit_023","market_023",8,0.844005069618786,1,1,7
"05","unit_023","market_023",9,0.875606940428716,1,1,7
"05","unit_023","market_023",10,1.03722317091756,1,1,7
"05","unit_023","market_023",11,1.15418617256803,1,1,7
"05","unit_023","market_023",12,1.44789168254739,1,1,7
"05","unit_023","market_023",13,1.43190340889283,1,1,7
"05","unit_023","market_023",14,1.70729205543511,1,1,7
"05","unit_023","market_023",15,1.79458854109161,1,1,7
"05","unit_023","market_023",16,1.90643369419579,1,1,7
"05","unit_024","market_024",1,-0.312651017934207,0,1,7
"05","unit_024","market_024",2,-0.25653911067066,0,1,7
"05","unit_024","market_024",3,-0.256317133811891,0,1,7
"05","unit_024","market_024",4,-0.247014599514638,0,1,7
"05","unit_024","market_024",5,-0.157614434538924,0,1,7
"05","unit_024","market_024",6,-0.150779170313153,0,1,7
"05","unit_024","market_024",7,0.00371669272183414,1,1,7
"05","unit_024","market_024",8,0.0358511738447051,1,1,7
"05","unit_024","market_024",9,0.192648001667675,1,1,7
"05","unit_024","market_024",10,0.259351039976095,1,1,7
"05","unit_024","market_024",11,0.529393412832735,1,1,7
"05","unit_024","market_024",12,0.557208947084265,1,1,7
"05","unit_024","market_024",13,0.832729465499263,1,1,7
"05","unit_024","market_024",14,1.00949400126282,1,1,7
"05","unit_024","market_024",15,1.05716916845063,1,1,7
"05","unit_024","market_024",16,1.16242692333268,1,1,7
"05","unit_025","market_025",1,0.419383406810999,0,1,7
"05","unit_025","market_025",2,0.476026519645852,0,1,7
"05","unit_025","market_025",3,0.492540120033729,0,1,7
"05","unit_025","market_025",4,0.573172394997474,0,1,7
"05","unit_025","market_025",5,0.668582344901397,0,1,7
"05","unit_025","market_025",6,0.505340443404831,0,1,7
"05","unit_025","market_025",7,0.58058402367219,1,1,7
"05","unit_025","market_025",8,0.824921270763993,1,1,7
"05","unit_025","market_025",9,0.809845959672251,1,1,7
"05","unit_025","market_025",10,0.997294306962051,1,1,7
"05","unit_025","market_025",11,1.18952249210126,1,1,7
"05","unit_025","market_025",12,1.40024969018607,1,1,7
"05","unit_025","market_025",13,1.423774827633,1,1,7
"05","unit_025","market_025",14,1.64039178950593,1,1,7
"05","unit_025","market_025",15,1.69504827801946,1,1,7
"05","unit_025","market_025",16,1.89151587691358,1,1,7
"05","unit_026","market_026",1,0.753230089612623,0,1,7
"05","unit_026","market_026",2,0.832787637194333,0,1,7
"05","unit_026","market_026",3,0.943216896829295,0,1,7
"05","unit_026","market_026",4,0.94912777935898,0,1,7
"05","unit_026","market_026",5,0.99898713376651,0,1,7
"05","unit_026","market_026",6,0.974718563750598,0,1,7
"05","unit_026","market_026",7,1.06593261402685,1,1,7
"05","unit_026","market_026",8,1.14675304642988,1,1,7
"05","unit_026","market_026",9,1.34005551105392,1,1,7
"05","unit_026","market_026",10,1.50273649821741,1,1,7
"05","unit_026","market_026",11,1.66397064911392,1,1,7
"05","unit_026","market_026",12,1.71810714925498,1,1,7
"05","unit_026","market_026",13,1.90101036140724,1,1,7
"05","unit_026","market_026",14,2.0789985012564,1,1,7
"05","unit_026","market_026",15,2.23688292036194,1,1,7
"05","unit_026","market_026",16,2.32368241368192,1,1,7
"05","unit_027","market_027",1,-0.555239460545919,0,1,7
"05","unit_027","market_027",2,-0.467394120159396,0,1,7
"05","unit_027","market_027",3,-0.487545610273792,0,1,7
"05","unit_027","market_027",4,-0.420798402628924,0,1,7
"05","unit_027","market_027",5,-0.40656096837142,0,1,7
"05","unit_027","market_027",6,-0.36927072516203,0,1,7
"05","unit_027","market_027",7,-0.285839678519806,1,1,7
"05","unit_027","market_027",8,-0.131880691933547,1,1,7
"05","unit_027","market_027",9,-0.00938251038634152,1,1,7
"05","unit_027","market_027",10,0.159017982383762,1,1,7
"05","unit_027","market_027",11,0.239709358206495,1,1,7
"05","unit_027","market_027",12,0.501712270421059,1,1,7
"05","unit_027","market_027",13,0.680428623958702,1,1,7
"05","unit_027","market_027",14,0.772567992563002,1,1,7
"05","unit_027","market_027",15,0.844296256761191,1,1,7
"05","unit_027","market_027",16,0.892505114339619,1,1,7
"05","unit_028","market_028",1,-0.485632686386317,0,1,7
"05","unit_028","market_028",2,-0.536104477982798,0,1,7
"05","unit_028","market_028",3,-0.461647125498042,0,1,7
"05","unit_028","market_028",4,-0.427891167703521,0,1,7
"05","unit_028","market_028",5,-0.494491553775846,0,1,7
"05","unit_028","market_028",6,-0.498349136282783,0,1,7
"05","unit_028","market_028",7,-0.30452707890305,1,1,7
"05","unit_028","market_028",8,-0.197632876752152,1,1,7
"05","unit_028","market_028",9,-0.00688383587044267,1,1,7
"05","unit_028","market_028",10,0.0715287324832298,1,1,7
"05","unit_028","market_028",11,0.262434832271983,1,1,7
"05","unit_028","market_028",12,0.458442546151612,1,1,7
"05","unit_028","market_028",13,0.523648312977898,1,1,7
"05","unit_028","market_028",14,0.722690161778206,1,1,7
"05","unit_028","market_028",15,0.813708348597207,1,1,7
"05","unit_028","market_028",16,0.905553201221996,1,1,7
"05","unit_029","market_029",1,-0.170597189193389,0,1,7
"05","unit_029","market_029",2,-0.0179420039642022,0,1,7
"05","unit_029","market_029",3,-0.0538320489149282,0,1,7
"05","unit_029","market_029",4,0.05009961932554,0,1,7
"05","unit_029","market_029",5,0.0544621314816665,0,1,7
"05","unit_029","market_029",6,0.0123303594120871,0,1,7
"05","unit_029","market_029",7,0.0423706366982717,1,1,7
"05","unit_029","market_029",8,0.190479167540335,1,1,7
"05","unit_029","market_029",9,0.29432097991801,1,1,7
"05","unit_029","market_029",10,0.61786715704622,1,1,7
"05","unit_029","market_029",11,0.644105977820539,1,1,7
"05","unit_029","market_029",12,0.807245364046234,1,1,7
"05","unit_029","market_029",13,1.02395707846988,1,1,7
"05","unit_029","market_029",14,1.15645966021072,1,1,7
"05","unit_029","market_029",15,1.17905205834193,1,1,7
"05","unit_029","market_029",16,1.415393058816,1,1,7
"05","unit_030","market_030",1,-0.0857168229231689,0,1,7
"05","unit_030","market_030",2,-0.0587047426862243,0,1,7
"05","unit_030","market_030",3,0.0391201196306169,0,1,7
"05","unit_030","market_030",4,0.0680036705212146,0,1,7
"05","unit_030","market_030",5,0.0314697633471111,0,1,7
"05","unit_030","market_030",6,0.0196274631291513,0,1,7
"05","unit_030","market_030",7,0.136694893994485,1,1,7
"05","unit_030","market_030",8,0.282298036132519,1,1,7
"05","unit_030","market_030",9,0.339414800713018,1,1,7
"05","unit_030","market_030",10,0.566449048776131,1,1,7
"05","unit_030","market_030",11,0.759300246129996,1,1,7
"05","unit_030","market_030",12,0.87296139664473,1,1,7
"05","unit_030","market_030",13,1.11400253178752,1,1,7
"05","unit_030","market_030",14,1.18124905988177,1,1,7
"05","unit_030","market_030",15,1.34102473297943,1,1,7
"05","unit_030","market_030",16,1.46512821861156,1,1,7
"05","unit_031","market_031",1,0.166248070872735,0,1,7
"05","unit_031","market_031",2,0.254539369395218,0,1,7
"05","unit_031","market_031",3,0.253506433986564,0,1,7
"05","unit_031","market_031",4,0.234202073906501,0,1,7
"05","unit_031","market_031",5,0.198318252396507,0,1,7
"05","unit_031","market_031",6,0.238881787254061,0,1,7
"05","unit_031","market_031",7,0.380085395570043,1,1,7
"05","unit_031","market_031",8,0.454423430129241,1,1,7
"05","unit_031","market_031",9,0.555680486920039,1,1,7
"05","unit_031","market_031",10,0.826342491005554,1,1,7
"05","unit_031","market_031",11,0.91991405763364,1,1,7
"05","unit_031","market_031",12,1.02521789930565,1,1,7
"05","unit_031","market_031",13,1.28265852506115,1,1,7
"05","unit_031","market_031",14,1.41570183105703,1,1,7
"05","unit_031","market_031",15,1.56713905078576,1,1,7
"05","unit_031","market_031",16,1.58658236846072,1,1,7
"05","unit_032","market_032",1,0.197604985408102,0,1,7
"05","unit_032","market_032",2,0.252026695242258,0,1,7
"05","unit_032","market_032",3,0.392034634845601,0,1,7
"05","unit_032","market_032",4,0.377938805300395,0,1,7
"05","unit_032","market_032",5,0.348175579888698,0,1,7
"05","unit_032","market_032",6,0.421833906403397,0,1,7
"05","unit_032","market_032",7,0.467452287370095,1,1,7
"05","unit_032","market_032",8,0.61916099543255,1,1,7
"05","unit_032","market_032",9,0.722393052279682,1,1,7
"05","unit_032","market_032",10,0.892828561049714,1,1,7
"05","unit_032","market_032",11,1.06655310316954,1,1,7
"05","unit_032","market_032",12,1.25920895424806,1,1,7
"05","unit_032","market_032",13,1.29838237958276,1,1,7
"05","unit_032","market_032",14,1.44657592725336,1,1,7
"05","unit_032","market_032",15,1.65140383000075,1,1,7
"05","unit_032","market_032",16,1.82539074523338,1,1,7
"05","unit_033","market_033",1,-0.134794856350228,0,1,7
"05","unit_033","market_033",2,-0.0345504660351071,0,1,7
"05","unit_033","market_033",3,0.0309932175844134,0,1,7
"05","unit_033","market_033",4,0.0155569402198364,0,1,7
"05","unit_033","market_033",5,0.0698313916610059,0,1,7
"05","unit_033","market_033",6,-0.0350862876296523,0,1,7
"05","unit_033","market_033",7,0.108623980432475,1,1,7
"05","unit_033","market_033",8,0.157190283842882,1,1,7
"05","unit_033","market_033",9,0.415548367413444,1,1,7
"05","unit_033","market_033",10,0.505566001488513,1,1,7
"05","unit_033","market_033",11,0.6142663351775,1,1,7
"05","unit_033","market_033",12,0.910134982027741,1,1,7
"05","unit_033","market_033",13,0.957351042444413,1,1,7
"05","unit_033","market_033",14,1.19487254702294,1,1,7
"05","unit_033","market_033",15,1.29446913864117,1,1,7
"05","unit_033","market_033",16,1.437708756628,1,1,7
"05","unit_034","market_034",1,-0.317921525051636,0,1,7
"05","unit_034","market_034",2,-0.327568780341073,0,1,7
"05","unit_034","market_034",3,-0.229340420710247,0,1,7
"05","unit_034","market_034",4,-0.202674644700367,0,1,7
"05","unit_034","market_034",5,-0.163897686924269,0,1,7
"05","unit_034","market_034",6,-0.233661824253853,0,1,7
"05","unit_034","market_034",7,-0.0765720620617932,1,1,7
"05","unit_034","market_034",8,0.0049740043421177,1,1,7
"05","unit_034","market_034",9,0.172983612715509,1,1,7
"05","unit_034","market_034",10,0.290043911189344,1,1,7
"05","unit_034","market_034",11,0.477659713149051,1,1,7
"05","unit_034","market_034",12,0.5529458612659,1,1,7
"05","unit_034","market_034",13,0.717702448040189,1,1,7
"05","unit_034","market_034",14,0.979500290116518,1,1,7
"05","unit_034","market_034",15,1.09092299270032,1,1,7
"05","unit_034","market_034",16,1.1604794365232,1,1,7
"05","unit_035","market_035",1,-0.38950806305857,0,1,7
"05","unit_035","market_035",2,-0.319160997425103,0,1,7
"05","unit_035","market_035",3,-0.317622251077422,0,1,7
"05","unit_035","market_035",4,-0.245162126873433,0,1,7
"05","unit_035","market_035",5,-0.200565014759636,0,1,7
"05","unit_035","market_035",6,-0.239278216870822,0,1,7
"05","unit_035","market_035",7,-0.0695258940047968,1,1,7
"05","unit_035","market_035",8,0.00453446401425167,1,1,7
"05","unit_035","market_035",9,0.150450080697775,1,1,7
"05","unit_035","market_035",10,0.270661755266526,1,1,7
"05","unit_035","market_035",11,0.397177385336097,1,1,7
"05","unit_035","market_035",12,0.540500312510644,1,1,7
"05","unit_035","market_035",13,0.745335304329042,1,1,7
"05","unit_035","market_035",14,0.844190919139744,1,1,7
"05","unit_035","market_035",15,0.942425968916911,1,1,7
"05","unit_035","market_035",16,1.15616753669105,1,1,7
"05","unit_036","market_036",1,0.148164280550617,0,1,7
"05","unit_036","market_036",2,0.219298222649906,0,1,7
"05","unit_036","market_036",3,0.205568679737898,0,1,7
"05","unit_036","market_036",4,0.110222570552144,0,1,7
"05","unit_036","market_036",5,0.294856157812744,0,1,7
"05","unit_036","market_036",6,0.249929891168934,0,1,7
"05","unit_036","market_036",7,0.328008541488663,1,1,7
"05","unit_036","market_036",8,0.498526794306442,1,1,7
"05","unit_036","market_036",9,0.596469429996362,1,1,7
"05","unit_036","market_036",10,0.770191713198304,1,1,7
"05","unit_036","market_036",11,0.979388581091346,1,1,7
"05","unit_036","market_036",12,1.12536387077586,1,1,7
"05","unit_036","market_036",13,1.30478926488029,1,1,7
"05","unit_036","market_036",14,1.39576180559932,1,1,7
"05","unit_036","market_036",15,1.47067235676953,1,1,7
"05","unit_036","market_036",16,1.74868342027039,1,1,7
"05","unit_037","market_037",1,0.313777360882708,0,1,7
"05","unit_037","market_037",2,0.445752095467503,0,1,7
"05","unit_037","market_037",3,0.50838463883616,0,1,7
"05","unit_037","market_037",4,0.470656584476902,0,1,7
"05","unit_037","market_037",5,0.587818669593276,0,1,7
"05","unit_037","market_037",6,0.614368141471662,0,1,7
"05","unit_037","market_037",7,0.540794053253035,1,1,7
"05","unit_037","market_037",8,0.669660239442968,1,1,7
"05","unit_037","market_037",9,0.823935197336158,1,1,7
"05","unit_037","market_037",10,0.967640916260177,1,1,7
"05","unit_037","market_037",11,1.19615229977913,1,1,7
"05","unit_037","market_037",12,1.26271174814322,1,1,7
"05","unit_037","market_037",13,1.54038649105227,1,1,7
"05","unit_037","market_037",14,1.68950689231724,1,1,7
"05","unit_037","market_037",15,1.76561281770131,1,1,7
"05","unit_037","market_037",16,1.95137661136373,1,1,7
"05","unit_038","market_038",1,0.0916779372709519,0,1,7
"05","unit_038","market_038",2,0.242482797461556,0,1,7
"05","unit_038","market_038",3,0.209180886611375,0,1,7
"05","unit_038","market_038",4,0.303797720526672,0,1,7
"05","unit_038","market_038",5,0.307221001530358,0,1,7
"05","unit_038","market_038",6,0.30540371194564,0,1,7
"05","unit_038","market_038",7,0.418346974640242,1,1,7
"05","unit_038","market_038",8,0.5183877442697,1,1,7
"05","unit_038","market_038",9,0.666736849837382,1,1,7
"05","unit_038","market_038",10,0.774479809365614,1,1,7
"05","unit_038","market_038",11,0.975681559864369,1,1,7
"05","unit_038","market_038",12,1.06332859013484,1,1,7
"05","unit_038","market_038",13,1.30107628027132,1,1,7
"05","unit_038","market_038",14,1.44606574224046,1,1,7
"05","unit_038","market_038",15,1.58280503022794,1,1,7
"05","unit_038","market_038",16,1.75919395265053,1,1,7
"05","unit_039","market_039",1,-0.35627720767265,0,1,7
"05","unit_039","market_039",2,-0.237739710818526,0,1,7
"05","unit_039","market_039",3,-0.139830246205873,0,1,7
"05","unit_039","market_039",4,-0.2314632450329,0,1,7
"05","unit_039","market_039",5,-0.242507569778171,0,1,7
"05","unit_039","market_039",6,-0.123336972141189,0,1,7
"05","unit_039","market_039",7,-0.0625762895132253,1,1,7
"05","unit_039","market_039",8,0.154170620455072,1,1,7
"05","unit_039","market_039",9,0.146065914090213,1,1,7
"05","unit_039","market_039",10,0.356344410488839,1,1,7
"05","unit_039","market_039",11,0.419650921991665,1,1,7
"05","unit_039","market_039",12,0.679160970222839,1,1,7
"05","unit_039","market_039",13,0.831919119724636,1,1,7
"05","unit_039","market_039",14,0.920195772953164,1,1,7
"05","unit_039","market_039",15,1.09990352129574,1,1,7
"05","unit_039","market_039",16,1.19418584183965,1,1,7
"05","unit_040","market_040",1,-0.148837817404423,0,1,7
"05","unit_040","market_040",2,-0.16716609863208,0,1,7
"05","unit_040","market_040",3,-0.093086074630513,0,1,7
"05","unit_040","market_040",4,-0.217088843727678,0,1,7
"05","unit_040","market_040",5,-0.0812109371093381,0,1,7
"05","unit_040","market_040",6,-0.0188033823654536,0,1,7
"05","unit_040","market_040",7,0.0783096484314446,1,1,7
"05","unit_040","market_040",8,0.222708405679861,1,1,7
"05","unit_040","market_040",9,0.263405125655214,1,1,7
"05","unit_040","market_040",10,0.495694345259319,1,1,7
"05","unit_040","market_040",11,0.6209758139367,1,1,7
"05","unit_040","market_040",12,0.761755325560731,1,1,7
"05","unit_040","market_040",13,0.964481651156972,1,1,7
"05","unit_040","market_040",14,1.01042195745853,1,1,7
"05","unit_040","market_040",15,1.25218567015448,1,1,7
"05","unit_040","market_040",16,1.34042319388087,1,1,7
"05","unit_041","market_041",1,-0.407440604391089,0,1,9
"05","unit_041","market_041",2,-0.371859801297619,0,1,9
"05","unit_041","market_041",3,-0.324226754596245,0,1,9
"05","unit_041","market_041",4,-0.201314585111973,0,1,9
"05","unit_041","market_041",5,-0.310729382913047,0,1,9
"05","unit_041","market_041",6,-0.213526875196555,0,1,9
"05","unit_041","market_041",7,-0.293680178132854,0,1,9
"05","unit_041","market_041",8,-0.242425271032327,0,1,9
"05","unit_041","market_041",9,-0.0722847860611425,1,1,9
"05","unit_041","market_041",10,0.0478933057890767,1,1,9
"05","unit_041","market_041",11,0.234705202967329,1,1,9
"05","unit_041","market_041",12,0.433146994565998,1,1,9
"05","unit_041","market_041",13,0.590933239091718,1,1,9
"05","unit_041","market_041",14,0.678615128284881,1,1,9
"05","unit_041","market_041",15,0.850877992834215,1,1,9
"05","unit_041","market_041",16,0.930121024812277,1,1,9
"05","unit_042","market_042",1,0.255086669061134,0,1,9
"05","unit_042","market_042",2,0.412995119191254,0,1,9
"05","unit_042","market_042",3,0.344851996212573,0,1,9
"05","unit_042","market_042",4,0.324153405925516,0,1,9
"05","unit_042","market_042",5,0.443356891286828,0,1,9
"05","unit_042","market_042",6,0.444717412353367,0,1,9
"05","unit_042","market_042",7,0.476065619421769,0,1,9
"05","unit_042","market_042",8,0.491542330818844,0,1,9
"05","unit_042","market_042",9,0.704688392670157,1,1,9
"05","unit_042","market_042",10,0.802539212590422,1,1,9
"05","unit_042","market_042",11,0.921565583798364,1,1,9
"05","unit_042","market_042",12,1.21678973060164,1,1,9
"05","unit_042","market_042",13,1.28480162044965,1,1,9
"05","unit_042","market_042",14,1.42203526046782,1,1,9
"05","unit_042","market_042",15,1.55116899432303,1,1,9
"05","unit_042","market_042",16,1.58238928614237,1,1,9
"05","unit_043","market_043",1,0.268872665110332,0,1,9
"05","unit_043","market_043",2,0.305164534461601,0,1,9
"05","unit_043","market_043",3,0.456005505505353,0,1,9
"05","unit_043","market_043",4,0.401457430456342,0,1,9
"05","unit_043","market_043",5,0.369672717239598,0,1,9
"05","unit_043","market_043",6,0.403459327610825,0,1,9
"05","unit_043","market_043",7,0.340688391634204,0,1,9
"05","unit_043","market_043",8,0.432407161435025,0,1,9
"05","unit_043","market_043",9,0.545594316420363,1,1,9
"05","unit_043","market_043",10,0.7066929809936,1,1,9
"05","unit_043","market_043",11,0.922308404184694,1,1,9
"05","unit_043","market_043",12,1.02732941571866,1,1,9
"05","unit_043","market_043",13,1.20796729710803,1,1,9
"05","unit_043","market_043",14,1.27120022466477,1,1,9
"05","unit_043","market_043",15,1.47580318651219,1,1,9
"05","unit_043","market_043",16,1.65972824530603,1,1,9
"05","unit_044","market_044",1,-0.27404162617733,0,1,9
"05","unit_044","market_044",2,-0.156119844995214,0,1,9
"05","unit_044","market_044",3,-0.160772425038604,0,1,9
"05","unit_044","market_044",4,-0.160345448461016,0,1,9
"05","unit_044","market_044",5,-0.116023871266427,0,1,9
"05","unit_044","market_044",6,-0.176300936448344,0,1,9
"05","unit_044","market_044",7,-0.186025146141952,0,1,9
"05","unit_044","market_044",8,-0.128242186101105,0,1,9
"05","unit_044","market_044",9,0.0873431600843075,1,1,9
"05","unit_044","market_044",10,0.167106578350345,1,1,9
"05","unit_044","market_044",11,0.407607823876751,1,1,9
"05","unit_044","market_044",12,0.487940851893878,1,1,9
"05","unit_044","market_044",13,0.645690926045034,1,1,9
"05","unit_044","market_044",14,0.846896562701973,1,1,9
"05","unit_044","market_044",15,0.880428976051885,1,1,9
"05","unit_044","market_044",16,1.03817246303839,1,1,9
"05","unit_045","market_045",1,-0.496740079462121,0,1,9
"05","unit_045","market_045",2,-0.370733774920365,0,1,9
"05","unit_045","market_045",3,-0.285132356789597,0,1,9
"05","unit_045","market_045",4,-0.363756382180468,0,1,9
"05","unit_045","market_045",5,-0.389347150890847,0,1,9
"05","unit_045","market_045",6,-0.230034652328456,0,1,9
"05","unit_045","market_045",7,-0.243812496321848,0,1,9
"05","unit_045","market_045",8,-0.293493975710141,0,1,9
"05","unit_045","market_045",9,-0.08806308051037,1,1,9
"05","unit_045","market_045",10,-0.0634115218193448,1,1,9
"05","unit_045","market_045",11,0.191647084632206,1,1,9
"05","unit_045","market_045",12,0.348183133326829,1,1,9
"05","unit_045","market_045",13,0.473769344798232,1,1,9
"05","unit_045","market_045",14,0.631980733337412,1,1,9
"05","unit_045","market_045",15,0.712462988180456,1,1,9
"05","unit_045","market_045",16,0.915119223610102,1,1,9
"05","unit_046","market_046",1,0.0214773402101235,0,1,9
"05","unit_046","market_046",2,0.0906543334328045,0,1,9
"05","unit_046","market_046",3,0.189292342977885,0,1,9
"05","unit_046","market_046",4,0.174713045967822,0,1,9
"05","unit_046","market_046",5,0.102095816113943,0,1,9
"05","unit_046","market_046",6,0.0805199170369745,0,1,9
"05","unit_046","market_046",7,0.130572333334918,0,1,9
"05","unit_046","market_046",8,0.218984218558077,0,1,9
"05","unit_046","market_046",9,0.194796137964596,1,1,9
"05","unit_046","market_046",10,0.432837781451423,1,1,9
"05","unit_046","market_046",11,0.538415193112888,1,1,9
"05","unit_046","market_046",12,0.854787628504849,1,1,9
"05","unit_046","market_046",13,0.890537183026504,1,1,9
"05","unit_046","market_046",14,1.15957787067552,1,1,9
"05","unit_046","market_046",15,1.2462206919889,1,1,9
"05","unit_046","market_046",16,1.33237962579862,1,1,9
"05","unit_047","market_047",1,0.124687966625074,0,1,9
"05","unit_047","market_047",2,0.27289153026272,0,1,9
"05","unit_047","market_047",3,0.343164179231364,0,1,9
"05","unit_047","market_047",4,0.378495781606874,0,1,9
"05","unit_047","market_047",5,0.339325105235094,0,1,9
"05","unit_047","market_047",6,0.33228371980572,0,1,9
"05","unit_047","market_047",7,0.363493294760913,0,1,9
"05","unit_047","market_047",8,0.414827007480472,0,1,9
"05","unit_047","market_047",9,0.44832387920657,1,1,9
"05","unit_047","market_047",10,0.683969063241056,1,1,9
"05","unit_047","market_047",11,0.836206842407928,1,1,9
"05","unit_047","market_047",12,0.996972970072403,1,1,9
"05","unit_047","market_047",13,1.21922642385749,1,1,9
"05","unit_047","market_047",14,1.31384684479683,1,1,9
"05","unit_047","market_047",15,1.47818103700957,1,1,9
"05","unit_047","market_047",16,1.57939022581971,1,1,9
"05","unit_048","market_048",1,-0.361562734843515,0,1,9
"05","unit_048","market_048",2,-0.33016361860603,0,1,9
"05","unit_048","market_048",3,-0.279478639455462,0,1,9
"05","unit_048","market_048",4,-0.261240908161829,0,1,9
"05","unit_048","market_048",5,-0.217662333740356,0,1,9
"05","unit_048","market_048",6,-0.192130864244921,0,1,9
"05","unit_048","market_048",7,-0.169963498610626,0,1,9
"05","unit_048","market_048",8,-0.266751551476022,0,1,9
"05","unit_048","market_048",9,-0.1098479414462,1,1,9
"05","unit_048","market_048",10,0.10609993630215,1,1,9
"05","unit_048","market_048",11,0.267305470480335,1,1,9
"05","unit_048","market_048",12,0.292430542867868,1,1,9
"05","unit_048","market_048",13,0.593824382723713,1,1,9
"05","unit_048","market_048",14,0.718896782385516,1,1,9
"05","unit_048","market_048",15,0.843885585870468,1,1,9
"05","unit_048","market_048",16,0.894486644020052,1,1,9
"05","unit_049","market_049",1,0.461564658081801,0,1,9
"05","unit_049","market_049",2,0.466230693772267,0,1,9
"05","unit_049","market_049",3,0.531412362457714,0,1,9
"05","unit_049","market_049",4,0.541459792474494,0,1,9
"05","unit_049","market_049",5,0.4927596475096,0,1,9
"05","unit_049","market_049",6,0.635752906369009,0,1,9
"05","unit_049","market_049",7,0.638268054006326,0,1,9
"05","unit_049","market_049",8,0.574054934923958,0,1,9
"05","unit_049","market_049",9,0.761090703267479,1,1,9
"05","unit_049","market_049",10,0.890564945821448,1,1,9
"05","unit_049","market_049",11,0.981305053408898,1,1,9
"05","unit_049","market_049",12,1.26887850752888,1,1,9
"05","unit_049","market_049",13,1.35821092761219,1,1,9
"05","unit_049","market_049",14,1.56898788100898,1,1,9
"05","unit_049","market_049",15,1.62761430734835,1,1,9
"05","unit_049","market_049",16,1.71189301103163,1,1,9
"05","unit_050","market_050",1,-0.00608038793201526,0,1,9
"05","unit_050","market_050",2,0.104036967446503,0,1,9
"05","unit_050","market_050",3,0.109496044917539,0,1,9
"05","unit_050","market_050",4,0.201920302230042,0,1,9
"05","unit_050","market_050",5,0.132026343904792,0,1,9
"05","unit_050","market_050",6,0.178768479872757,0,1,9
"05","unit_050","market_050",7,0.159819851886782,0,1,9
"05","unit_050","market_050",8,0.228321140342467,0,1,9
"05","unit_050","market_050",9,0.343114636515048,1,1,9
"05","unit_050","market_050",10,0.486468234280719,1,1,9
"05","unit_050","market_050",11,0.620327261936735,1,1,9
"05","unit_050","market_050",12,0.763804110459007,1,1,9
"05","unit_050","market_050",13,0.91429492264413,1,1,9
"05","unit_050","market_050",14,1.06469334748828,1,1,9
"05","unit_050","market_050",15,1.20383702452041,1,1,9
"05","unit_050","market_050",16,1.27686336136529,1,1,9
"05","unit_051","market_051",1,-0.151472770394088,0,1,9
"05","unit_051","market_051",2,-0.0551779339589417,0,1,9
"05","unit_051","market_051",3,-0.0389400298924687,0,1,9
"05","unit_051","market_051",4,-0.0818192287221391,0,1,9
"05","unit_051","market_051",5,-0.0859750212292136,0,1,9
"05","unit_051","market_051",6,0.0436891339676186,0,1,9
"05","unit_051","market_051",7,-0.0707726602786319,0,1,9
"05","unit_051","market_051",8,0.0636437853183608,0,1,9
"05","unit_051","market_051",9,0.237130423739537,1,1,9
"05","unit_051","market_051",10,0.42920199084258,1,1,9
"05","unit_051","market_051",11,0.551895333309052,1,1,9
"05","unit_051","market_051",12,0.653556648213363,1,1,9
"05","unit_051","market_051",13,0.840052492959252,1,1,9
"05","unit_051","market_051",14,0.980632879441288,1,1,9
"05","unit_051","market_051",15,1.02237604457084,1,1,9
"05","unit_051","market_051",16,1.2378636236191,1,1,9
"05","unit_052","market_052",1,0.208348507706106,0,1,9
"05","unit_052","market_052",2,0.310634908940516,0,1,9
"05","unit_052","market_052",3,0.464714573718334,0,1,9
"05","unit_052","market_052",4,0.384475272550978,0,1,9
"05","unit_052","market_052",5,0.382805084891835,0,1,9
"05","unit_052","market_052",6,0.46535629299415,0,1,9
"05","unit_052","market_052",7,0.473324147141873,0,1,9
"05","unit_052","market_052",8,0.4778419117433,0,1,9
"05","unit_052","market_052",9,0.548576973677263,1,1,9
"05","unit_052","market_052",10,0.715091151081318,1,1,9
"05","unit_052","market_052",11,0.857469354024323,1,1,9
"05","unit_052","market_052",12,1.06598050335433,1,1,9
"05","unit_052","market_052",13,1.21845466211411,1,1,9
"05","unit_052","market_052",14,1.38448378247593,1,1,9
"05","unit_052","market_052",15,1.54666441181347,1,1,9
"05","unit_052","market_052",16,1.55171268450168,1,1,9
"05","unit_053","market_053",1,-0.361805280204769,0,1,9
"05","unit_053","market_053",2,-0.271561850982222,0,1,9
"05","unit_053","market_053",3,-0.185884464646057,0,1,9
"05","unit_053","market_053",4,-0.165134437789201,0,1,9
"05","unit_053","market_053",5,-0.189287763190011,0,1,9
"05","unit_053","market_053",6,-0.229706931546669,0,1,9
"05","unit_053","market_053",7,-0.181495876044268,0,1,9
"05","unit_053","market_053",8,-0.148867497079168,0,1,9
"05","unit_053","market_053",9,0.0934950803698718,1,1,9
"05","unit_053","market_053",10,0.158344974751698,1,1,9
"05","unit_053","market_053",11,0.432855304391744,1,1,9
"05","unit_053","market_053",12,0.55544321360408,1,1,9
"05","unit_053","market_053",13,0.636462119829409,1,1,9
"05","unit_053","market_053",14,0.662343787362298,1,1,9
"05","unit_053","market_053",15,0.917493223550194,1,1,9
"05","unit_053","market_053",16,1.07329396525671,1,1,9
"05","unit_054","market_054",1,-0.0359561521979667,0,1,9
"05","unit_054","market_054",2,0.0479753052042022,0,1,9
"05","unit_054","market_054",3,0.0926240132658618,0,1,9
"05","unit_054","market_054",4,0.149806011866911,0,1,9
"05","unit_054","market_054",5,0.0873988613366824,0,1,9
"05","unit_054","market_054",6,0.103373124322983,0,1,9
"05","unit_054","market_054",7,0.0975927457980529,0,1,9
"05","unit_054","market_054",8,0.184419443759189,0,1,9
"05","unit_054","market_054",9,0.239324195176861,1,1,9
"05","unit_054","market_054",10,0.473894261851498,1,1,9
"05","unit_054","market_054",11,0.577715137346302,1,1,9
"05","unit_054","market_054",12,0.672117870238186,1,1,9
"05","unit_054","market_054",13,0.958088241496986,1,1,9
"05","unit_054","market_054",14,1.08567178318222,1,1,9
"05","unit_054","market_054",15,1.19763911347279,1,1,9
"05","unit_054","market_054",16,1.37913271079697,1,1,9
"05","unit_055","market_055",1,-0.221143247326272,0,1,9
"05","unit_055","market_055",2,-0.166566797163,0,1,9
"05","unit_055","market_055",3,0.0105496639385456,0,1,9
"05","unit_055","market_055",4,-0.0975236570493745,0,1,9
"05","unit_055","market_055",5,-0.0382935777490176,0,1,9
"05","unit_055","market_055",6,0.000633775929982108,0,1,9
"05","unit_055","market_055",7,-0.0291584479938233,0,1,9
"05","unit_055","market_055",8,-0.00707107794327179,0,1,9
"05","unit_055","market_055",9,0.0727554673919448,1,1,9
"05","unit_055","market_055",10,0.253663633004775,1,1,9
"05","unit_055","market_055",11,0.462482059691897,1,1,9
"05","unit_055","market_055",12,0.643564179070274,1,1,9
"05","unit_055","market_055",13,0.746524542346448,1,1,9
"05","unit_055","market_055",14,0.864532401213465,1,1,9
"05","unit_055","market_055",15,0.995977837085562,1,1,9
"05","unit_055","market_055",16,1.12962332718728,1,1,9
"05","unit_056","market_056",1,-0.102734395227827,0,1,9
"05","unit_056","market_056",2,-0.22677672423012,0,1,9
"05","unit_056","market_056",3,-0.121494697883591,0,1,9
"05","unit_056","market_056",4,-0.111689172977941,0,1,9
"05","unit_056","market_056",5,-0.123320516033554,0,1,9
"05","unit_056","market_056",6,-0.142330105341968,0,1,9
"05","unit_056","market_056",7,-0.0133382051403912,0,1,9
"05","unit_056","market_056",8,-0.110480374211695,0,1,9
"05","unit_056","market_056",9,0.0862564819459843,1,1,9
"05","unit_056","market_056",10,0.210934188760542,1,1,9
"05","unit_056","market_056",11,0.383405903813459,1,1,9
"05","unit_056","market_056",12,0.562857121383075,1,1,9
"05","unit_056","market_056",13,0.725770581871996,1,1,9
"05","unit_056","market_056",14,0.854531635720706,1,1,9
"05","unit_056","market_056",15,0.918116884751934,1,1,9
"05","unit_056","market_056",16,1.09318192536832,1,1,9
"05","unit_057","market_057",1,-0.195071279954013,0,1,9
"05","unit_057","market_057",2,-0.0593950355701063,0,1,9
"05","unit_057","market_057",3,0.00990269285853656,0,1,9
"05","unit_057","market_057",4,-0.0151602251449353,0,1,9
"05","unit_057","market_057",5,-0.0430678916468148,0,1,9
"05","unit_057","market_057",6,0.107997635277646,0,1,9
"05","unit_057","market_057",7,0.130098341550134,0,1,9
"05","unit_057","market_057",8,0.0879166337237017,0,1,9
"05","unit_057","market_057",9,0.214485552869375,1,1,9
"05","unit_057","market_057",10,0.269543600080759,1,1,9
"05","unit_057","market_057",11,0.49935751161814,1,1,9
"05","unit_057","market_057",12,0.707422228681279,1,1,9
"05","unit_057","market_057",13,0.753257964630136,1,1,9
"05","unit_057","market_057",14,0.907310106918185,1,1,9
"05","unit_057","market_057",15,1.0844114666478,1,1,9
"05","unit_057","market_057",16,1.17964872777331,1,1,9
"05","unit_058","market_058",1,0.475227883367868,0,1,9
"05","unit_058","market_058",2,0.429844304111548,0,1,9
"05","unit_058","market_058",3,0.58950638698923,0,1,9
"05","unit_058","market_058",4,0.614421870968305,0,1,9
"05","unit_058","market_058",5,0.508250353095164,0,1,9
"05","unit_058","market_058",6,0.560687578360695,0,1,9
"05","unit_058","market_058",7,0.552598095920798,0,1,9
"05","unit_058","market_058",8,0.659127310223725,0,1,9
"05","unit_058","market_058",9,0.788104440533454,1,1,9
"05","unit_058","market_058",10,0.9921789427292,1,1,9
"05","unit_058","market_058",11,1.01547228294841,1,1,9
"05","unit_058","market_058",12,1.18165389036939,1,1,9
"05","unit_058","market_058",13,1.40719309435001,1,1,9
"05","unit_058","market_058",14,1.58044806457008,1,1,9
"05","unit_058","market_058",15,1.67310024962044,1,1,9
"05","unit_058","market_058",16,1.74699925000446,1,1,9
"05","unit_059","market_059",1,0.341120199214599,0,1,9
"05","unit_059","market_059",2,0.334376862739545,0,1,9
"05","unit_059","market_059",3,0.384298225376058,0,1,9
"05","unit_059","market_059",4,0.388787112409808,0,1,9
"05","unit_059","market_059",5,0.386549091457656,0,1,9
"05","unit_059","market_059",6,0.500062708286299,0,1,9
"05","unit_059","market_059",7,0.385285396514226,0,1,9
"05","unit_059","market_059",8,0.481174436048066,0,1,9
"05","unit_059","market_059",9,0.599752868360091,1,1,9
"05","unit_059","market_059",10,0.757610725335913,1,1,9
"05","unit_059","market_059",11,0.965583629354713,1,1,9
"05","unit_059","market_059",12,0.989968311228475,1,1,9
"05","unit_059","market_059",13,1.21836634471214,1,1,9
"05","unit_059","market_059",14,1.35289915368043,1,1,9
"05","unit_059","market_059",15,1.50080847408967,1,1,9
"05","unit_059","market_059",16,1.66774652433232,1,1,9
"05","unit_060","market_060",1,-0.206402136267038,0,1,9
"05","unit_060","market_060",2,-0.132727244410795,0,1,9
"05","unit_060","market_060",3,-0.122025642258896,0,1,9
"05","unit_060","market_060",4,-0.0973098624489947,0,1,9
"05","unit_060","market_060",5,-0.134159030182539,0,1,9
"05","unit_060","market_060",6,-0.00551715162320571,0,1,9
"05","unit_060","market_060",7,-0.107738737630431,0,1,9
"05","unit_060","market_060",8,-0.0371712198093315,0,1,9
"05","unit_060","market_060",9,0.0571418022764623,1,1,9
"05","unit_060","market_060",10,0.242233202314777,1,1,9
"05","unit_060","market_060",11,0.357648216875219,1,1,9
"05","unit_060","market_060",12,0.452519303746983,1,1,9
"05","unit_060","market_060",13,0.60316691231079,1,1,9
"05","unit_060","market_060",14,0.820660293598979,1,1,9
"05","unit_060","market_060",15,0.985748668951635,1,1,9
"05","unit_060","market_060",16,1.07927716125165,1,1,9
"05","unit_061","market_061",1,-0.479975382863483,0,1,9
"05","unit_061","market_061",2,-0.424298824122885,0,1,9
"05","unit_061","market_061",3,-0.386666483138628,0,1,9
"05","unit_061","market_061",4,-0.461678390401637,0,1,9
"05","unit_061","market_061",5,-0.383818391734118,0,1,9
"05","unit_061","market_061",6,-0.36236162950908,0,1,9
"05","unit_061","market_061",7,-0.379335145317163,0,1,9
"05","unit_061","market_061",8,-0.370893812404516,0,1,9
"05","unit_061","market_061",9,-0.219585959518269,1,1,9
"05","unit_061","market_061",10,0.00559407064080805,1,1,9
"05","unit_061","market_061",11,0.123763019857242,1,1,9
"05","unit_061","market_061",12,0.264170242763767,1,1,9
"05","unit_061","market_061",13,0.467230945314496,1,1,9
"05","unit_061","market_061",14,0.467702940022974,1,1,9
"05","unit_061","market_061",15,0.610847645253317,1,1,9
"05","unit_061","market_061",16,0.795562898375114,1,1,9
"05","unit_062","market_062",1,0.621417317083224,0,1,9
"05","unit_062","market_062",2,0.63281303198622,0,1,9
"05","unit_062","market_062",3,0.726063836670666,0,1,9
"05","unit_062","market_062",4,0.684107019205616,0,1,9
"05","unit_062","market_062",5,0.609675207755881,0,1,9
"05","unit_062","market_062",6,0.642706998252061,0,1,9
"05","unit_062","market_062",7,0.710676807975301,0,1,9
"05","unit_062","market_062",8,0.736235488574355,0,1,9
"05","unit_062","market_062",9,0.744712477357614,1,1,9
"05","unit_062","market_062",10,0.883721751971257,1,1,9
"05","unit_062","market_062",11,1.08523073525007,1,1,9
"05","unit_062","market_062",12,1.32203789322095,1,1,9
"05","unit_062","market_062",13,1.53511525374926,1,1,9
"05","unit_062","market_062",14,1.61169021590108,1,1,9
"05","unit_062","market_062",15,1.66949742640781,1,1,9
"05","unit_062","market_062",16,1.86591517051229,1,1,9
"05","unit_063","market_063",1,-1.2728273425147,0,1,9
"05","unit_063","market_063",2,-1.23905971336183,0,1,9
"05","unit_063","market_063",3,-1.14827333562164,0,1,9
"05","unit_063","market_063",4,-1.12650606915918,0,1,9
"05","unit_063","market_063",5,-1.11872357970241,0,1,9
"05","unit_063","market_063",6,-1.08012658916836,0,1,9
"05","unit_063","market_063",7,-1.12513072646371,0,1,9
"05","unit_063","market_063",8,-1.03071686023404,0,1,9
"05","unit_063","market_063",9,-0.883507577185415,1,1,9
"05","unit_063","market_063",10,-0.810357721991005,1,1,9
"05","unit_063","market_063",11,-0.609410189479045,1,1,9
"05","unit_063","market_063",12,-0.505277062040727,1,1,9
"05","unit_063","market_063",13,-0.267068734754526,1,1,9
"05","unit_063","market_063",14,-0.14927535724882,1,1,9
"05","unit_063","market_063",15,-0.0289279331318879,1,1,9
"05","unit_063","market_063",16,0.124818951171116,1,1,9
"05","unit_064","market_064",1,-0.234442251125297,0,1,9
"05","unit_064","market_064",2,-0.290551856241638,0,1,9
"05","unit_064","market_064",3,-0.18015636890002,0,1,9
"05","unit_064","market_064",4,-0.247223374690803,0,1,9
"05","unit_064","market_064",5,-0.192746908146016,0,1,9
"05","unit_064","market_064",6,-0.108395639842463,0,1,9
"05","unit_064","market_064",7,-0.302728921565834,0,1,9
"05","unit_064","market_064",8,-0.165625547379556,0,1,9
"05","unit_064","market_064",9,-0.098248322092371,1,1,9
"05","unit_064","market_064",10,0.131215853962457,1,1,9
"05","unit_064","market_064",11,0.253284353471986,1,1,9
"05","unit_064","market_064",12,0.425028909382549,1,1,9
"05","unit_064","market_064",13,0.721265778152241,1,1,9
"05","unit_064","market_064",14,0.789665443692853,1,1,9
"05","unit_064","market_064",15,1.05502706006375,1,1,9
"05","unit_064","market_064",16,0.975415796521507,1,1,9
"05","unit_065","market_065",1,0.0857029960895696,0,1,9
"05","unit_065","market_065",2,0.108121338419174,0,1,9
"05","unit_065","market_065",3,0.170732700675979,0,1,9
"05","unit_065","market_065",4,0.290385525895853,0,1,9
"05","unit_065","market_065",5,0.269259412935354,0,1,9
"05","unit_065","market_065",6,0.254833531512987,0,1,9
"05","unit_065","market_065",7,0.202004557893377,0,1,9
"05","unit_065","market_065",8,0.23735946592471,0,1,9
"05","unit_065","market_065",9,0.510430326996795,1,1,9
"05","unit_065","market_065",10,0.603938515400955,1,1,9
"05","unit_065","market_065",11,0.700569866732396,1,1,9
"05","unit_065","market_065",12,0.778747930288863,1,1,9
"05","unit_065","market_065",13,1.02032190648668,1,1,9
"05","unit_065","market_065",14,1.23829478087034,1,1,9
"05","unit_065","market_065",15,1.40382917420887,1,1,9
"05","unit_065","market_065",16,1.43354401898713,1,1,9
"05","unit_066","market_066",1,-0.599673830902272,0,1,9
"05","unit_066","market_066",2,-0.602547801026847,0,1,9
"05","unit_066","market_066",3,-0.493579502822906,0,1,9
"05","unit_066","market_066",4,-0.41435342642983,0,1,9
"05","unit_066","market_066",5,-0.507347312647503,0,1,9
"05","unit_066","market_066",6,-0.324718225558986,0,1,9
"05","unit_066","market_066",7,-0.504569491015622,0,1,9
"05","unit_066","market_066",8,-0.369594862936261,0,1,9
"05","unit_066","market_066",9,-0.257146825529789,1,1,9
"05","unit_066","market_066",10,-0.149291748515543,1,1,9
"05","unit_066","market_066",11,0.0935251421055051,1,1,9
"05","unit_066","market_066",12,0.226091128184936,1,1,9
"05","unit_066","market_066",13,0.387073654859621,1,1,9
"05","unit_066","market_066",14,0.558187283032163,1,1,9
"05","unit_066","market_066",15,0.594816689491142,1,1,9
"05","unit_066","market_066",16,0.810793808143333,1,1,9
"05","unit_067","market_067",1,-0.270527219346933,0,1,9
"05","unit_067","market_067",2,-0.248227340879302,0,1,9
"05","unit_067","market_067",3,-0.279501427956828,0,1,9
"05","unit_067","market_067",4,-0.220844787805447,0,1,9
"05","unit_067","market_067",5,-0.220842319178512,0,1,9
"05","unit_067","market_067",6,-0.105439439184133,0,1,9
"05","unit_067","market_067",7,-0.207371743142321,0,1,9
"05","unit_067","market_067",8,-0.217305200408177,0,1,9
"05","unit_067","market_067",9,-0.1024063694159,1,1,9
"05","unit_067","market_067",10,0.088250329014677,1,1,9
"05","unit_067","market_067",11,0.328283379075738,1,1,9
"05","unit_067","market_067",12,0.439863211676001,1,1,9
"05","unit_067","market_067",13,0.574992021892082,1,1,9
"05","unit_067","market_067",14,0.797342847218417,1,1,9
"05","unit_067","market_067",15,0.796490347169327,1,1,9
"05","unit_067","market_067",16,1.00770320486902,1,1,9
"05","unit_068","market_068",1,-0.0500522521975116,0,1,9
"05","unit_068","market_068",2,-0.0389487456246722,0,1,9
"05","unit_068","market_068",3,0.0173255894882821,0,1,9
"05","unit_068","market_068",4,0.0473865161062881,0,1,9
"05","unit_068","market_068",5,0.114701426807914,0,1,9
"05","unit_068","market_068",6,-0.0333517892995245,0,1,9
"05","unit_068","market_068",7,0.063325321474205,0,1,9
"05","unit_068","market_068",8,0.131986033696116,0,1,9
"05","unit_068","market_068",9,0.183682566445135,1,1,9
"05","unit_068","market_068",10,0.367180794624201,1,1,9
"05","unit_068","market_068",11,0.57597052233653,1,1,9
"05","unit_068","market_068",12,0.651022243942166,1,1,9
"05","unit_068","market_068",13,0.849818690372204,1,1,9
"05","unit_068","market_068",14,0.943073301202347,1,1,9
"05","unit_068","market_068",15,1.01855388749594,1,1,9
"05","unit_068","market_068",16,1.2239597411177,1,1,9
"05","unit_069","market_069",1,-0.0376857716124371,0,1,9
"05","unit_069","market_069",2,0.0518147650055674,0,1,9
"05","unit_069","market_069",3,0.154573240598042,0,1,9
"05","unit_069","market_069",4,0.104978519797208,0,1,9
"05","unit_069","market_069",5,0.0679621420136074,0,1,9
"05","unit_069","market_069",6,0.0378138075258651,0,1,9
"05","unit_069","market_069",7,0.0911954406655758,0,1,9
"05","unit_069","market_069",8,0.209933844913332,0,1,9
"05","unit_069","market_069",9,0.315085056355542,1,1,9
"05","unit_069","market_069",10,0.436915266752704,1,1,9
"05","unit_069","market_069",11,0.611092192490646,1,1,9
"05","unit_069","market_069",12,0.70680769836993,1,1,9
"05","unit_069","market_069",13,0.95492085806045,1,1,9
"05","unit_069","market_069",14,1.2357823290536,1,1,9
"05","unit_069","market_069",15,1.09295292335177,1,1,9
"05","unit_069","market_069",16,1.24231802385798,1,1,9
"05","unit_070","market_070",1,-0.609786831853397,0,1,9
"05","unit_070","market_070",2,-0.632901118786503,0,1,9
"05","unit_070","market_070",3,-0.562681469903125,0,1,9
"05","unit_070","market_070",4,-0.543597520466526,0,1,9
"05","unit_070","market_070",5,-0.496303729833565,0,1,9
"05","unit_070","market_070",6,-0.552692157400924,0,1,9
"05","unit_070","market_070",7,-0.556624293445966,0,1,9
"05","unit_070","market_070",8,-0.519771634443074,0,1,9
"05","unit_070","market_070",9,-0.395470208142496,1,1,9
"05","unit_070","market_070",10,-0.179009453559464,1,1,9
"05","unit_070","market_070",11,-0.060925544359359,1,1,9
"05","unit_070","market_070",12,0.0718124074601427,1,1,9
"05","unit_070","market_070",13,0.242575479165224,1,1,9
"05","unit_070","market_070",14,0.383478738536857,1,1,9
"05","unit_070","market_070",15,0.598082180897055,1,1,9
"05","unit_070","market_070",16,0.664917762283262,1,1,9
"05","unit_071","market_071",1,-0.353233167052334,0,1,9
"05","unit_071","market_071",2,-0.294231910068348,0,1,9
"05","unit_071","market_071",3,-0.240965307272275,0,1,9
"05","unit_071","market_071",4,-0.2373917061381,0,1,9
"05","unit_071","market_071",5,-0.268947436576397,0,1,9
"05","unit_071","market_071",6,-0.324671297132402,0,1,9
"05","unit_071","market_071",7,-0.211438848693646,0,1,9
"05","unit_071","market_071",8,-0.116427772721567,0,1,9
"05","unit_071","market_071",9,-0.098552599776937,1,1,9
"05","unit_071","market_071",10,0.0530396488031235,1,1,9
"05","unit_071","market_071",11,0.26652786178509,1,1,9
"05","unit_071","market_071",12,0.401461430052072,1,1,9
"05","unit_071","market_071",13,0.577159139775125,1,1,9
"05","unit_071","market_071",14,0.76593971938312,1,1,9
"05","unit_071","market_071",15,0.842574739628333,1,1,9
"05","unit_071","market_071",16,1.00056883827389,1,1,9
"05","unit_072","market_072",1,-0.186896177055967,0,1,9
"05","unit_072","market_072",2,-0.0496377592716161,0,1,9
"05","unit_072","market_072",3,-0.0613222179748862,0,1,9
"05","unit_072","market_072",4,-0.108727632337507,0,1,9
"05","unit_072","market_072",5,-0.049659236212968,0,1,9
"05","unit_072","market_072",6,-0.0167213556471135,0,1,9
"05","unit_072","market_072",7,0.0464615799150354,0,1,9
"05","unit_072","market_072",8,-0.0540581575682282,0,1,9
"05","unit_072","market_072",9,0.129713674651443,1,1,9
"05","unit_072","market_072",10,0.202645918383288,1,1,9
"05","unit_072","market_072",11,0.409727997443992,1,1,9
"05","unit_072","market_072",12,0.625259206812524,1,1,9
"05","unit_072","market_072",13,0.783171908241059,1,1,9
"05","unit_072","market_072",14,0.957518586094945,1,1,9
"05","unit_072","market_072",15,1.1159339558975,1,1,9
"05","unit_072","market_072",16,1.16777627982074,1,1,9
"05","unit_073","market_073",1,-0.0559905999938924,0,1,9
"05","unit_073","market_073",2,0.0663289104526422,0,1,9
"05","unit_073","market_073",3,0.0601226245559896,0,1,9
"05","unit_073","market_073",4,0.0763021570076764,0,1,9
"05","unit_073","market_073",5,-0.00127777914544384,0,1,9
"05","unit_073","market_073",6,0.0291023281733738,0,1,9
"05","unit_073","market_073",7,0.255677410061977,0,1,9
"05","unit_073","market_073",8,0.103119540024056,0,1,9
"05","unit_073","market_073",9,0.257846928639426,1,1,9
"05","unit_073","market_073",10,0.389396099680596,1,1,9
"05","unit_073","market_073",11,0.609238262602755,1,1,9
"05","unit_073","market_073",12,0.6964211979814,1,1,9
"05","unit_073","market_073",13,0.825015936343589,1,1,9
"05","unit_073","market_073",14,0.978921119309245,1,1,9
"05","unit_073","market_073",15,1.14494584662458,1,1,9
"05","unit_073","market_073",16,1.2992352386717,1,1,9
"05","unit_074","market_074",1,0.181625472393456,0,1,9
"05","unit_074","market_074",2,0.217213443889095,0,1,9
"05","unit_074","market_074",3,0.284405553423915,0,1,9
"05","unit_074","market_074",4,0.245818443386648,0,1,9
"05","unit_074","market_074",5,0.37460590418474,0,1,9
"05","unit_074","market_074",6,0.221022627558437,0,1,9
"05","unit_074","market_074",7,0.38207292425929,0,1,9
"05","unit_074","market_074",8,0.377606677718163,0,1,9
"05","unit_074","market_074",9,0.535167025839987,1,1,9
"05","unit_074","market_074",10,0.603282278718522,1,1,9
"05","unit_074","market_074",11,0.764104975972106,1,1,9
"05","unit_074","market_074",12,0.955237071096546,1,1,9
"05","unit_074","market_074",13,1.17251283191041,1,1,9
"05","unit_074","market_074",14,1.34971969082311,1,1,9
"05","unit_074","market_074",15,1.44136728729439,1,1,9
"05","unit_074","market_074",16,1.47274779319581,1,1,9
"05","unit_075","market_075",1,0.108213841874864,0,1,9
"05","unit_075","market_075",2,0.241903137668765,0,1,9
"05","unit_075","market_075",3,0.249349712146313,0,1,9
"05","unit_075","market_075",4,0.301018268383822,0,1,9
"05","unit_075","market_075",5,0.32265215625143,0,1,9
"05","unit_075","market_075",6,0.312977765493798,0,1,9
"05","unit_075","market_075",7,0.234731723113096,0,1,9
"05","unit_075","market_075",8,0.240344103822578,0,1,9
"05","unit_075","market_075",9,0.453018078204909,1,1,9
"05","unit_075","market_075",10,0.52246400851346,1,1,9
"05","unit_075","market_075",11,0.731284178315224,1,1,9
"05","unit_075","market_075",12,0.888459863356712,1,1,9
"05","unit_075","market_075",13,1.10193713782886,1,1,9
"05","unit_075","market_075",14,1.1705318799411,1,1,9
"05","unit_075","market_075",15,1.32179515900339,1,1,9
"05","unit_075","market_075",16,1.45553468373342,1,1,9
"05","unit_076","market_076",1,-0.645360317666284,0,1,9
"05","unit_076","market_076",2,-0.678929432281481,0,1,9
"05","unit_076","market_076",3,-0.570942229901131,0,1,9
"05","unit_076","market_076",4,-0.580018607626072,0,1,9
"05","unit_076","market_076",5,-0.514501345098345,0,1,9
"05","unit_076","market_076",6,-0.558009085005622,0,1,9
"05","unit_076","market_076",7,-0.523542933076646,0,1,9
"05","unit_076","market_076",8,-0.482179226325896,0,1,9
"05","unit_076","market_076",9,-0.345425192467098,1,1,9
"05","unit_076","market_076",10,-0.187511459840941,1,1,9
"05","unit_076","market_076",11,-0.0138090202328506,1,1,9
"05","unit_076","market_076",12,0.0132107812680484,1,1,9
"05","unit_076","market_076",13,0.294826513040179,1,1,9
"05","unit_076","market_076",14,0.45300897504478,1,1,9
"05","unit_076","market_076",15,0.521215220308323,1,1,9
"05","unit_076","market_076",16,0.627210028798528,1,1,9
"05","unit_077","market_077",1,-0.506409423906881,0,1,9
"05","unit_077","market_077",2,-0.486331253178863,0,1,9
"05","unit_077","market_077",3,-0.330000326129969,0,1,9
"05","unit_077","market_077",4,-0.421921759371092,0,1,9
"05","unit_077","market_077",5,-0.354523718495576,0,1,9
"05","unit_077","market_077",6,-0.346232532779778,0,1,9
"05","unit_077","market_077",7,-0.447203951814434,0,1,9
"05","unit_077","market_077",8,-0.360318144356354,0,1,9
"05","unit_077","market_077",9,-0.24161402869215,1,1,9
"05","unit_077","market_077",10,-0.0583136797819491,1,1,9
"05","unit_077","market_077",11,0.0904868975878175,1,1,9
"05","unit_077","market_077",12,0.313234552161657,1,1,9
"05","unit_077","market_077",13,0.456338067082209,1,1,9
"05","unit_077","market_077",14,0.547215864461877,1,1,9
"05","unit_077","market_077",15,0.673851311297145,1,1,9
"05","unit_077","market_077",16,0.771756198288554,1,1,9
"05","unit_078","market_078",1,-0.118708619339773,0,1,9
"05","unit_078","market_078",2,-0.0681493313615266,0,1,9
"05","unit_078","market_078",3,0.0542658241751971,0,1,9
"05","unit_078","market_078",4,0.177335452734828,0,1,9
"05","unit_078","market_078",5,0.0382872589114689,0,1,9
"05","unit_078","market_078",6,0.0973672776226149,0,1,9
"05","unit_078","market_078",7,0.0552743106322626,0,1,9
"05","unit_078","market_078",8,0.0772527306230362,0,1,9
"05","unit_078","market_078",9,0.24759811912138,1,1,9
"05","unit_078","market_078",10,0.367570173107973,1,1,9
"05","unit_078","market_078",11,0.516072748673236,1,1,9
"05","unit_078","market_078",12,0.600875122591158,1,1,9
"05","unit_078","market_078",13,0.780209690445994,1,1,9
"05","unit_078","market_078",14,1.02324747547983,1,1,9
"05","unit_078","market_078",15,1.14722231040499,1,1,9
"05","unit_078","market_078",16,1.20571404294915,1,1,9
"05","unit_079","market_079",1,0.13494852400314,0,1,9
"05","unit_079","market_079",2,0.102817315510338,0,1,9
"05","unit_079","market_079",3,0.406496418167068,0,1,9
"05","unit_079","market_079",4,0.330116139175498,0,1,9
"05","unit_079","market_079",5,0.429206170023943,0,1,9
"05","unit_079","market_079",6,0.308777255773603,0,1,9
"05","unit_079","market_079",7,0.31493380529511,0,1,9
"05","unit_079","market_079",8,0.304696257921945,0,1,9
"05","unit_079","market_079",9,0.464429845509506,1,1,9
"05","unit_079","market_079",10,0.585698469547304,1,1,9
"05","unit_079","market_079",11,0.852191412405096,1,1,9
"05","unit_079","market_079",12,0.943709557180882,1,1,9
"05","unit_079","market_079",13,1.02984524242795,1,1,9
"05","unit_079","market_079",14,1.26433269766542,1,1,9
"05","unit_079","market_079",15,1.48890237732796,1,1,9
"05","unit_079","market_079",16,1.5238399993181,1,1,9
"05","unit_080","market_080",1,0.512013628734054,0,1,9
"05","unit_080","market_080",2,0.541744465266603,0,1,9
"05","unit_080","market_080",3,0.678178988733994,0,1,9
"05","unit_080","market_080",4,0.668397931513088,0,1,9
"05","unit_080","market_080",5,0.640898147617923,0,1,9
"05","unit_080","market_080",6,0.747333072916051,0,1,9
"05","unit_080","market_080",7,0.705304435744623,0,1,9
"05","unit_080","market_080",8,0.623741658925755,0,1,9
"05","unit_080","market_080",9,0.742988397918859,1,1,9
"05","unit_080","market_080",10,0.891261618421384,1,1,9
"05","unit_080","market_080",11,1.09049005183034,1,1,9
"05","unit_080","market_080",12,1.29590456674485,1,1,9
"05","unit_080","market_080",13,1.4998889140483,1,1,9
"05","unit_080","market_080",14,1.71379929481401,1,1,9
"05","unit_080","market_080",15,1.68954300954253,1,1,9
"05","unit_080","market_080",16,1.87860654135841,1,1,9
"05","unit_081","market_081",1,-0.242013126639221,0,1,11
"05","unit_081","market_081",2,-0.322849098635204,0,1,11
"05","unit_081","market_081",3,-0.192491575526648,0,1,11
"05","unit_081","market_081",4,-0.106267695246845,0,1,11
"05","unit_081","market_081",5,-0.182971009370819,0,1,11
"05","unit_081","market_081",6,-0.140742460025356,0,1,11
"05","unit_081","market_081",7,-0.0778088826970434,0,1,11
"05","unit_081","market_081",8,-0.165435184019082,0,1,11
"05","unit_081","market_081",9,0.0248200502326473,0,1,11
"05","unit_081","market_081",10,0.000202124039424788,0,1,11
"05","unit_081","market_081",11,0.0940377064591654,1,1,11
"05","unit_081","market_081",12,0.341582141519069,1,1,11
"05","unit_081","market_081",13,0.525327191929927,1,1,11
"05","unit_081","market_081",14,0.555059303731237,1,1,11
"05","unit_081","market_081",15,0.705467951253661,1,1,11
"05","unit_081","market_081",16,0.815519048453021,1,1,11
"05","unit_082","market_082",1,0.309473035032154,0,1,11
"05","unit_082","market_082",2,0.276230113209943,0,1,11
"05","unit_082","market_082",3,0.296324858139688,0,1,11
"05","unit_082","market_082",4,0.34417383130345,0,1,11
"05","unit_082","market_082",5,0.329588361293044,0,1,11
"05","unit_082","market_082",6,0.418337798345966,0,1,11
"05","unit_082","market_082",7,0.308299075088216,0,1,11
"05","unit_082","market_082",8,0.432409453631694,0,1,11
"05","unit_082","market_082",9,0.391132964868066,0,1,11
"05","unit_082","market_082",10,0.45656183101551,0,1,11
"05","unit_082","market_082",11,0.62433533723399,1,1,11
"05","unit_082","market_082",12,0.729194083524432,1,1,11
"05","unit_082","market_082",13,0.87091492961301,1,1,11
"05","unit_082","market_082",14,1.11430086801492,1,1,11
"05","unit_082","market_082",15,1.24655362038937,1,1,11
"05","unit_082","market_082",16,1.42251854863039,1,1,11
"05","unit_083","market_083",1,-0.0354076191753718,0,1,11
"05","unit_083","market_083",2,0.142158533268589,0,1,11
"05","unit_083","market_083",3,0.124468109350101,0,1,11
"05","unit_083","market_083",4,0.124558282626231,0,1,11
"05","unit_083","market_083",5,0.128806188134678,0,1,11
"05","unit_083","market_083",6,0.145620236757099,0,1,11
"05","unit_083","market_083",7,0.13568596787133,0,1,11
"05","unit_083","market_083",8,0.179742762234553,0,1,11
"05","unit_083","market_083",9,0.180747066174216,0,1,11
"05","unit_083","market_083",10,0.286807179834377,0,1,11
"05","unit_083","market_083",11,0.392625334430305,1,1,11
"05","unit_083","market_083",12,0.528323316688192,1,1,11
"05","unit_083","market_083",13,0.749957090935771,1,1,11
"05","unit_083","market_083",14,0.974512288186455,1,1,11
"05","unit_083","market_083",15,0.968220024608413,1,1,11
"05","unit_083","market_083",16,1.13184917914222,1,1,11
"05","unit_084","market_084",1,-0.0718575400753772,0,1,11
"05","unit_084","market_084",2,-0.0017704327575593,0,1,11
"05","unit_084","market_084",3,0.0631402640581545,0,1,11
"05","unit_084","market_084",4,0.136444477761016,0,1,11
"05","unit_084","market_084",5,0.0674870503543328,0,1,11
"05","unit_084","market_084",6,0.0353672942503159,0,1,11
"05","unit_084","market_084",7,0.0144414680770325,0,1,11
"05","unit_084","market_084",8,0.0615415198486121,0,1,11
"05","unit_084","market_084",9,0.162178744389901,0,1,11
"05","unit_084","market_084",10,0.249679612172218,0,1,11
"05","unit_084","market_084",11,0.421522204812622,1,1,11
"05","unit_084","market_084",12,0.515887181432359,1,1,11
"05","unit_084","market_084",13,0.60747624406728,1,1,11
"05","unit_084","market_084",14,0.778261420761144,1,1,11
"05","unit_084","market_084",15,0.972571842945618,1,1,11
"05","unit_084","market_084",16,1.10915238560552,1,1,11
"05","unit_085","market_085",1,0.836370974410419,0,1,11
"05","unit_085","market_085",2,0.944218993673543,0,1,11
"05","unit_085","market_085",3,0.937473459427941,0,1,11
"05","unit_085","market_085",4,0.997039380474869,0,1,11
"05","unit_085","market_085",5,0.993836120769396,0,1,11
"05","unit_085","market_085",6,1.00379774739213,0,1,11
"05","unit_085","market_085",7,1.05029939524181,0,1,11
"05","unit_085","market_085",8,1.08873027053589,0,1,11
"05","unit_085","market_085",9,1.11017856333811,0,1,11
"05","unit_085","market_085",10,1.05625750941897,0,1,11
"05","unit_085","market_085",11,1.25410396597653,1,1,11
"05","unit_085","market_085",12,1.42884356495323,1,1,11
"05","unit_085","market_085",13,1.71466214869936,1,1,11
"05","unit_085","market_085",14,1.69486907154447,1,1,11
"05","unit_085","market_085",15,1.89495650186505,1,1,11
"05","unit_085","market_085",16,1.97026393679552,1,1,11
"05","unit_086","market_086",1,0.493556431899168,0,1,11
"05","unit_086","market_086",2,0.468081096324365,0,1,11
"05","unit_086","market_086",3,0.465304909250931,0,1,11
"05","unit_086","market_086",4,0.453673138641476,0,1,11
"05","unit_086","market_086",5,0.454015942055968,0,1,11
"05","unit_086","market_086",6,0.520694547844438,0,1,11
"05","unit_086","market_086",7,0.534759216913843,0,1,11
"05","unit_086","market_086",8,0.502122782083874,0,1,11
"05","unit_086","market_086",9,0.461454802915364,0,1,11
"05","unit_086","market_086",10,0.526650635918691,0,1,11
"05","unit_086","market_086",11,0.78364501864648,1,1,11
"05","unit_086","market_086",12,0.985616756042183,1,1,11
"05","unit_086","market_086",13,0.957474713264521,1,1,11
"05","unit_086","market_086",14,1.26478021489271,1,1,11
"05","unit_086","market_086",15,1.37991386604141,1,1,11
"05","unit_086","market_086",16,1.47713473481681,1,1,11
"05","unit_087","market_087",1,0.3608970925353,0,1,11
"05","unit_087","market_087",2,0.371946903769499,0,1,11
"05","unit_087","market_087",3,0.367191808061843,0,1,11
"05","unit_087","market_087",4,0.360289827459387,0,1,11
"05","unit_087","market_087",5,0.34509456573348,0,1,11
"05","unit_087","market_087",6,0.402111910363127,0,1,11
"05","unit_087","market_087",7,0.412765252504132,0,1,11
"05","unit_087","market_087",8,0.52583644731824,0,1,11
"05","unit_087","market_087",9,0.423493485309412,0,1,11
"05","unit_087","market_087",10,0.522977859322311,0,1,11
"05","unit_087","market_087",11,0.728093938259892,1,1,11
"05","unit_087","market_087",12,0.829377184210519,1,1,11
"05","unit_087","market_087",13,1.0281124452708,1,1,11
"05","unit_087","market_087",14,1.17739915446303,1,1,11
"05","unit_087","market_087",15,1.32719703052506,1,1,11
"05","unit_087","market_087",16,1.42268408520647,1,1,11
"05","unit_088","market_088",1,0.307840352957461,0,1,11
"05","unit_088","market_088",2,0.518538037911773,0,1,11
"05","unit_088","market_088",3,0.455936653262978,0,1,11
"05","unit_088","market_088",4,0.598987883879868,0,1,11
"05","unit_088","market_088",5,0.535616394130606,0,1,11
"05","unit_088","market_088",6,0.477085186809224,0,1,11
"05","unit_088","market_088",7,0.514695704489863,0,1,11
"05","unit_088","market_088",8,0.578430855000811,0,1,11
"05","unit_088","market_088",9,0.517516090540093,0,1,11
"05","unit_088","market_088",10,0.664849250035127,0,1,11
"05","unit_088","market_088",11,0.645592731873158,1,1,11
"05","unit_088","market_088",12,0.96619375709144,1,1,11
"05","unit_088","market_088",13,1.06227039693995,1,1,11
"05","unit_088","market_088",14,1.34765493679513,1,1,11
"05","unit_088","market_088",15,1.4548985692672,1,1,11
"05","unit_088","market_088",16,1.6268845397525,1,1,11
"05","unit_089","market_089",1,-0.311628123431935,0,1,11
"05","unit_089","market_089",2,-0.306275285571748,0,1,11
"05","unit_089","market_089",3,-0.167464355501221,0,1,11
"05","unit_089","market_089",4,-0.201458933807558,0,1,11
"05","unit_089","market_089",5,-0.26695725584016,0,1,11
"05","unit_089","market_089",6,-0.269091376254684,0,1,11
"05","unit_089","market_089",7,-0.190332020847769,0,1,11
"05","unit_089","market_089",8,-0.104842854353686,0,1,11
"05","unit_089","market_089",9,-0.109651870694725,0,1,11
"05","unit_089","market_089",10,-0.0636035269290293,0,1,11
"05","unit_089","market_089",11,0.106938747237099,1,1,11
"05","unit_089","market_089",12,0.172358259649315,1,1,11
"05","unit_089","market_089",13,0.403098113091036,1,1,11
"05","unit_089","market_089",14,0.568700011313363,1,1,11
"05","unit_089","market_089",15,0.640663366086331,1,1,11
"05","unit_089","market_089",16,0.700798050848428,1,1,11
"05","unit_090","market_090",1,0.303667055392568,0,1,11
"05","unit_090","market_090",2,0.30194430391664,0,1,11
"05","unit_090","market_090",3,0.357319257495007,0,1,11
"05","unit_090","market_090",4,0.283263521045266,0,1,11
"05","unit_090","market_090",5,0.322909692649042,0,1,11
"05","unit_090","market_090",6,0.381356136520393,0,1,11
"05","unit_090","market_090",7,0.372067460851028,0,1,11
"05","unit_090","market_090",8,0.440206935077332,0,1,11
"05","unit_090","market_090",9,0.297623579929341,0,1,11
"05","unit_090","market_090",10,0.550791728319732,0,1,11
"05","unit_090","market_090",11,0.532510685161421,1,1,11
"05","unit_090","market_090",12,0.80060711370764,1,1,11
"05","unit_090","market_090",13,0.924588885467338,1,1,11
"05","unit_090","market_090",14,1.15253846383631,1,1,11
"05","unit_090","market_090",15,1.20284352162337,1,1,11
"05","unit_090","market_090",16,1.37229898140415,1,1,11
"05","unit_091","market_091",1,0.139454219478935,0,1,11
"05","unit_091","market_091",2,0.158026921943976,0,1,11
"05","unit_091","market_091",3,0.259077983543993,0,1,11
"05","unit_091","market_091",4,0.245321580922521,0,1,11
"05","unit_091","market_091",5,0.332408622283428,0,1,11
"05","unit_091","market_091",6,0.334187178550068,0,1,11
"05","unit_091","market_091",7,0.260180912923345,0,1,11
"05","unit_091","market_091",8,0.397170091384821,0,1,11
"05","unit_091","market_091",9,0.446605181238557,0,1,11
"05","unit_091","market_091",10,0.432067501518887,0,1,11
"05","unit_091","market_091",11,0.593214265972272,1,1,11
"05","unit_091","market_091",12,0.76002364356749,1,1,11
"05","unit_091","market_091",13,0.805211615303785,1,1,11
"05","unit_091","market_091",14,1.10154226505509,1,1,11
"05","unit_091","market_091",15,1.14721881129503,1,1,11
"05","unit_091","market_091",16,1.36831091758513,1,1,11
"05","unit_092","market_092",1,-0.0491236718336359,0,1,11
"05","unit_092","market_092",2,0.0899181932201558,0,1,11
"05","unit_092","market_092",3,0.000246510381542747,0,1,11
"05","unit_092","market_092",4,0.0407912519492525,0,1,11
"05","unit_092","market_092",5,0.0706314801039152,0,1,11
"05","unit_092","market_092",6,0.0124545068102216,0,1,11
"05","unit_092","market_092",7,0.126357965425702,0,1,11
"05","unit_092","market_092",8,0.147041387078471,0,1,11
"05","unit_092","market_092",9,0.16873315183836,0,1,11
"05","unit_092","market_092",10,0.284352199901401,0,1,11
"05","unit_092","market_092",11,0.362271825552996,1,1,11
"05","unit_092","market_092",12,0.543656792421772,1,1,11
"05","unit_092","market_092",13,0.697113110474029,1,1,11
"05","unit_092","market_092",14,0.788267822394799,1,1,11
"05","unit_092","market_092",15,0.950385864937228,1,1,11
"05","unit_092","market_092",16,1.08920414696042,1,1,11
"05","unit_093","market_093",1,-0.26518455308868,0,1,11
"05","unit_093","market_093",2,-0.282612428449193,0,1,11
"05","unit_093","market_093",3,-0.315165000052851,0,1,11
"05","unit_093","market_093",4,-0.343195561411807,0,1,11
"05","unit_093","market_093",5,-0.29757038091509,0,1,11
"05","unit_093","market_093",6,-0.327874493753992,0,1,11
"05","unit_093","market_093",7,-0.29745636345826,0,1,11
"05","unit_093","market_093",8,-0.29966683239755,0,1,11
"05","unit_093","market_093",9,-0.187167391733487,0,1,11
"05","unit_093","market_093",10,-0.240921753536222,0,1,11
"05","unit_093","market_093",11,-0.0258871040106537,1,1,11
"05","unit_093","market_093",12,0.0788688721231897,1,1,11
"05","unit_093","market_093",13,0.313804339994272,1,1,11
"05","unit_093","market_093",14,0.449612849308487,1,1,11
"05","unit_093","market_093",15,0.72481671224272,1,1,11
"05","unit_093","market_093",16,0.718100984931706,1,1,11
"05","unit_094","market_094",1,0.158726016850183,0,1,11
"05","unit_094","market_094",2,0.184592252234011,0,1,11
"05","unit_094","market_094",3,0.279027858978894,0,1,11
"05","unit_094","market_094",4,0.288384914207237,0,1,11
"05","unit_094","market_094",5,0.237338641369984,0,1,11
"05","unit_094","market_094",6,0.326219696884231,0,1,11
"05","unit_094","market_094",7,0.365218008555572,0,1,11
"05","unit_094","market_094",8,0.301742080106323,0,1,11
"05","unit_094","market_094",9,0.346495084187131,0,1,11
"05","unit_094","market_094",10,0.426975686068359,0,1,11
"05","unit_094","market_094",11,0.568248860654946,1,1,11
"05","unit_094","market_094",12,0.684439102084027,1,1,11
"05","unit_094","market_094",13,0.716049162716665,1,1,11
"05","unit_094","market_094",14,0.921577621395431,1,1,11
"05","unit_094","market_094",15,1.17629577408457,1,1,11
"05","unit_094","market_094",16,1.34639951375067,1,1,11
"05","unit_095","market_095",1,0.0983604940866917,0,1,11
"05","unit_095","market_095",2,0.23666112267532,0,1,11
"05","unit_095","market_095",3,0.259133993735963,0,1,11
"05","unit_095","market_095",4,0.234761071971546,0,1,11
"05","unit_095","market_095",5,0.284443406711311,0,1,11
"05","unit_095","market_095",6,0.280954565595316,0,1,11
"05","unit_095","market_095",7,0.344344904759584,0,1,11
"05","unit_095","market_095",8,0.339097643029896,0,1,11
"05","unit_095","market_095",9,0.389024345065649,0,1,11
"05","unit_095","market_095",10,0.42134407713907,0,1,11
"05","unit_095","market_095",11,0.621357096206333,1,1,11
"05","unit_095","market_095",12,0.771281951861778,1,1,11
"05","unit_095","market_095",13,0.87915427037632,1,1,11
"05","unit_095","market_095",14,1.05838811077638,1,1,11
"05","unit_095","market_095",15,1.15164768916349,1,1,11
"05","unit_095","market_095",16,1.26551256141794,1,1,11
"05","unit_096","market_096",1,-0.0473827641588689,0,1,11
"05","unit_096","market_096",2,0.0202054996868435,0,1,11
"05","unit_096","market_096",3,0.060810565436786,0,1,11
"05","unit_096","market_096",4,0.0556249384308618,0,1,11
"05","unit_096","market_096",5,0.152469004041607,0,1,11
"05","unit_096","market_096",6,0.127772324423693,0,1,11
"05","unit_096","market_096",7,0.134550808152228,0,1,11
"05","unit_096","market_096",8,0.155393247978182,0,1,11
"05","unit_096","market_096",9,0.160290825972136,0,1,11
"05","unit_096","market_096",10,0.19153540096441,0,1,11
"05","unit_096","market_096",11,0.373430626477277,1,1,11
"05","unit_096","market_096",12,0.49642175984289,1,1,11
"05","unit_096","market_096",13,0.717280168960966,1,1,11
"05","unit_096","market_096",14,0.835170423922001,1,1,11
"05","unit_096","market_096",15,0.961845034348181,1,1,11
"05","unit_096","market_096",16,1.08421424738124,1,1,11
"05","unit_097","market_097",1,-0.209357776996731,0,1,11
"05","unit_097","market_097",2,-0.0764727555672026,0,1,11
"05","unit_097","market_097",3,-0.119618462120798,0,1,11
"05","unit_097","market_097",4,-0.202672193810247,0,1,11
"05","unit_097","market_097",5,-0.0419977669877177,0,1,11
"05","unit_097","market_097",6,-0.12899671818929,0,1,11
"05","unit_097","market_097",7,-0.111346747212942,0,1,11
"05","unit_097","market_097",8,-0.018884644850223,0,1,11
"05","unit_097","market_097",9,-0.0788160526489509,0,1,11
"05","unit_097","market_097",10,0.0136268691317624,0,1,11
"05","unit_097","market_097",11,0.150946144425063,1,1,11
"05","unit_097","market_097",12,0.48930828172123,1,1,11
"05","unit_097","market_097",13,0.516677294038281,1,1,11
"05","unit_097","market_097",14,0.660446955251374,1,1,11
"05","unit_097","market_097",15,0.808979495862107,1,1,11
"05","unit_097","market_097",16,0.952296336063257,1,1,11
"05","unit_098","market_098",1,0.200184059249473,0,1,11
"05","unit_098","market_098",2,0.270362643162166,0,1,11
"05","unit_098","market_098",3,0.299567902547056,0,1,11
"05","unit_098","market_098",4,0.299131180388354,0,1,11
"05","unit_098","market_098",5,0.352999644646407,0,1,11
"05","unit_098","market_098",6,0.256125053672181,0,1,11
"05","unit_098","market_098",7,0.357270005450666,0,1,11
"05","unit_098","market_098",8,0.373598118847973,0,1,11
"05","unit_098","market_098",9,0.273265249689704,0,1,11
"05","unit_098","market_098",10,0.451979106447134,0,1,11
"05","unit_098","market_098",11,0.551875317446776,1,1,11
"05","unit_098","market_098",12,0.653328715370741,1,1,11
"05","unit_098","market_098",13,0.90508997353694,1,1,11
"05","unit_098","market_098",14,1.00318473839906,1,1,11
"05","unit_098","market_098",15,1.06519347413906,1,1,11
"05","unit_098","market_098",16,1.25118746505528,1,1,11
"05","unit_099","market_099",1,-0.84169012225617,0,1,11
"05","unit_099","market_099",2,-0.8075077248455,0,1,11
"05","unit_099","market_099",3,-0.810573073211931,0,1,11
"05","unit_099","market_099",4,-0.704277616420796,0,1,11
"05","unit_099","market_099",5,-0.834130114314361,0,1,11
"05","unit_099","market_099",6,-0.711178293585922,0,1,11
"05","unit_099","market_099",7,-0.739615070513929,0,1,11
"05","unit_099","market_099",8,-0.743797333085237,0,1,11
"05","unit_099","market_099",9,-0.708768225605221,0,1,11
"05","unit_099","market_099",10,-0.536824203790301,0,1,11
"05","unit_099","market_099",11,-0.424644622401594,1,1,11
"05","unit_099","market_099",12,-0.296505876010009,1,1,11
"05","unit_099","market_099",13,-0.120069388927449,1,1,11
"05","unit_099","market_099",14,0.104973117978776,1,1,11
"05","unit_099","market_099",15,0.143519368972267,1,1,11
"05","unit_099","market_099",16,0.225862379698772,1,1,11
"05","unit_100","market_100",1,0.077835317000035,0,1,11
"05","unit_100","market_100",2,0.063976602634343,0,1,11
"05","unit_100","market_100",3,0.190252321503069,0,1,11
"05","unit_100","market_100",4,0.229276890061851,0,1,11
"05","unit_100","market_100",5,0.133026931214556,0,1,11
"05","unit_100","market_100",6,0.226229805560089,0,1,11
"05","unit_100","market_100",7,0.200657308093722,0,1,11
"05","unit_100","market_100",8,0.275010778519957,0,1,11
"05","unit_100","market_100",9,0.181897903779787,0,1,11
"05","unit_100","market_100",10,0.354473976460918,0,1,11
"05","unit_100","market_100",11,0.471901359181612,1,1,11
"05","unit_100","market_100",12,0.686514356019553,1,1,11
"05","unit_100","market_100",13,0.819271637516549,1,1,11
"05","unit_100","market_100",14,1.01633591187625,1,1,11
"05","unit_100","market_100",15,0.971851347789794,1,1,11
"05","unit_100","market_100",16,1.20686744364562,1,1,11
"05","unit_101","market_101",1,-0.377694552041138,0,1,11
"05","unit_101","market_101",2,-0.323068940539811,0,1,11
"05","unit_101","market_101",3,-0.160767412287196,0,1,11
"05","unit_101","market_101",4,-0.12040924592136,0,1,11
"05","unit_101","market_101",5,-0.111388834793136,0,1,11
"05","unit_101","market_101",6,-0.208474439407966,0,1,11
"05","unit_101","market_101",7,-0.273879648904253,0,1,11
"05","unit_101","market_101",8,-0.158278001828958,0,1,11
"05","unit_101","market_101",9,-0.136944063471795,0,1,11
"05","unit_101","market_101",10,0.0208373753702596,0,1,11
"05","unit_101","market_101",11,0.0502969171580394,1,1,11
"05","unit_101","market_101",12,0.182235281788251,1,1,11
"05","unit_101","market_101",13,0.474615475544798,1,1,11
"05","unit_101","market_101",14,0.559023209446899,1,1,11
"05","unit_101","market_101",15,0.764632249934379,1,1,11
"05","unit_101","market_101",16,0.717465174684679,1,1,11
"05","unit_102","market_102",1,-0.292490296395135,0,1,11
"05","unit_102","market_102",2,-0.260242201885566,0,1,11
"05","unit_102","market_102",3,-0.178076727372466,0,1,11
"05","unit_102","market_102",4,-0.1244292232444,0,1,11
"05","unit_102","market_102",5,-0.142914451277565,0,1,11
"05","unit_102","market_102",6,-0.0402990789456056,0,1,11
"05","unit_102","market_102",7,-0.136555014779092,0,1,11
"05","unit_102","market_102",8,-0.185685640512749,0,1,11
"05","unit_102","market_102",9,-0.0938317657003113,0,1,11
"05","unit_102","market_102",10,-0.0148047816254269,0,1,11
"05","unit_102","market_102",11,0.15727414768505,1,1,11
"05","unit_102","market_102",12,0.287857283664403,1,1,11
"05","unit_102","market_102",13,0.422661892232213,1,1,11
"05","unit_102","market_102",14,0.566637230773187,1,1,11
"05","unit_102","market_102",15,0.723766295004767,1,1,11
"05","unit_102","market_102",16,0.899466710625339,1,1,11
"05","unit_103","market_103",1,0.66494311048303,0,1,11
"05","unit_103","market_103",2,0.684417767561684,0,1,11
"05","unit_103","market_103",3,0.831196833033539,0,1,11
"05","unit_103","market_103",4,0.833984048137713,0,1,11
"05","unit_103","market_103",5,0.880222410990546,0,1,11
"05","unit_103","market_103",6,0.816477187733363,0,1,11
"05","unit_103","market_103",7,0.750251068805784,0,1,11
"05","unit_103","market_103",8,0.867397326033864,0,1,11
"05","unit_103","market_103",9,0.969578274184903,0,1,11
"05","unit_103","market_103",10,0.829765937510393,0,1,11
"05","unit_103","market_103",11,1.00915845720041,1,1,11
"05","unit_103","market_103",12,1.22165101520362,1,1,11
"05","unit_103","market_103",13,1.38447891856994,1,1,11
"05","unit_103","market_103",14,1.48845801668268,1,1,11
"05","unit_103","market_103",15,1.74735992297776,1,1,11
"05","unit_103","market_103",16,1.76133179753867,1,1,11
"05","unit_104","market_104",1,-0.37318957288716,0,1,11
"05","unit_104","market_104",2,-0.169180886280181,0,1,11
"05","unit_104","market_104",3,-0.17781583155447,0,1,11
"05","unit_104","market_104",4,-0.0598293172567923,0,1,11
"05","unit_104","market_104",5,-0.110763691271386,0,1,11
"05","unit_104","market_104",6,-0.248507261028451,0,1,11
"05","unit_104","market_104",7,-0.165246696763897,0,1,11
"05","unit_104","market_104",8,-0.15594160266764,0,1,11
"05","unit_104","market_104",9,-0.0441824675912566,0,1,11
"05","unit_104","market_104",10,0.0229308821942026,0,1,11
"05","unit_104","market_104",11,0.201338358042779,1,1,11
"05","unit_104","market_104",12,0.26041434172742,1,1,11
"05","unit_104","market_104",13,0.403525891993346,1,1,11
"05","unit_104","market_104",14,0.574269070107724,1,1,11
"05","unit_104","market_104",15,0.728362384680659,1,1,11
"05","unit_104","market_104",16,0.901398643608426,1,1,11
"05","unit_105","market_105",1,-0.422108393114798,0,1,11
"05","unit_105","market_105",2,-0.299165554545266,0,1,11
"05","unit_105","market_105",3,-0.403822253660174,0,1,11
"05","unit_105","market_105",4,-0.302187133389909,0,1,11
"05","unit_105","market_105",5,-0.252541827697453,0,1,11
"05","unit_105","market_105",6,-0.278459861093352,0,1,11
"05","unit_105","market_105",7,-0.218788498125223,0,1,11
"05","unit_105","market_105",8,-0.258792684959986,0,1,11
"05","unit_105","market_105",9,-0.269566551956466,0,1,11
"05","unit_105","market_105",10,-0.238872905406745,0,1,11
"05","unit_105","market_105",11,-0.0069787827314679,1,1,11
"05","unit_105","market_105",12,0.102432059779085,1,1,11
"05","unit_105","market_105",13,0.379015452553724,1,1,11
"05","unit_105","market_105",14,0.494965675950625,1,1,11
"05","unit_105","market_105",15,0.656192647746284,1,1,11
"05","unit_105","market_105",16,0.70515509072219,1,1,11
"05","unit_106","market_106",1,0.547731981883334,0,1,11
"05","unit_106","market_106",2,0.688937145595884,0,1,11
"05","unit_106","market_106",3,0.81488729783651,0,1,11
"05","unit_106","market_106",4,0.74790708846253,0,1,11
"05","unit_106","market_106",5,0.774870944984622,0,1,11
"05","unit_106","market_106",6,0.831664275521394,0,1,11
"05","unit_106","market_106",7,0.801042132302183,0,1,11
"05","unit_106","market_106",8,0.814713630355029,0,1,11
"05","unit_106","market_106",9,0.76949728259216,0,1,11
"05","unit_106","market_106",10,0.915502025999814,0,1,11
"05","unit_106","market_106",11,1.00581002948684,1,1,11
"05","unit_106","market_106",12,1.21876013800911,1,1,11
"05","unit_106","market_106",13,1.50071469244779,1,1,11
"05","unit_106","market_106",14,1.45777683973526,1,1,11
"05","unit_106","market_106",15,1.6609148495789,1,1,11
"05","unit_106","market_106",16,1.74404439522814,1,1,11
"05","unit_107","market_107",1,0.0197283399646288,0,1,11
"05","unit_107","market_107",2,-0.0101929458922733,0,1,11
"05","unit_107","market_107",3,0.0307845687904239,0,1,11
"05","unit_107","market_107",4,0.0649231054149892,0,1,11
"05","unit_107","market_107",5,0.0969018500820576,0,1,11
"05","unit_107","market_107",6,0.141158441134056,0,1,11
"05","unit_107","market_107",7,0.16077587705884,0,1,11
"05","unit_107","market_107",8,0.138231103135344,0,1,11
"05","unit_107","market_107",9,0.199922225686058,0,1,11
"05","unit_107","market_107",10,0.168724146157233,0,1,11
"05","unit_107","market_107",11,0.38177432887558,1,1,11
"05","unit_107","market_107",12,0.574565725940774,1,1,11
"05","unit_107","market_107",13,0.670067973365022,1,1,11
"05","unit_107","market_107",14,0.864362927422794,1,1,11
"05","unit_107","market_107",15,0.894721080486602,1,1,11
"05","unit_107","market_107",16,1.04981413260218,1,1,11
"05","unit_108","market_108",1,-0.562179845041257,0,1,11
"05","unit_108","market_108",2,-0.492820856075154,0,1,11
"05","unit_108","market_108",3,-0.344162118859227,0,1,11
"05","unit_108","market_108",4,-0.374687468507062,0,1,11
"05","unit_108","market_108",5,-0.385995299483134,0,1,11
"05","unit_108","market_108",6,-0.325360073025764,0,1,11
"05","unit_108","market_108",7,-0.339908925694294,0,1,11
"05","unit_108","market_108",8,-0.395893840887896,0,1,11
"05","unit_108","market_108",9,-0.21129367014262,0,1,11
"05","unit_108","market_108",10,-0.273209118590941,0,1,11
"05","unit_108","market_108",11,-0.116174023876505,1,1,11
"05","unit_108","market_108",12,0.113048015751215,1,1,11
"05","unit_108","market_108",13,0.142817922266424,1,1,11
"05","unit_108","market_108",14,0.321391411162686,1,1,11
"05","unit_108","market_108",15,0.478715849127704,1,1,11
"05","unit_108","market_108",16,0.577747086371634,1,1,11
"05","unit_109","market_109",1,-0.0350451333381177,0,1,11
"05","unit_109","market_109",2,0.0592495416491136,0,1,11
"05","unit_109","market_109",3,0.0252387420336073,0,1,11
"05","unit_109","market_109",4,0.064438516514003,0,1,11
"05","unit_109","market_109",5,0.0606303577641316,0,1,11
"05","unit_109","market_109",6,0.10848021387283,0,1,11
"05","unit_109","market_109",7,0.0330668226588892,0,1,11
"05","unit_109","market_109",8,0.176650759746122,0,1,11
"05","unit_109","market_109",9,0.157043950550096,0,1,11
"05","unit_109","market_109",10,0.298956425605633,0,1,11
"05","unit_109","market_109",11,0.36664217582194,1,1,11
"05","unit_109","market_109",12,0.60410872532525,1,1,11
"05","unit_109","market_109",13,0.732090960726143,1,1,11
"05","unit_109","market_109",14,0.868225205477908,1,1,11
"05","unit_109","market_109",15,0.933899016633819,1,1,11
"05","unit_109","market_109",16,1.09221195852986,1,1,11
"05","unit_110","market_110",1,0.0819342875983207,0,1,11
"05","unit_110","market_110",2,0.0670669872561898,0,1,11
"05","unit_110","market_110",3,0.191043072103937,0,1,11
"05","unit_110","market_110",4,0.271708173870026,0,1,11
"05","unit_110","market_110",5,0.253120042454065,0,1,11
"05","unit_110","market_110",6,0.205311326043205,0,1,11
"05","unit_110","market_110",7,0.232954627965925,0,1,11
"05","unit_110","market_110",8,0.20475435807513,0,1,11
"05","unit_110","market_110",9,0.387490454297276,0,1,11
"05","unit_110","market_110",10,0.391049377986056,0,1,11
"05","unit_110","market_110",11,0.477001336996003,1,1,11
"05","unit_110","market_110",12,0.698836974983045,1,1,11
"05","unit_110","market_110",13,0.917119103672071,1,1,11
"05","unit_110","market_110",14,0.915957347846424,1,1,11
"05","unit_110","market_110",15,1.10855035881406,1,1,11
"05","unit_110","market_110",16,1.22114522934969,1,1,11
"05","unit_111","market_111",1,0.0930127354841211,0,1,11
"05","unit_111","market_111",2,0.19774798605311,0,1,11
"05","unit_111","market_111",3,0.317041864773881,0,1,11
"05","unit_111","market_111",4,0.352969664295831,0,1,11
"05","unit_111","market_111",5,0.337649710650872,0,1,11
"05","unit_111","market_111",6,0.357128423422225,0,1,11
"05","unit_111","market_111",7,0.450694755978928,0,1,11
"05","unit_111","market_111",8,0.332217179505402,0,1,11
"05","unit_111","market_111",9,0.340343706718843,0,1,11
"05","unit_111","market_111",10,0.401704894405403,0,1,11
"05","unit_111","market_111",11,0.663894873205923,1,1,11
"05","unit_111","market_111",12,0.774914449252841,1,1,11
"05","unit_111","market_111",13,0.917192542363899,1,1,11
"05","unit_111","market_111",14,1.08927244580537,1,1,11
"05","unit_111","market_111",15,1.13744920955632,1,1,11
"05","unit_111","market_111",16,1.22575233145737,1,1,11
"05","unit_112","market_112",1,0.157647497454102,0,1,11
"05","unit_112","market_112",2,0.0591757143247514,0,1,11
"05","unit_112","market_112",3,0.176740955002626,0,1,11
"05","unit_112","market_112",4,0.210109952878172,0,1,11
"05","unit_112","market_112",5,0.197097157802234,0,1,11
"05","unit_112","market_112",6,0.234683747857169,0,1,11
"05","unit_112","market_112",7,0.198220747981442,0,1,11
"05","unit_112","market_112",8,0.287172787864419,0,1,11
"05","unit_112","market_112",9,0.282055398573699,0,1,11
"05","unit_112","market_112",10,0.3709325471682,0,1,11
"05","unit_112","market_112",11,0.577897864994283,1,1,11
"05","unit_112","market_112",12,0.735707347157085,1,1,11
"05","unit_112","market_112",13,0.804976008709,1,1,11
"05","unit_112","market_112",14,0.933647040797078,1,1,11
"05","unit_112","market_112",15,1.11300340125106,1,1,11
"05","unit_112","market_112",16,1.2121389399231,1,1,11
"05","unit_113","market_113",1,0.0191155917510601,0,1,11
"05","unit_113","market_113",2,0.119875825014047,0,1,11
"05","unit_113","market_113",3,0.150644664524632,0,1,11
"05","unit_113","market_113",4,0.291244178344226,0,1,11
"05","unit_113","market_113",5,0.165978042790447,0,1,11
"05","unit_113","market_113",6,0.156071805453363,0,1,11
"05","unit_113","market_113",7,0.19896160507274,0,1,11
"05","unit_113","market_113",8,0.248039742123125,0,1,11
"05","unit_113","market_113",9,0.29967010647642,0,1,11
"05","unit_113","market_113",10,0.325701947584319,0,1,11
"05","unit_113","market_113",11,0.537885107506793,1,1,11
"05","unit_113","market_113",12,0.723766252855168,1,1,11
"05","unit_113","market_113",13,0.771226704188803,1,1,11
"05","unit_113","market_113",14,0.977613216875547,1,1,11
"05","unit_113","market_113",15,1.05244125170668,1,1,11
"05","unit_113","market_113",16,1.12559277750054,1,1,11
"05","unit_114","market_114",1,-0.170461662033561,0,1,11
"05","unit_114","market_114",2,-0.153080786431693,0,1,11
"05","unit_114","market_114",3,-0.0347362613301929,0,1,11
"05","unit_114","market_114",4,-0.05349737626124,0,1,11
"05","unit_114","market_114",5,-0.048017380385456,0,1,11
"05","unit_114","market_114",6,-0.0532500497479394,0,1,11
"05","unit_114","market_114",7,-0.0437093163260688,0,1,11
"05","unit_114","market_114",8,-0.0816115024349496,0,1,11
"05","unit_114","market_114",9,0.0516480080918381,0,1,11
"05","unit_114","market_114",10,0.108042314706711,0,1,11
"05","unit_114","market_114",11,0.279566744987366,1,1,11
"05","unit_114","market_114",12,0.432031294949887,1,1,11
"05","unit_114","market_114",13,0.580952642527576,1,1,11
"05","unit_114","market_114",14,0.694359442215801,1,1,11
"05","unit_114","market_114",15,0.823690588058597,1,1,11
"05","unit_114","market_114",16,0.951939649946746,1,1,11
"05","unit_115","market_115",1,-0.184736928442856,0,1,11
"05","unit_115","market_115",2,-0.14065503409995,0,1,11
"05","unit_115","market_115",3,-0.0426384098590534,0,1,11
"05","unit_115","market_115",4,-0.0869456634722904,0,1,11
"05","unit_115","market_115",5,-0.0830762501042134,0,1,11
"05","unit_115","market_115",6,-0.0240637981490112,0,1,11
"05","unit_115","market_115",7,-0.0594420990720325,0,1,11
"05","unit_115","market_115",8,-0.00204878387759826,0,1,11
"05","unit_115","market_115",9,0.00952852900173808,0,1,11
"05","unit_115","market_115",10,0.136468222549844,0,1,11
"05","unit_115","market_115",11,0.153435014680235,1,1,11
"05","unit_115","market_115",12,0.382850968861952,1,1,11
"05","unit_115","market_115",13,0.558706364967541,1,1,11
"05","unit_115","market_115",14,0.609272171366056,1,1,11
"05","unit_115","market_115",15,0.876283425173298,1,1,11
"05","unit_115","market_115",16,0.833810001649159,1,1,11
"05","unit_116","market_116",1,0.101174744956999,0,1,11
"05","unit_116","market_116",2,0.146367086821276,0,1,11
"05","unit_116","market_116",3,0.127099446595342,0,1,11
"05","unit_116","market_116",4,0.190299833704905,0,1,11
"05","unit_116","market_116",5,0.121197910324916,0,1,11
"05","unit_116","market_116",6,0.191960475986233,0,1,11
"05","unit_116","market_116",7,0.246499027382964,0,1,11
"05","unit_116","market_116",8,0.317217890541661,0,1,11
"05","unit_116","market_116",9,0.273352543995479,0,1,11
"05","unit_116","market_116",10,0.247979011968469,0,1,11
"05","unit_116","market_116",11,0.405127081700521,1,1,11
"05","unit_116","market_116",12,0.570593027607519,1,1,11
"05","unit_116","market_116",13,0.754174195654349,1,1,11
"05","unit_116","market_116",14,0.966801669093355,1,1,11
"05","unit_116","market_116",15,0.984797155699758,1,1,11
"05","unit_116","market_116",16,1.22069184173097,1,1,11
"05","unit_117","market_117",1,-0.00504786744395227,0,1,11
"05","unit_117","market_117",2,0.0205305748986015,0,1,11
"05","unit_117","market_117",3,0.0749512673693595,0,1,11
"05","unit_117","market_117",4,0.126144416400984,0,1,11
"05","unit_117","market_117",5,0.0306235723176491,0,1,11
"05","unit_117","market_117",6,0.112176243960241,0,1,11
"05","unit_117","market_117",7,0.180117963219271,0,1,11
"05","unit_117","market_117",8,0.106319827273837,0,1,11
"05","unit_117","market_117",9,0.173039649993814,0,1,11
"05","unit_117","market_117",10,0.28226243108932,0,1,11
"05","unit_117","market_117",11,0.355918010337026,1,1,11
"05","unit_117","market_117",12,0.592832945284778,1,1,11
"05","unit_117","market_117",13,0.689663046663522,1,1,11
"05","unit_117","market_117",14,0.831496357346779,1,1,11
"05","unit_117","market_117",15,0.921965971588364,1,1,11
"05","unit_117","market_117",16,1.1957071580077,1,1,11
"05","unit_118","market_118",1,-0.280734215926713,0,1,11
"05","unit_118","market_118",2,-0.150344988325116,0,1,11
"05","unit_118","market_118",3,-0.204443976733872,0,1,11
"05","unit_118","market_118",4,-0.174757680562947,0,1,11
"05","unit_118","market_118",5,-0.0245918795384955,0,1,11
"05","unit_118","market_118",6,-0.129191189777127,0,1,11
"05","unit_118","market_118",7,-0.145606748892943,0,1,11
"05","unit_118","market_118",8,-0.0777139434261253,0,1,11
"05","unit_118","market_118",9,-0.0587834615392527,0,1,11
"05","unit_118","market_118",10,-0.0315979269080761,0,1,11
"05","unit_118","market_118",11,0.0906348572062426,1,1,11
"05","unit_118","market_118",12,0.384491915541981,1,1,11
"05","unit_118","market_118",13,0.494623075377083,1,1,11
"05","unit_118","market_118",14,0.677565873245361,1,1,11
"05","unit_118","market_118",15,0.799317831060408,1,1,11
"05","unit_118","market_118",16,0.85011250075268,1,1,11
"05","unit_119","market_119",1,0.363374527418173,0,1,11
"05","unit_119","market_119",2,0.376510405083507,0,1,11
"05","unit_119","market_119",3,0.493647182695548,0,1,11
"05","unit_119","market_119",4,0.443916684831672,0,1,11
"05","unit_119","market_119",5,0.542852860863048,0,1,11
"05","unit_119","market_119",6,0.570600348242404,0,1,11
"05","unit_119","market_119",7,0.592119788300314,0,1,11
"05","unit_119","market_119",8,0.517160312912957,0,1,11
"05","unit_119","market_119",9,0.518040472803891,0,1,11
"05","unit_119","market_119",10,0.678512504112757,0,1,11
"05","unit_119","market_119",11,0.813988976898469,1,1,11
"05","unit_119","market_119",12,0.967749343259352,1,1,11
"05","unit_119","market_119",13,1.11872520566653,1,1,11
"05","unit_119","market_119",14,1.20325417778778,1,1,11
"05","unit_119","market_119",15,1.46291621827285,1,1,11
"05","unit_119","market_119",16,1.50126964740066,1,1,11
"05","unit_120","market_120",1,0.248389544093995,0,1,11
"05","unit_120","market_120",2,0.303020392233911,0,1,11
"05","unit_120","market_120",3,0.327703319577441,0,1,11
"05","unit_120","market_120",4,0.363367415219327,0,1,11
"05","unit_120","market_120",5,0.372499335297829,0,1,11
"05","unit_120","market_120",6,0.360749564638551,0,1,11
"05","unit_120","market_120",7,0.44592697868642,0,1,11
"05","unit_120","market_120",8,0.362049876943671,0,1,11
"05","unit_120","market_120",9,0.496458993837182,0,1,11
"05","unit_120","market_120",10,0.490580595108748,0,1,11
"05","unit_120","market_120",11,0.68651415329127,1,1,11
"05","unit_120","market_120",12,0.806001639898587,1,1,11
"05","unit_120","market_120",13,0.92518864707315,1,1,11
"05","unit_120","market_120",14,1.08323697904266,1,1,11
"05","unit_120","market_120",15,1.2335577978959,1,1,11
"05","unit_120","market_120",16,1.3165738989391,1,1,11
"05","unit_121","market_121",1,-0.248440939065141,0,0,
"05","unit_121","market_121",2,-0.207318176481761,0,0,
"05","unit_121","market_121",3,-0.106648382269053,0,0,
"05","unit_121","market_121",4,-0.0811011465851436,0,0,
"05","unit_121","market_121",5,-0.197409058601784,0,0,
"05","unit_121","market_121",6,-0.0088149109707124,0,0,
"05","unit_121","market_121",7,-0.154214536383236,0,0,
"05","unit_121","market_121",8,-0.065495817284766,0,0,
"05","unit_121","market_121",9,-0.0904962952010792,0,0,
"05","unit_121","market_121",10,-0.0362190195157494,0,0,
"05","unit_121","market_121",11,-0.0202650808071341,0,0,
"05","unit_121","market_121",12,0.082305150930084,0,0,
"05","unit_121","market_121",13,0.150323876610418,0,0,
"05","unit_121","market_121",14,0.251793905880858,0,0,
"05","unit_121","market_121",15,0.284685446505417,0,0,
"05","unit_121","market_121",16,0.39149963873659,0,0,
"05","unit_122","market_122",1,-0.0700545571922737,0,0,
"05","unit_122","market_122",2,0.0994200092078831,0,0,
"05","unit_122","market_122",3,0.14675231293742,0,0,
"05","unit_122","market_122",4,0.0133322971455234,0,0,
"05","unit_122","market_122",5,0.0969495132375114,0,0,
"05","unit_122","market_122",6,0.0812551313439064,0,0,
"05","unit_122","market_122",7,0.113594311369771,0,0,
"05","unit_122","market_122",8,0.045063729098801,0,0,
"05","unit_122","market_122",9,0.188075126684837,0,0,
"05","unit_122","market_122",10,0.227029610245315,0,0,
"05","unit_122","market_122",11,0.306470864332706,0,0,
"05","unit_122","market_122",12,0.390252290839349,0,0,
"05","unit_122","market_122",13,0.488066064426493,0,0,
"05","unit_122","market_122",14,0.532992810377798,0,0,
"05","unit_122","market_122",15,0.579880599219323,0,0,
"05","unit_122","market_122",16,0.523110721415208,0,0,
"05","unit_123","market_123",1,0.495251923880579,0,0,
"05","unit_123","market_123",2,0.560897174855184,0,0,
"05","unit_123","market_123",3,0.519057741027418,0,0,
"05","unit_123","market_123",4,0.642698959339962,0,0,
"05","unit_123","market_123",5,0.559550457104828,0,0,
"05","unit_123","market_123",6,0.640187558355133,0,0,
"05","unit_123","market_123",7,0.581953338212129,0,0,
"05","unit_123","market_123",8,0.700954489096455,0,0,
"05","unit_123","market_123",9,0.588925757678049,0,0,
"05","unit_123","market_123",10,0.712263008408602,0,0,
"05","unit_123","market_123",11,0.791732010294013,0,0,
"05","unit_123","market_123",12,0.876325425067378,0,0,
"05","unit_123","market_123",13,0.950595571042873,0,0,
"05","unit_123","market_123",14,0.976321131940505,0,0,
"05","unit_123","market_123",15,1.01665553441578,0,0,
"05","unit_123","market_123",16,0.95404542732041,0,0,
"05","unit_124","market_124",1,0.112624703169014,0,0,
"05","unit_124","market_124",2,0.315759918335636,0,0,
"05","unit_124","market_124",3,0.351771787285679,0,0,
"05","unit_124","market_124",4,0.179152674715598,0,0,
"05","unit_124","market_124",5,0.334893932846918,0,0,
"05","unit_124","market_124",6,0.38140422403119,0,0,
"05","unit_124","market_124",7,0.343289864819169,0,0,
"05","unit_124","market_124",8,0.319655942681889,0,0,
"05","unit_124","market_124",9,0.42229115372476,0,0,
"05","unit_124","market_124",10,0.441030539147494,0,0,
"05","unit_124","market_124",11,0.482540075380273,0,0,
"05","unit_124","market_124",12,0.523059136891455,0,0,
"05","unit_124","market_124",13,0.624279750065259,0,0,
"05","unit_124","market_124",14,0.754763657112915,0,0,
"05","unit_124","market_124",15,0.747148608201933,0,0,
"05","unit_124","market_124",16,0.740693862301916,0,0,
"05","unit_125","market_125",1,0.592063310950513,0,0,
"05","unit_125","market_125",2,0.641888278511765,0,0,
"05","unit_125","market_125",3,0.7081872833524,0,0,
"05","unit_125","market_125",4,0.676912134871468,0,0,
"05","unit_125","market_125",5,0.640205802827318,0,0,
"05","unit_125","market_125",6,0.770440475559166,0,0,
"05","unit_125","market_125",7,0.681809357578507,0,0,
"05","unit_125","market_125",8,0.816323385106668,0,0,
"05","unit_125","market_125",9,0.640006134478433,0,0,
"05","unit_125","market_125",10,0.696364790948345,0,0,
"05","unit_125","market_125",11,0.90008635130942,0,0,
"05","unit_125","market_125",12,0.875650866580427,0,0,
"05","unit_125","market_125",13,0.934510124482681,0,0,
"05","unit_125","market_125",14,1.01729939048032,0,0,
"05","unit_125","market_125",15,1.04549660862534,0,0,
"05","unit_125","market_125",16,0.991687444098895,0,0,
"05","unit_126","market_126",1,0.38669891827937,0,0,
"05","unit_126","market_126",2,0.415183234953095,0,0,
"05","unit_126","market_126",3,0.471531510454336,0,0,
"05","unit_126","market_126",4,0.443658819413105,0,0,
"05","unit_126","market_126",5,0.449114957379108,0,0,
"05","unit_126","market_126",6,0.47822947905514,0,0,
"05","unit_126","market_126",7,0.4387536697588,0,0,
"05","unit_126","market_126",8,0.479834975057051,0,0,
"05","unit_126","market_126",9,0.5549684590198,0,0,
"05","unit_126","market_126",10,0.623917483782374,0,0,
"05","unit_126","market_126",11,0.56826889229273,0,0,
"05","unit_126","market_126",12,0.76310731395392,0,0,
"05","unit_126","market_126",13,0.639229701687183,0,0,
"05","unit_126","market_126",14,0.676162213587892,0,0,
"05","unit_126","market_126",15,0.88778256110432,0,0,
"05","unit_126","market_126",16,0.789193366977265,0,0,
"05","unit_127","market_127",1,-0.25141878219736,0,0,
"05","unit_127","market_127",2,-0.124204845205096,0,0,
"05","unit_127","market_127",3,-0.100253778347796,0,0,
"05","unit_127","market_127",4,-0.0095093319127636,0,0,
"05","unit_127","market_127",5,-0.069125245333849,0,0,
"05","unit_127","market_127",6,-0.0169526032437787,0,0,
"05","unit_127","market_127",7,-0.0611666751409943,0,0,
"05","unit_127","market_127",8,-0.0377717244370267,0,0,
"05","unit_127","market_127",9,-0.00324961189750769,0,0,
"05","unit_127","market_127",10,0.0116614147278262,0,0,
"05","unit_127","market_127",11,0.061841062740635,0,0,
"05","unit_127","market_127",12,0.211150200332728,0,0,
"05","unit_127","market_127",13,0.205932191077485,0,0,
"05","unit_127","market_127",14,0.309411130990683,0,0,
"05","unit_127","market_127",15,0.386051481057331,0,0,
"05","unit_127","market_127",16,0.398545492550263,0,0,
"05","unit_128","market_128",1,0.577963047425447,0,0,
"05","unit_128","market_128",2,0.687369962524042,0,0,
"05","unit_128","market_128",3,0.720775227140781,0,0,
"05","unit_128","market_128",4,0.623741234222746,0,0,
"05","unit_128","market_128",5,0.6799527319337,0,0,
"05","unit_128","market_128",6,0.721369790030362,0,0,
"05","unit_128","market_128",7,0.664838238256534,0,0,
"05","unit_128","market_128",8,0.701802594559613,0,0,
"05","unit_128","market_128",9,0.791177259565346,0,0,
"05","unit_128","market_128",10,0.868155384639265,0,0,
"05","unit_128","market_128",11,0.848790737680439,0,0,
"05","unit_128","market_128",12,0.915371581110867,0,0,
"05","unit_128","market_128",13,1.04621067979898,0,0,
"05","unit_128","market_128",14,1.07832957914014,0,0,
"05","unit_128","market_128",15,0.981802209670488,0,0,
"05","unit_128","market_128",16,1.09609821593077,0,0,
"05","unit_129","market_129",1,-0.989676605682361,0,0,
"05","unit_129","market_129",2,-0.909506135046589,0,0,
"05","unit_129","market_129",3,-0.835417851955598,0,0,
"05","unit_129","market_129",4,-0.842252607617793,0,0,
"05","unit_129","market_129",5,-0.906072785107418,0,0,
"05","unit_129","market_129",6,-0.86121368798845,0,0,
"05","unit_129","market_129",7,-0.787236258816749,0,0,
"05","unit_129","market_129",8,-0.860343628566447,0,0,
"05","unit_129","market_129",9,-0.770595312626167,0,0,
"05","unit_129","market_129",10,-0.651584609556332,0,0,
"05","unit_129","market_129",11,-0.613689271483418,0,0,
"05","unit_129","market_129",12,-0.585562882857688,0,0,
"05","unit_129","market_129",13,-0.614903888314247,0,0,
"05","unit_129","market_129",14,-0.492478121046854,0,0,
"05","unit_129","market_129",15,-0.454628957545935,0,0,
"05","unit_129","market_129",16,-0.45579133871079,0,0,
"05","unit_130","market_130",1,-0.669194527334592,0,0,
"05","unit_130","market_130",2,-0.573327119211505,0,0,
"05","unit_130","market_130",3,-0.504562497559647,0,0,
"05","unit_130","market_130",4,-0.559689808378492,0,0,
"05","unit_130","market_130",5,-0.486819114328103,0,0,
"05","unit_130","market_130",6,-0.466997294746793,0,0,
"05","unit_130","market_130",7,-0.490618737617427,0,0,
"05","unit_130","market_130",8,-0.602993159052362,0,0,
"05","unit_130","market_130",9,-0.41615735138079,0,0,
"05","unit_130","market_130",10,-0.43192169690642,0,0,
"05","unit_130","market_130",11,-0.315881075577755,0,0,
"05","unit_130","market_130",12,-0.303360492502484,0,0,
"05","unit_130","market_130",13,-0.236171087501927,0,0,
"05","unit_130","market_130",14,-0.164541134054174,0,0,
"05","unit_130","market_130",15,-0.0807226008552094,0,0,
"05","unit_130","market_130",16,-0.0924976183590473,0,0,
"05","unit_131","market_131",1,0.228390215610797,0,0,
"05","unit_131","market_131",2,0.139282426454354,0,0,
"05","unit_131","market_131",3,0.337897210238607,0,0,
"05","unit_131","market_131",4,0.26461977017741,0,0,
"05","unit_131","market_131",5,0.268573588863846,0,0,
"05","unit_131","market_131",6,0.252952005851152,0,0,
"05","unit_131","market_131",7,0.261281066537062,0,0,
"05","unit_131","market_131",8,0.304205411848329,0,0,
"05","unit_131","market_131",9,0.380882551925158,0,0,
"05","unit_131","market_131",10,0.416825665087212,0,0,
"05","unit_131","market_131",11,0.493090726973829,0,0,
"05","unit_131","market_131",12,0.636201900986636,0,0,
"05","unit_131","market_131",13,0.654981841634543,0,0,
"05","unit_131","market_131",14,0.758048150828744,0,0,
"05","unit_131","market_131",15,0.679307951228282,0,0,
"05","unit_131","market_131",16,0.715432055825851,0,0,
"05","unit_132","market_132",1,0.687133804243888,0,0,
"05","unit_132","market_132",2,0.690753184750807,0,0,
"05","unit_132","market_132",3,0.805024358986006,0,0,
"05","unit_132","market_132",4,0.771077186847894,0,0,
"05","unit_132","market_132",5,0.830489689817028,0,0,
"05","unit_132","market_132",6,0.884789054766008,0,0,
"05","unit_132","market_132",7,0.793317550846719,0,0,
"05","unit_132","market_132",8,0.924676461191179,0,0,
"05","unit_132","market_132",9,0.861331884622463,0,0,
"05","unit_132","market_132",10,0.853910447429565,0,0,
"05","unit_132","market_132",11,1.06216933832901,0,0,
"05","unit_132","market_132",12,1.21540819959882,0,0,
"05","unit_132","market_132",13,1.06179510451209,0,0,
"05","unit_132","market_132",14,1.31266426933224,0,0,
"05","unit_132","market_132",15,1.24780020431367,0,0,
"05","unit_132","market_132",16,1.23174779288333,0,0,
"05","unit_133","market_133",1,-0.156381612527859,0,0,
"05","unit_133","market_133",2,-0.152507700761503,0,0,
"05","unit_133","market_133",3,-0.219966200427692,0,0,
"05","unit_133","market_133",4,-0.079824620029627,0,0,
"05","unit_133","market_133",5,-0.0595193144623177,0,0,
"05","unit_133","market_133",6,-0.070515693445147,0,0,
"05","unit_133","market_133",7,-0.0707156662013587,0,0,
"05","unit_133","market_133",8,-0.0858048093485842,0,0,
"05","unit_133","market_133",9,-0.0435818845617195,0,0,
"05","unit_133","market_133",10,0.0670449893344488,0,0,
"05","unit_133","market_133",11,0.0999528067791402,0,0,
"05","unit_133","market_133",12,0.130076720160449,0,0,
"05","unit_133","market_133",13,0.285245224288289,0,0,
"05","unit_133","market_133",14,0.301591975416594,0,0,
"05","unit_133","market_133",15,0.25655886897397,0,0,
"05","unit_133","market_133",16,0.277963161598579,0,0,
"05","unit_134","market_134",1,0.45643090382311,0,0,
"05","unit_134","market_134",2,0.572051116064742,0,0,
"05","unit_134","market_134",3,0.607911705199232,0,0,
"05","unit_134","market_134",4,0.571797142576506,0,0,
"05","unit_134","market_134",5,0.664675122270194,0,0,
"05","unit_134","market_134",6,0.595228533738298,0,0,
"05","unit_134","market_134",7,0.636876772369792,0,0,
"05","unit_134","market_134",8,0.63909975787684,0,0,
"05","unit_134","market_134",9,0.694676574284358,0,0,
"05","unit_134","market_134",10,0.734505979854735,0,0,
"05","unit_134","market_134",11,0.778039590992737,0,0,
"05","unit_134","market_134",12,0.754879035424194,0,0,
"05","unit_134","market_134",13,0.892485866147007,0,0,
"05","unit_134","market_134",14,0.870704230130133,0,0,
"05","unit_134","market_134",15,0.998446556910433,0,0,
"05","unit_134","market_134",16,0.965415173968088,0,0,
"05","unit_135","market_135",1,0.950383719642926,0,0,
"05","unit_135","market_135",2,1.00209071729526,0,0,
"05","unit_135","market_135",3,0.975400304288656,0,0,
"05","unit_135","market_135",4,1.09451782382252,0,0,
"05","unit_135","market_135",5,1.06085433481118,0,0,
"05","unit_135","market_135",6,1.06498662934206,0,0,
"05","unit_135","market_135",7,1.11147258309446,0,0,
"05","unit_135","market_135",8,1.09251750138605,0,0,
"05","unit_135","market_135",9,1.13056044666222,0,0,
"05","unit_135","market_135",10,1.18507356088956,0,0,
"05","unit_135","market_135",11,1.21023048105555,0,0,
"05","unit_135","market_135",12,1.29406133309428,0,0,
"05","unit_135","market_135",13,1.30992687003609,0,0,
"05","unit_135","market_135",14,1.44056849664329,0,0,
"05","unit_135","market_135",15,1.45373464831978,0,0,
"05","unit_135","market_135",16,1.56514481662352,0,0,
"05","unit_136","market_136",1,-0.534363390880564,0,0,
"05","unit_136","market_136",2,-0.38072836393558,0,0,
"05","unit_136","market_136",3,-0.312655540308062,0,0,
"05","unit_136","market_136",4,-0.369439712766819,0,0,
"05","unit_136","market_136",5,-0.41165357175426,0,0,
"05","unit_136","market_136",6,-0.408861022264312,0,0,
"05","unit_136","market_136",7,-0.313198674898791,0,0,
"05","unit_136","market_136",8,-0.335627465872498,0,0,
"05","unit_136","market_136",9,-0.303034328520663,0,0,
"05","unit_136","market_136",10,-0.222700082133381,0,0,
"05","unit_136","market_136",11,-0.184929094545759,0,0,
"05","unit_136","market_136",12,-0.146695192252961,0,0,
"05","unit_136","market_136",13,-0.0368238493919543,0,0,
"05","unit_136","market_136",14,0.0720340660270031,0,0,
"05","unit_136","market_136",15,0.0181499960638875,0,0,
"05","unit_136","market_136",16,0.0145924614313574,0,0,
"05","unit_137","market_137",1,-0.198501403799665,0,0,
"05","unit_137","market_137",2,-0.205864105729063,0,0,
"05","unit_137","market_137",3,-0.0267039274986084,0,0,
"05","unit_137","market_137",4,-0.133114896676729,0,0,
"05","unit_137","market_137",5,-0.143790754380533,0,0,
"05","unit_137","market_137",6,0.0432365953667784,0,0,
"05","unit_137","market_137",7,-0.189996129209171,0,0,
"05","unit_137","market_137",8,0.0383545747693228,0,0,
"05","unit_137","market_137",9,-0.0464704353333143,0,0,
"05","unit_137","market_137",10,0.0028475617268184,0,0,
"05","unit_137","market_137",11,0.0986473774735597,0,0,
"05","unit_137","market_137",12,0.174066688425876,0,0,
"05","unit_137","market_137",13,0.211555184137162,0,0,
"05","unit_137","market_137",14,0.166328232754844,0,0,
"05","unit_137","market_137",15,0.303199909446076,0,0,
"05","unit_137","market_137",16,0.303620681785389,0,0,
"05","unit_138","market_138",1,-0.0572373045895165,0,0,
"05","unit_138","market_138",2,-0.14106346163445,0,0,
"05","unit_138","market_138",3,-0.15419746539041,0,0,
"05","unit_138","market_138",4,-0.0690077370284727,0,0,
"05","unit_138","market_138",5,0.0294517714085281,0,0,
"05","unit_138","market_138",6,0.00403390945567077,0,0,
"05","unit_138","market_138",7,0.00209503113615205,0,0,
"05","unit_138","market_138",8,-0.0902537209058815,0,0,
"05","unit_138","market_138",9,0.0616145788688008,0,0,
"05","unit_138","market_138",10,0.104647217165955,0,0,
"05","unit_138","market_138",11,0.121912086343533,0,0,
"05","unit_138","market_138",12,0.140171509994259,0,0,
"05","unit_138","market_138",13,0.261472218073838,0,0,
"05","unit_138","market_138",14,0.34512663430084,0,0,
"05","unit_138","market_138",15,0.414466932292143,0,0,
"05","unit_138","market_138",16,0.318334084674253,0,0,
"05","unit_139","market_139",1,-0.0703178342885134,0,0,
"05","unit_139","market_139",2,0.0707510584535936,0,0,
"05","unit_139","market_139",3,0.0103380616579974,0,0,
"05","unit_139","market_139",4,0.116420302741238,0,0,
"05","unit_139","market_139",5,0.203653651586769,0,0,
"05","unit_139","market_139",6,0.207939057342312,0,0,
"05","unit_139","market_139",7,0.267527850920447,0,0,
"05","unit_139","market_139",8,0.181549315126905,0,0,
"05","unit_139","market_139",9,0.192484110872571,0,0,
"05","unit_139","market_139",10,0.205906941404233,0,0,
"05","unit_139","market_139",11,0.297258260737823,0,0,
"05","unit_139","market_139",12,0.407189835982665,0,0,
"05","unit_139","market_139",13,0.458624575773004,0,0,
"05","unit_139","market_139",14,0.468099582425736,0,0,
"05","unit_139","market_139",15,0.574416959159902,0,0,
"05","unit_139","market_139",16,0.585646400903462,0,0,
"05","unit_140","market_140",1,0.756063607533441,0,0,
"05","unit_140","market_140",2,0.892300104859346,0,0,
"05","unit_140","market_140",3,0.822901149976205,0,0,
"05","unit_140","market_140",4,0.910061774062005,0,0,
"05","unit_140","market_140",5,0.939705207096827,0,0,
"05","unit_140","market_140",6,0.946146390442184,0,0,
"05","unit_140","market_140",7,0.893013754249315,0,0,
"05","unit_140","market_140",8,0.956155917113317,0,0,
"05","unit_140","market_140",9,0.949212050031813,0,0,
"05","unit_140","market_140",10,1.04651738031508,0,0,
"05","unit_140","market_140",11,1.15114043807133,0,0,
"05","unit_140","market_140",12,1.160086605996,0,0,
"05","unit_140","market_140",13,1.24683590583367,0,0,
"05","unit_140","market_140",14,1.32455898397349,0,0,
"05","unit_140","market_140",15,1.18613450995746,0,0,
"05","unit_140","market_140",16,1.26811933247647,0,0,
"05","unit_141","market_141",1,0.361561715560854,0,0,
"05","unit_141","market_141",2,0.376714208643244,0,0,
"05","unit_141","market_141",3,0.399645421140786,0,0,
"05","unit_141","market_141",4,0.472313168967828,0,0,
"05","unit_141","market_141",5,0.44693305924685,0,0,
"05","unit_141","market_141",6,0.474026044893131,0,0,
"05","unit_141","market_141",7,0.523935574153406,0,0,
"05","unit_141","market_141",8,0.437195801088041,0,0,
"05","unit_141","market_141",9,0.515148572870501,0,0,
"05","unit_141","market_141",10,0.601345291288534,0,0,
"05","unit_141","market_141",11,0.727088630192199,0,0,
"05","unit_141","market_141",12,0.680881530654769,0,0,
"05","unit_141","market_141",13,0.730539313056361,0,0,
"05","unit_141","market_141",14,0.863644241437408,0,0,
"05","unit_141","market_141",15,0.882655093062477,0,0,
"05","unit_141","market_141",16,0.860939667364524,0,0,
"05","unit_142","market_142",1,0.213709293310482,0,0,
"05","unit_142","market_142",2,0.264992605877567,0,0,
"05","unit_142","market_142",3,0.346559881770142,0,0,
"05","unit_142","market_142",4,0.391845571126124,0,0,
"05","unit_142","market_142",5,0.374178408433751,0,0,
"05","unit_142","market_142",6,0.300705434498297,0,0,
"05","unit_142","market_142",7,0.290706585318695,0,0,
"05","unit_142","market_142",8,0.443389194341048,0,0,
"05","unit_142","market_142",9,0.453760074421608,0,0,
"05","unit_142","market_142",10,0.415277589423167,0,0,
"05","unit_142","market_142",11,0.531986135794516,0,0,
"05","unit_142","market_142",12,0.558759450543245,0,0,
"05","unit_142","market_142",13,0.659417816518198,0,0,
"05","unit_142","market_142",14,0.733011583368076,0,0,
"05","unit_142","market_142",15,0.741037108893385,0,0,
"05","unit_142","market_142",16,0.69601704891968,0,0,
"05","unit_143","market_143",1,-0.156385116168973,0,0,
"05","unit_143","market_143",2,-0.26860019887548,0,0,
"05","unit_143","market_143",3,-0.153643180534194,0,0,
"05","unit_143","market_143",4,0.0146080394370755,0,0,
"05","unit_143","market_143",5,-0.0111142947979876,0,0,
"05","unit_143","market_143",6,-0.134117833187782,0,0,
"05","unit_143","market_143",7,-0.0640111471148499,0,0,
"05","unit_143","market_143",8,-0.113156397312627,0,0,
"05","unit_143","market_143",9,0.030082096896738,0,0,
"05","unit_143","market_143",10,0.0768448306947475,0,0,
"05","unit_143","market_143",11,0.121170834129801,0,0,
"05","unit_143","market_143",12,0.206586850037225,0,0,
"05","unit_143","market_143",13,0.108156524241728,0,0,
"05","unit_143","market_143",14,0.229644124799869,0,0,
"05","unit_143","market_143",15,0.302257084492425,0,0,
"05","unit_143","market_143",16,0.416343364229683,0,0,
"05","unit_144","market_144",1,-0.144742936014539,0,0,
"05","unit_144","market_144",2,-0.125591855647252,0,0,
"05","unit_144","market_144",3,-0.0305962101707751,0,0,
"05","unit_144","market_144",4,-0.0336450268100156,0,0,
"05","unit_144","market_144",5,-0.12679738289061,0,0,
"05","unit_144","market_144",6,-0.0113754668911688,0,0,
"05","unit_144","market_144",7,-0.021667206811774,0,0,
"05","unit_144","market_144",8,-0.077497928988768,0,0,
"05","unit_144","market_144",9,0.0956152805071694,0,0,
"05","unit_144","market_144",10,-0.0121502763008813,0,0,
"05","unit_144","market_144",11,0.106727727376712,0,0,
"05","unit_144","market_144",12,0.162784031843036,0,0,
"05","unit_144","market_144",13,0.240193856008515,0,0,
"05","unit_144","market_144",14,0.375437159866413,0,0,
"05","unit_144","market_144",15,0.318726890995816,0,0,
"05","unit_144","market_144",16,0.403969879341313,0,0,
"05","unit_145","market_145",1,0.946094101734672,0,0,
"05","unit_145","market_145",2,0.920694275205127,0,0,
"05","unit_145","market_145",3,0.804468658002405,0,0,
"05","unit_145","market_145",4,1.04444417747698,0,0,
"05","unit_145","market_145",5,0.977557804227241,0,0,
"05","unit_145","market_145",6,1.0057349401383,0,0,
"05","unit_145","market_145",7,0.982225663749295,0,0,
"05","unit_145","market_145",8,1.06469163261038,0,0,
"05","unit_145","market_145",9,1.0825933626247,0,0,
"05","unit_145","market_145",10,1.20857579715358,0,0,
"05","unit_145","market_145",11,1.30709793727138,0,0,
"05","unit_145","market_145",12,1.29985342355717,0,0,
"05","unit_145","market_145",13,1.36246798190759,0,0,
"05","unit_145","market_145",14,1.33988426047012,0,0,
"05","unit_145","market_145",15,1.46483027174076,0,0,
"05","unit_145","market_145",16,1.48340448111991,0,0,
"05","unit_146","market_146",1,0.383302689130323,0,0,
"05","unit_146","market_146",2,0.418453526766737,0,0,
"05","unit_146","market_146",3,0.403827770039389,0,0,
"05","unit_146","market_146",4,0.466843846031687,0,0,
"05","unit_146","market_146",5,0.501545389577527,0,0,
"05","unit_146","market_146",6,0.509026846598349,0,0,
"05","unit_146","market_146",7,0.521610530244839,0,0,
"05","unit_146","market_146",8,0.542128015067269,0,0,
"05","unit_146","market_146",9,0.42959976719441,0,0,
"05","unit_146","market_146",10,0.569189750301995,0,0,
"05","unit_146","market_146",11,0.662718249270681,0,0,
"05","unit_146","market_146",12,0.659319681847852,0,0,
"05","unit_146","market_146",13,0.657451590781557,0,0,
"05","unit_146","market_146",14,0.830640583453567,0,0,
"05","unit_146","market_146",15,0.829694265568336,0,0,
"05","unit_146","market_146",16,0.904408571421051,0,0,
"05","unit_147","market_147",1,-0.35621617168055,0,0,
"05","unit_147","market_147",2,-0.248078046488225,0,0,
"05","unit_147","market_147",3,-0.374968112394699,0,0,
"05","unit_147","market_147",4,-0.287764228518714,0,0,
"05","unit_147","market_147",5,-0.288088848368782,0,0,
"05","unit_147","market_147",6,-0.199882927167454,0,0,
"05","unit_147","market_147",7,-0.196250293401767,0,0,
"05","unit_147","market_147",8,-0.209341595404124,0,0,
"05","unit_147","market_147",9,-0.139326629669553,0,0,
"05","unit_147","market_147",10,-0.0415182047071034,0,0,
"05","unit_147","market_147",11,-0.0574330549453711,0,0,
"05","unit_147","market_147",12,0.0578077572960651,0,0,
"05","unit_147","market_147",13,0.0577639652640039,0,0,
"05","unit_147","market_147",14,0.174618913078734,0,0,
"05","unit_147","market_147",15,0.150624791368067,0,0,
"05","unit_147","market_147",16,0.0963089526578736,0,0,
"05","unit_148","market_148",1,-0.812466592778298,0,0,
"05","unit_148","market_148",2,-0.747905313872874,0,0,
"05","unit_148","market_148",3,-0.765144702653819,0,0,
"05","unit_148","market_148",4,-0.645322330106094,0,0,
"05","unit_148","market_148",5,-0.708097517872036,0,0,
"05","unit_148","market_148",6,-0.624643822276615,0,0,
"05","unit_148","market_148",7,-0.663014879767219,0,0,
"05","unit_148","market_148",8,-0.589887220196906,0,0,
"05","unit_148","market_148",9,-0.685945490425326,0,0,
"05","unit_148","market_148",10,-0.601837856266973,0,0,
"05","unit_148","market_148",11,-0.464490434426271,0,0,
"05","unit_148","market_148",12,-0.400222292519405,0,0,
"05","unit_148","market_148",13,-0.435819807717087,0,0,
"05","unit_148","market_148",14,-0.327174177044276,0,0,
"05","unit_148","market_148",15,-0.371191487892304,0,0,
"05","unit_148","market_148",16,-0.229645090969721,0,0,
"05","unit_149","market_149",1,0.458129731040756,0,0,
"05","unit_149","market_149",2,0.460652210938778,0,0,
"05","unit_149","market_149",3,0.517063720481773,0,0,
"05","unit_149","market_149",4,0.461835537943181,0,0,
"05","unit_149","market_149",5,0.471744400619595,0,0,
"05","unit_149","market_149",6,0.461356281343055,0,0,
"05","unit_149","market_149",7,0.484987030294764,0,0,
"05","unit_149","market_149",8,0.641029733937095,0,0,
"05","unit_149","market_149",9,0.516006535947735,0,0,
"05","unit_149","market_149",10,0.631725944042119,0,0,
"05","unit_149","market_149",11,0.680379702754157,0,0,
"05","unit_149","market_149",12,0.786658307974199,0,0,
"05","unit_149","market_149",13,0.798065511660807,0,0,
"05","unit_149","market_149",14,0.945916564546448,0,0,
"05","unit_149","market_149",15,0.957539087863052,0,0,
"05","unit_149","market_149",16,0.874468098149824,0,0,
"05","unit_150","market_150",1,-0.792121335485035,0,0,
"05","unit_150","market_150",2,-0.780054348148002,0,0,
"05","unit_150","market_150",3,-0.827057347737353,0,0,
"05","unit_150","market_150",4,-0.678191548663564,0,0,
"05","unit_150","market_150",5,-0.597893011194402,0,0,
"05","unit_150","market_150",6,-0.628287467337353,0,0,
"05","unit_150","market_150",7,-0.695353257945854,0,0,
"05","unit_150","market_150",8,-0.597316657408217,0,0,
"05","unit_150","market_150",9,-0.605295877060376,0,0,
"05","unit_150","market_150",10,-0.549524179021102,0,0,
"05","unit_150","market_150",11,-0.478398434220262,0,0,
"05","unit_150","market_150",12,-0.463722291006482,0,0,
"05","unit_150","market_150",13,-0.374978226643211,0,0,
"05","unit_150","market_150",14,-0.291432708680523,0,0,
"05","unit_150","market_150",15,-0.316996456970391,0,0,
"05","unit_150","market_150",16,-0.296626010890943,0,0,
"05","unit_151","market_151",1,-0.447715201520622,0,0,
"05","unit_151","market_151",2,-0.373524690635446,0,0,
"05","unit_151","market_151",3,-0.268442974457187,0,0,
"05","unit_151","market_151",4,-0.339937010009989,0,0,
"05","unit_151","market_151",5,-0.266770669978041,0,0,
"05","unit_151","market_151",6,-0.316818331473775,0,0,
"05","unit_151","market_151",7,-0.156253368262838,0,0,
"05","unit_151","market_151",8,-0.234395550112945,0,0,
"05","unit_151","market_151",9,-0.105758640908369,0,0,
"05","unit_151","market_151",10,-0.221147139649915,0,0,
"05","unit_151","market_151",11,-0.164164094277508,0,0,
"05","unit_151","market_151",12,0.00388530793762053,0,0,
"05","unit_151","market_151",13,0.0245018507823876,0,0,
"05","unit_151","market_151",14,0.174269208893514,0,0,
"05","unit_151","market_151",15,0.117927925457054,0,0,
"05","unit_151","market_151",16,0.191787225804143,0,0,
"05","unit_152","market_152",1,0.593082673318746,0,0,
"05","unit_152","market_152",2,0.557258289152286,0,0,
"05","unit_152","market_152",3,0.633574286243848,0,0,
"05","unit_152","market_152",4,0.705916258824545,0,0,
"05","unit_152","market_152",5,0.722771596055925,0,0,
"05","unit_152","market_152",6,0.644968913657423,0,0,
"05","unit_152","market_152",7,0.697156977030001,0,0,
"05","unit_152","market_152",8,0.663492250607205,0,0,
"05","unit_152","market_152",9,0.711284387058408,0,0,
"05","unit_152","market_152",10,0.815922137048643,0,0,
"05","unit_152","market_152",11,0.881289319341187,0,0,
"05","unit_152","market_152",12,0.95924984420064,0,0,
"05","unit_152","market_152",13,0.940861075472607,0,0,
"05","unit_152","market_152",14,1.0675331647794,0,0,
"05","unit_152","market_152",15,1.02108477396347,0,0,
"05","unit_152","market_152",16,1.01542808781488,0,0,
"05","unit_153","market_153",1,-0.443144242271689,0,0,
"05","unit_153","market_153",2,-0.379437116064915,0,0,
"05","unit_153","market_153",3,-0.415249261349391,0,0,
"05","unit_153","market_153",4,-0.311265280563323,0,0,
"05","unit_153","market_153",5,-0.385571540242462,0,0,
"05","unit_153","market_153",6,-0.35231310104681,0,0,
"05","unit_153","market_153",7,-0.436542300528515,0,0,
"05","unit_153","market_153",8,-0.30576717451092,0,0,
"05","unit_153","market_153",9,-0.315248069874236,0,0,
"05","unit_153","market_153",10,-0.22909800372942,0,0,
"05","unit_153","market_153",11,-0.154551353519223,0,0,
"05","unit_153","market_153",12,-0.0719552075015415,0,0,
"05","unit_153","market_153",13,0.0278555760570144,0,0,
"05","unit_153","market_153",14,-0.0650273016974762,0,0,
"05","unit_153","market_153",15,0.00273821420139766,0,0,
"05","unit_153","market_153",16,0.0648251498459979,0,0,
"05","unit_154","market_154",1,-0.189993241991816,0,0,
"05","unit_154","market_154",2,-0.100383133478707,0,0,
"05","unit_154","market_154",3,-0.150251762194847,0,0,
"05","unit_154","market_154",4,-0.159196109710256,0,0,
"05","unit_154","market_154",5,-0.112971404066134,0,0,
"05","unit_154","market_154",6,-0.140309389966255,0,0,
"05","unit_154","market_154",7,-0.0699294105983969,0,0,
"05","unit_154","market_154",8,-0.0390334820469942,0,0,
"05","unit_154","market_154",9,-0.0222210510030927,0,0,
"05","unit_154","market_154",10,0.0176482997424887,0,0,
"05","unit_154","market_154",11,0.114106161413569,0,0,
"05","unit_154","market_154",12,0.227722346877916,0,0,
"05","unit_154","market_154",13,0.0491039128638118,0,0,
"05","unit_154","market_154",14,0.262471328916953,0,0,
"05","unit_154","market_154",15,0.277238272648491,0,0,
"05","unit_154","market_154",16,0.292353870233101,0,0,
"05","unit_155","market_155",1,-0.532477238085676,0,0,
"05","unit_155","market_155",2,-0.630315764950198,0,0,
"05","unit_155","market_155",3,-0.62953027744871,0,0,
"05","unit_155","market_155",4,-0.508550089977062,0,0,
"05","unit_155","market_155",5,-0.504420939693513,0,0,
"05","unit_155","market_155",6,-0.543216910838466,0,0,
"05","unit_155","market_155",7,-0.519405591958358,0,0,
"05","unit_155","market_155",8,-0.515487604480902,0,0,
"05","unit_155","market_155",9,-0.367290316949631,0,0,
"05","unit_155","market_155",10,-0.366232154732016,0,0,
"05","unit_155","market_155",11,-0.38618608124488,0,0,
"05","unit_155","market_155",12,-0.236000407092528,0,0,
"05","unit_155","market_155",13,-0.16449500028871,0,0,
"05","unit_155","market_155",14,-0.16393578587759,0,0,
"05","unit_155","market_155",15,-0.197259796211901,0,0,
"05","unit_155","market_155",16,-0.0822943703990575,0,0,
"05","unit_156","market_156",1,-0.183705856652192,0,0,
"05","unit_156","market_156",2,-0.0202907225953443,0,0,
"05","unit_156","market_156",3,0.088570983637312,0,0,
"05","unit_156","market_156",4,0.00201840036697897,0,0,
"05","unit_156","market_156",5,-0.0426444202321303,0,0,
"05","unit_156","market_156",6,0.00105947989933409,0,0,
"05","unit_156","market_156",7,0.0331119700476732,0,0,
"05","unit_156","market_156",8,-0.0292093872329859,0,0,
"05","unit_156","market_156",9,0.0548131886581088,0,0,
"05","unit_156","market_156",10,0.173009114436938,0,0,
"05","unit_156","market_156",11,0.273303316867105,0,0,
"05","unit_156","market_156",12,0.198175573662318,0,0,
"05","unit_156","market_156",13,0.342055165196917,0,0,
"05","unit_156","market_156",14,0.384171128447971,0,0,
"05","unit_156","market_156",15,0.406929025463864,0,0,
"05","unit_156","market_156",16,0.368941559178427,0,0,
"05","unit_157","market_157",1,0.00660487292932034,0,0,
"05","unit_157","market_157",2,0.107216741739848,0,0,
"05","unit_157","market_157",3,0.126854501633373,0,0,
"05","unit_157","market_157",4,0.190512206129985,0,0,
"05","unit_157","market_157",5,0.12144998401147,0,0,
"05","unit_157","market_157",6,0.16380290453047,0,0,
"05","unit_157","market_157",7,0.163868400692476,0,0,
"05","unit_157","market_157",8,0.157674697523654,0,0,
"05","unit_157","market_157",9,0.217698057561688,0,0,
"05","unit_157","market_157",10,0.299207262775218,0,0,
"05","unit_157","market_157",11,0.316766487736861,0,0,
"05","unit_157","market_157",12,0.396081494422987,0,0,
"05","unit_157","market_157",13,0.430981246216448,0,0,
"05","unit_157","market_157",14,0.548977543104081,0,0,
"05","unit_157","market_157",15,0.508807024014455,0,0,
"05","unit_157","market_157",16,0.479191874249684,0,0,
"05","unit_158","market_158",1,-0.514772240708254,0,0,
"05","unit_158","market_158",2,-0.301779405506864,0,0,
"05","unit_158","market_158",3,-0.392174214855418,0,0,
"05","unit_158","market_158",4,-0.213674783141184,0,0,
"05","unit_158","market_158",5,-0.298400366547182,0,0,
"05","unit_158","market_158",6,-0.380328453763883,0,0,
"05","unit_158","market_158",7,-0.267540447052164,0,0,
"05","unit_158","market_158",8,-0.229102603038922,0,0,
"05","unit_158","market_158",9,-0.288841635217506,0,0,
"05","unit_158","market_158",10,-0.340265012313882,0,0,
"05","unit_158","market_158",11,-0.173928377249018,0,0,
"05","unit_158","market_158",12,-0.12972880913117,0,0,
"05","unit_158","market_158",13,-0.0331219198445206,0,0,
"05","unit_158","market_158",14,-0.0255442262845324,0,0,
"05","unit_158","market_158",15,0.0518404050873836,0,0,
"05","unit_158","market_158",16,0.122231215844127,0,0,
"05","unit_159","market_159",1,0.552145796299548,0,0,
"05","unit_159","market_159",2,0.687383652160826,0,0,
"05","unit_159","market_159",3,0.789815833493138,0,0,
"05","unit_159","market_159",4,0.696904874562635,0,0,
"05","unit_159","market_159",5,0.796719192364359,0,0,
"05","unit_159","market_159",6,0.832819587573902,0,0,
"05","unit_159","market_159",7,0.787348599573493,0,0,
"05","unit_159","market_159",8,0.699830856661367,0,0,
"05","unit_159","market_159",9,0.85963353331769,0,0,
"05","unit_159","market_159",10,0.869894720745926,0,0,
"05","unit_159","market_159",11,0.891679864778938,0,0,
"05","unit_159","market_159",12,1.03657280116244,0,0,
"05","unit_159","market_159",13,1.00707806606894,0,0,
"05","unit_159","market_159",14,1.09870669514295,0,0,
"05","unit_159","market_159",15,1.1521920433594,0,0,
"05","unit_159","market_159",16,1.10256298966897,0,0,
"05","unit_160","market_160",1,-0.187663328319125,0,0,
"05","unit_160","market_160",2,-0.118120845009266,0,0,
"05","unit_160","market_160",3,-0.0925725397140284,0,0,
"05","unit_160","market_160",4,-0.0100031145177255,0,0,
"05","unit_160","market_160",5,-0.0127660772388099,0,0,
"05","unit_160","market_160",6,-0.0072346150702149,0,0,
"05","unit_160","market_160",7,-0.190174703261672,0,0,
"05","unit_160","market_160",8,-0.0512966685363167,0,0,
"05","unit_160","market_160",9,-0.0209415627497184,0,0,
"05","unit_160","market_160",10,0.117299073757744,0,0,
"05","unit_160","market_160",11,0.0785516517054787,0,0,
"05","unit_160","market_160",12,0.219867844955003,0,0,
"05","unit_160","market_160",13,0.176243581993842,0,0,
"05","unit_160","market_160",14,0.274575979521069,0,0,
"05","unit_160","market_160",15,0.274664652508652,0,0,
"05","unit_160","market_160",16,0.242708871768319,0,0,
