"case_id","unit_id","market_id","period","outcome","treated","ever_treated","adoption_period","engagement"
"08","unit_001","market_001",1,1.4771149341115,0,1,7,2.684434680926
"08","unit_001","market_001",2,1.56328618251388,0,1,7,2.9259215616717
"08","unit_001","market_001",3,1.55645235552482,0,1,7,2.89655335814409
"08","unit_001","market_001",4,1.57824707373397,0,1,7,2.79653024096791
"08","unit_001","market_001",5,1.75693784441303,0,1,7,2.83274213149064
"08","unit_001","market_001",6,1.55363701893839,0,1,7,2.94439221780353
"08","unit_001","market_001",7,1.98179952364353,1,1,7,3.84706006154276
"08","unit_001","market_001",8,2.13002041986142,1,1,7,3.72177629801173
"08","unit_001","market_001",9,1.93509521607151,1,1,7,3.79938236093354
"08","unit_001","market_001",10,2.1551691613691,1,1,7,3.88676941491565
"08","unit_001","market_001",11,2.28111846745898,1,1,7,3.86063086920858
"08","unit_001","market_001",12,2.37119993206337,1,1,7,4.11597852194757
"08","unit_002","market_002",1,1.09050493226649,0,0,,2.72238883152579
"08","unit_002","market_002",2,1.39029139159784,0,0,,2.79541935779047
"08","unit_002","market_002",3,1.17263044812197,0,0,,2.71354787753701
"08","unit_002","market_002",4,1.29410746728032,0,0,,2.7544252367899
"08","unit_002","market_002",5,1.23550979189211,0,0,,2.86682008734001
"08","unit_002","market_002",6,1.27349778906472,0,0,,2.9263193007597
"08","unit_002","market_002",7,1.28709064845425,0,0,,2.778200093094
"08","unit_002","market_002",8,1.36376892435226,0,0,,2.8396612635416
"08","unit_002","market_002",9,1.46437046045407,0,0,,2.85724672226443
"08","unit_002","market_002",10,1.38528021030189,0,0,,2.9447097936696
"08","unit_002","market_002",11,1.45495850281446,0,0,,3.20928628157146
"08","unit_002","market_002",12,1.58001461178209,0,0,,3.10446470363769
"08","unit_003","market_003",1,-0.428255259583977,0,0,,3.24729000800628
"08","unit_003","market_003",2,-0.589450847067374,0,0,,3.26195284686924
"08","unit_003","market_003",3,-0.671278543277226,0,0,,3.17966435885131
"08","unit_003","market_003",4,-0.417935906080048,0,0,,3.24275037073797
"08","unit_003","market_003",5,-0.425571800117593,0,0,,3.25950873601223
"08","unit_003","market_003",6,-0.442475251761425,0,0,,3.20047980224637
"08","unit_003","market_003",7,-0.441925962538502,0,0,,3.32141931471747
"08","unit_003","market_003",8,-0.399328618676615,0,0,,3.51658152173617
"08","unit_003","market_003",9,-0.377720728734879,0,0,,3.56537258079052
"08","unit_003","market_003",10,-0.439195628764688,0,0,,3.46282575531678
"08","unit_003","market_003",11,-0.271830251946383,0,0,,3.39465539163848
"08","unit_003","market_003",12,-0.24315963761058,0,0,,3.53995906673601
"08","unit_004","market_004",1,0.371536184087544,0,0,,3.22197608578712
"08","unit_004","market_004",2,0.537268034464009,0,0,,3.13378240267753
"08","unit_004","market_004",3,0.419019962692991,0,0,,3.25445190551781
"08","unit_004","market_004",4,0.593903765175801,0,0,,3.22354338037064
"08","unit_004","market_004",5,0.597971292942471,0,0,,3.37855572077059
"08","unit_004","market_004",6,0.618575728666176,0,0,,3.48261843928554
"08","unit_004","market_004",7,0.450780886733525,0,0,,3.67623870806863
"08","unit_004","market_004",8,0.545609671447272,0,0,,3.3145197801732
"08","unit_004","market_004",9,0.443636876194582,0,0,,3.37324263529544
"08","unit_004","market_004",10,0.609098493238594,0,0,,3.38263876201288
"08","unit_004","market_004",11,0.623460970544922,0,0,,3.52965931463126
"08","unit_004","market_004",12,0.790920454709847,0,0,,3.47763122105379
"08","unit_005","market_005",1,0.895851788929563,0,1,7,2.59767182620028
"08","unit_005","market_005",2,0.891353268212877,0,1,7,2.47252209588361
"08","unit_005","market_005",3,1.21607092056031,0,1,7,2.75760141922807
"08","unit_005","market_005",4,0.774468425177334,0,1,7,2.68281122255423
"08","unit_005","market_005",5,1.04568938779471,0,1,7,2.80425241857894
"08","unit_005","market_005",6,1.09367247052557,0,1,7,2.94693187786149
"08","unit_005","market_005",7,1.3140988037592,1,1,7,3.67710291546597
"08","unit_005","market_005",8,1.65666474656166,1,1,7,3.80264300356163
"08","unit_005","market_005",9,1.43681142427333,1,1,7,3.67779873000526
"08","unit_005","market_005",10,1.4380087630342,1,1,7,3.83516781592629
"08","unit_005","market_005",11,1.56802680611354,1,1,7,3.97300721223135
"08","unit_005","market_005",12,1.79770138208901,1,1,7,3.92015221527862
"08","unit_006","market_006",1,1.45805943843242,0,1,7,2.64614177353249
"08","unit_006","market_006",2,1.54592940521381,0,1,7,2.54557207315227
"08","unit_006","market_006",3,1.44825847239598,0,1,7,2.50026944785156
"08","unit_006","market_006",4,1.65737050655368,0,1,7,2.79543403108359
"08","unit_006","market_006",5,1.68491795583728,0,1,7,2.5901090251909
"08","unit_006","market_006",6,1.44368947619795,0,1,7,2.79865099954051
"08","unit_006","market_006",7,1.9507345009068,1,1,7,3.79056920298916
"08","unit_006","market_006",8,1.82656257292644,1,1,7,3.74871434517402
"08","unit_006","market_006",9,1.90384666505007,1,1,7,3.56183210887374
"08","unit_006","market_006",10,1.95963804010534,1,1,7,3.6612145782094
"08","unit_006","market_006",11,2.09817980525819,1,1,7,3.6725355102221
"08","unit_006","market_006",12,2.20371607206549,1,1,7,3.74421242273459
"08","unit_007","market_007",1,0.650271745683966,0,0,,2.73116514758911
"08","unit_007","market_007",2,0.954580807432273,0,0,,2.89818862405939
"08","unit_007","market_007",3,0.750607471513136,0,0,,2.7715013471676
"08","unit_007","market_007",4,0.849873485534873,0,0,,3.10320480114469
"08","unit_007","market_007",5,1.01655552367458,0,0,,3.0802182479027
"08","unit_007","market_007",6,0.773420170292025,0,0,,3.05359185564407
"08","unit_007","market_007",7,0.943818276132778,0,0,,3.20875202801533
"08","unit_007","market_007",8,1.108896376766,0,0,,3.19559930189223
"08","unit_007","market_007",9,0.653563447261513,0,0,,3.19637847638549
"08","unit_007","market_007",10,1.12973041609666,0,0,,3.1746786846085
"08","unit_007","market_007",11,1.20061909057623,0,0,,3.2236344550079
"08","unit_007","market_007",12,1.59452763116389,0,0,,3.62282771973129
"08","unit_008","market_008",1,0.287820329562385,0,1,7,2.65145816334198
"08","unit_008","market_008",2,0.596788943765734,0,1,7,2.7771936019768
"08","unit_008","market_008",3,0.414512347473202,0,1,7,2.88483802306702
"08","unit_008","market_008",4,0.581780451435922,0,1,7,2.86276065734567
"08","unit_008","market_008",5,0.610296032703244,0,1,7,2.96111056269948
"08","unit_008","market_008",6,0.495663874517273,0,1,7,2.90834395180084
"08","unit_008","market_008",7,0.974117979065607,1,1,7,3.88364772572996
"08","unit_008","market_008",8,1.04708915078103,1,1,7,3.88882309188599
"08","unit_008","market_008",9,0.893057807879529,1,1,7,3.75195712136991
"08","unit_008","market_008",10,1.03272751278115,1,1,7,3.89183943728039
"08","unit_008","market_008",11,1.1074910623701,1,1,7,3.82881856052772
"08","unit_008","market_008",12,1.16834735519468,1,1,7,4.07604814182821
"08","unit_009","market_009",1,0.652690567482882,0,1,7,2.82758740517412
"08","unit_009","market_009",2,0.712730441389449,0,1,7,2.74514134720097
"08","unit_009","market_009",3,0.407095256871008,0,1,7,2.975431227555
"08","unit_009","market_009",4,0.815980892791694,0,1,7,2.88128700796661
"08","unit_009","market_009",5,0.700698019530054,0,1,7,2.76831956268288
"08","unit_009","market_009",6,0.877938375746421,0,1,7,3.1522104073219
"08","unit_009","market_009",7,1.08746739446663,1,1,7,3.73666192973952
"08","unit_009","market_009",8,1.36790261720709,1,1,7,3.8068462074543
"08","unit_009","market_009",9,1.19909707395612,1,1,7,4.03203593329338
"08","unit_009","market_009",10,1.44777497590479,1,1,7,4.02229316536306
"08","unit_009","market_009",11,1.24267403565698,1,1,7,3.92469606369961
"08","unit_009","market_009",12,1.55444713007606,1,1,7,3.98086466075036
"08","unit_010","market_010",1,0.35928678441624,0,1,7,3.3698655545623
"08","unit_010","market_010",2,0.355566253526361,0,1,7,3.27284786353126
"08","unit_010","market_010",3,0.224200010176175,0,1,7,3.19775362414912
"08","unit_010","market_010",4,0.442677926887935,0,1,7,3.27629820809229
"08","unit_010","market_010",5,0.352538748076798,0,1,7,3.26199612168637
"08","unit_010","market_010",6,0.630840511649989,0,1,7,3.29723258794231
"08","unit_010","market_010",7,0.770391984436752,1,1,7,4.2457432436307
"08","unit_010","market_010",8,0.601090205733764,1,1,7,4.25812751295186
"08","unit_010","market_010",9,0.94843874738889,1,1,7,4.31253757048532
"08","unit_010","market_010",10,0.669435803468393,1,1,7,4.22954290734444
"08","unit_010","market_010",11,0.992757142506593,1,1,7,4.47043670485985
"08","unit_010","market_010",12,0.87328010392024,1,1,7,4.41570613583638
"08","unit_011","market_011",1,-0.149822385742128,0,1,7,3.62848037740474
"08","unit_011","market_011",2,-0.0685059651245402,0,1,7,3.58591121330386
"08","unit_011","market_011",3,0.0960773291698945,0,1,7,3.79029302180579
"08","unit_011","market_011",4,0.0283316584679518,0,1,7,3.86620603715987
"08","unit_011","market_011",5,0.0708366233298042,0,1,7,4.08616565745968
"08","unit_011","market_011",6,-0.032418896870551,0,1,7,3.87958620886968
"08","unit_011","market_011",7,0.599524434888289,1,1,7,4.81244330835921
"08","unit_011","market_011",8,0.504510364714971,1,1,7,4.86889373072082
"08","unit_011","market_011",9,0.299435641074659,1,1,7,4.96070583034857
"08","unit_011","market_011",10,0.800990093936879,1,1,7,4.86599005894566
"08","unit_011","market_011",11,0.501942005652208,1,1,7,4.78271862366132
"08","unit_011","market_011",12,0.540712106769273,1,1,7,5.01804427822608
"08","unit_012","market_012",1,0.0595655870612516,0,0,,2.78446248433365
"08","unit_012","market_012",2,0.30104762455291,0,0,,2.90876895250139
"08","unit_012","market_012",3,0.401111735274472,0,0,,2.929511319918
"08","unit_012","market_012",4,0.452633087093955,0,0,,3.06601012604704
"08","unit_012","market_012",5,0.716137435666756,0,0,,3.17612043689564
"08","unit_012","market_012",6,0.0763936571291146,0,0,,3.10672739173579
"08","unit_012","market_012",7,0.531029710236195,0,0,,3.24543811129735
"08","unit_012","market_012",8,0.571212636543239,0,0,,3.16323999388761
"08","unit_012","market_012",9,0.387305944393375,0,0,,3.34086165697683
"08","unit_012","market_012",10,0.722536307140924,0,0,,3.32198693704006
"08","unit_012","market_012",11,0.575447665933614,0,0,,3.12108374994573
"08","unit_012","market_012",12,1.06910108558106,0,0,,3.54190296485427
"08","unit_013","market_013",1,1.50556535391292,0,1,7,2.81838282028296
"08","unit_013","market_013",2,1.53398103894617,0,1,7,2.9192678562829
"08","unit_013","market_013",3,1.46493266300583,0,1,7,2.84502616188831
"08","unit_013","market_013",4,1.55325550570418,0,1,7,2.95419152835326
"08","unit_013","market_013",5,1.49675052555694,0,1,7,2.96815593896385
"08","unit_013","market_013",6,1.37974287209397,0,1,7,2.90627242075561
"08","unit_013","market_013",7,1.92093669463701,1,1,7,3.78046062618083
"08","unit_013","market_013",8,2.006776177958,1,1,7,3.72668393706998
"08","unit_013","market_013",9,1.96420826814615,1,1,7,3.82029106144726
"08","unit_013","market_013",10,2.14781561584346,1,1,7,3.91130763307837
"08","unit_013","market_013",11,2.08969788141269,1,1,7,3.92386976013821
"08","unit_013","market_013",12,2.38387262392584,1,1,7,4.0544913582113
"08","unit_014","market_014",1,1.3671571226499,0,1,7,2.98586291851105
"08","unit_014","market_014",2,1.3079390220682,0,1,7,2.82651887923472
"08","unit_014","market_014",3,1.19375774952071,0,1,7,2.8202775401093
"08","unit_014","market_014",4,1.26981543346647,0,1,7,3.01445112369937
"08","unit_014","market_014",5,1.4683529215192,0,1,7,3.24462858352582
"08","unit_014","market_014",6,1.43959606551208,0,1,7,3.07264022573582
"08","unit_014","market_014",7,1.45937010663315,1,1,7,3.90445377325079
"08","unit_014","market_014",8,1.95493722727885,1,1,7,3.98067166186018
"08","unit_014","market_014",9,1.53623150843583,1,1,7,4.05199627402935
"08","unit_014","market_014",10,1.7528060554357,1,1,7,4.0920517931819
"08","unit_014","market_014",11,1.95818756092172,1,1,7,4.11612378323679
"08","unit_014","market_014",12,2.16349002238499,1,1,7,4.15220197990937
"08","unit_015","market_015",1,0.935324110518041,0,0,,3.03040981185093
"08","unit_015","market_015",2,1.37056449224794,0,0,,3.3954704298961
"08","unit_015","market_015",3,1.4035005397236,0,0,,3.33261593420433
"08","unit_015","market_015",4,1.39052539259179,0,0,,3.36506090074848
"08","unit_015","market_015",5,1.38717218710713,0,0,,3.31390134192165
"08","unit_015","market_015",6,1.27449913698498,0,0,,3.26664524563086
"08","unit_015","market_015",7,1.28940732822612,0,0,,3.27725165279044
"08","unit_015","market_015",8,1.27004924267369,0,0,,3.34406646240662
"08","unit_015","market_015",9,1.64502357619727,0,0,,3.467285905482
"08","unit_015","market_015",10,1.56597890521814,0,0,,3.43431541138068
"08","unit_015","market_015",11,1.61588326715768,0,0,,3.40721443387148
"08","unit_015","market_015",12,1.71697300458717,0,0,,3.51727779157149
"08","unit_016","market_016",1,0.799010151276265,0,1,7,2.68910662610571
"08","unit_016","market_016",2,0.883451409039146,0,1,7,2.55447013521444
"08","unit_016","market_016",3,0.837877924236721,0,1,7,2.92143131419042
"08","unit_016","market_016",4,0.74511829315523,0,1,7,2.81314879405817
"08","unit_016","market_016",5,1.04496998623858,0,1,7,2.73910744884294
"08","unit_016","market_016",6,0.971800180750993,0,1,7,2.92942427322152
"08","unit_016","market_016",7,1.09045470574349,1,1,7,3.61136073079574
"08","unit_016","market_016",8,1.31345984156191,1,1,7,3.57109515333721
"08","unit_016","market_016",9,1.54210355106407,1,1,7,3.7895192345874
"08","unit_016","market_016",10,1.38499011365678,1,1,7,3.80647070460766
"08","unit_016","market_016",11,1.34621984554228,1,1,7,3.75425310300077
"08","unit_016","market_016",12,1.79255982949312,1,1,7,3.9186279459441
"08","unit_017","market_017",1,-0.0935815217373378,0,0,,2.542677802756
"08","unit_017","market_017",2,-0.112265692609145,0,0,,2.86232356168335
"08","unit_017","market_017",3,0.0565175602701922,0,0,,2.62829821113453
"08","unit_017","market_017",4,0.0111093412343461,0,0,,2.65072777096157
"08","unit_017","market_017",5,-0.0576503159075874,0,0,,2.88022494290065
"08","unit_017","market_017",6,0.0261420412354868,0,0,,3.1047272036146
"08","unit_017","market_017",7,0.318323351643476,0,0,,3.09415823738651
"08","unit_017","market_017",8,-0.0970354486585647,0,0,,2.75970388085028
"08","unit_017","market_017",9,0.20724836355929,0,0,,3.19135239882811
"08","unit_017","market_017",10,0.185593973226496,0,0,,3.03091765849233
"08","unit_017","market_017",11,0.381295039464573,0,0,,3.06503655005871
"08","unit_017","market_017",12,0.275979824914051,0,0,,3.10700331615573
"08","unit_018","market_018",1,1.62737755773164,0,1,7,2.94935670654628
"08","unit_018","market_018",2,1.56114668725679,0,1,7,2.94734075606064
"08","unit_018","market_018",3,1.39047418068867,0,1,7,3.09347276963827
"08","unit_018","market_018",4,1.38911566365162,0,1,7,2.86941755041636
"08","unit_018","market_018",5,1.51838961453863,0,1,7,3.104371045918
"08","unit_018","market_018",6,1.59767104676398,0,1,7,3.11169402610008
"08","unit_018","market_018",7,2.03392147917117,1,1,7,3.90482018339192
"08","unit_018","market_018",8,1.90842727186822,1,1,7,3.90945420037132
"08","unit_018","market_018",9,2.02930662848878,1,1,7,4.03853443777812
"08","unit_018","market_018",10,2.03375923611861,1,1,7,3.97944163548101
"08","unit_018","market_018",11,2.32043145815905,1,1,7,4.06764756203983
"08","unit_018","market_018",12,1.9533176847057,1,1,7,4.06503824694789
"08","unit_019","market_019",1,0.410527864659449,0,0,,2.56279394467437
"08","unit_019","market_019",2,0.542617306938705,0,0,,2.747050258752
"08","unit_019","market_019",3,0.748759781942371,0,0,,2.93033030200109
"08","unit_019","market_019",4,0.671328910689101,0,0,,3.0412375758561
"08","unit_019","market_019",5,0.724927558569678,0,0,,2.98570880724214
"08","unit_019","market_019",6,0.650718306730455,0,0,,3.13338703543607
"08","unit_019","market_019",7,0.732834134913047,0,0,,3.11168304873147
"08","unit_019","market_019",8,0.619634468395862,0,0,,3.03267197430828
"08","unit_019","market_019",9,0.648044944956793,0,0,,3.22279603058293
"08","unit_019","market_019",10,0.644569978457209,0,0,,3.14908761395077
"08","unit_019","market_019",11,0.796119519010656,0,0,,3.25161314902278
"08","unit_019","market_019",12,0.887900632561627,0,0,,3.15619772510426
"08","unit_020","market_020",1,-0.067724875322994,0,1,7,2.22136131384296
"08","unit_020","market_020",2,-0.0269291537320704,0,1,7,2.3624284648143
"08","unit_020","market_020",3,0.229971577602293,0,1,7,2.26127773758377
"08","unit_020","market_020",4,-0.0559910670597034,0,1,7,2.28855819930647
"08","unit_020","market_020",5,0.213294961854797,0,1,7,2.42251943673906
"08","unit_020","market_020",6,-0.0129437861997548,0,1,7,2.30470601134187
"08","unit_020","market_020",7,0.711361281211746,1,1,7,3.32943258884157
"08","unit_020","market_020",8,0.37384700418366,1,1,7,3.14254059579931
"08","unit_020","market_020",9,0.630244723415756,1,1,7,3.20890496017587
"08","unit_020","market_020",10,0.374286215004139,1,1,7,3.32904401960827
"08","unit_020","market_020",11,0.695724591888287,1,1,7,3.40912387782513
"08","unit_020","market_020",12,0.723002822846817,1,1,7,3.34162646222434
"08","unit_021","market_021",1,0.458426192786849,0,0,,2.74288496139491
"08","unit_021","market_021",2,0.220091972931659,0,0,,2.23558780574651
"08","unit_021","market_021",3,0.264642372248926,0,0,,2.72659100013222
"08","unit_021","market_021",4,0.428991273572853,0,0,,2.67471977385431
"08","unit_021","market_021",5,0.368283039764775,0,0,,2.71755539142174
"08","unit_021","market_021",6,0.253572656619811,0,0,,2.49893949978749
"08","unit_021","market_021",7,0.453286082828635,0,0,,2.81783442200778
"08","unit_021","market_021",8,0.393143768994726,0,0,,2.58569634622519
"08","unit_021","market_021",9,0.674427409237699,0,0,,3.01139067525295
"08","unit_021","market_021",10,0.484249131043619,0,0,,2.82653020401151
"08","unit_021","market_021",11,0.78229596154433,0,0,,2.78526457334789
"08","unit_021","market_021",12,0.778740497647636,0,0,,3.07239385290048
"08","unit_022","market_022",1,0.625911787075366,0,1,7,3.02812409786474
"08","unit_022","market_022",2,0.812910147617581,0,1,7,3.00063148190633
"08","unit_022","market_022",3,0.758285901071307,0,1,7,3.05921406643503
"08","unit_022","market_022",4,0.684605560085583,0,1,7,3.12857884491478
"08","unit_022","market_022",5,0.940094847842451,0,1,7,3.17344564129788
"08","unit_022","market_022",6,0.759531011715268,0,1,7,3.19399469724225
"08","unit_022","market_022",7,1.21911081513186,1,1,7,4.04351637485924
"08","unit_022","market_022",8,1.37013435585117,1,1,7,3.96341838142653
"08","unit_022","market_022",9,1.17163104485932,1,1,7,3.98810068197927
"08","unit_022","market_022",10,1.16082818745615,1,1,7,3.96493495672638
"08","unit_022","market_022",11,1.46582375123968,1,1,7,4.150797780591
"08","unit_022","market_022",12,1.51773911598083,1,1,7,4.18294887211313
"08","unit_023","market_023",1,1.47530316681981,0,0,,3.44321091717798
"08","unit_023","market_023",2,1.56778741403011,0,0,,3.49402039338593
"08","unit_023","market_023",3,1.48872079584012,0,0,,3.50585188599134
"08","unit_023","market_023",4,1.57939057585697,0,0,,3.79511154973451
"08","unit_023","market_023",5,1.6946072738212,0,0,,3.46297420598714
"08","unit_023","market_023",6,1.77961918617549,0,0,,3.75028062369674
"08","unit_023","market_023",7,1.57222511118462,0,0,,3.69760719474944
"08","unit_023","market_023",8,1.66234982375601,0,0,,3.75614668950824
"08","unit_023","market_023",9,1.84980245432238,0,0,,3.82340930806015
"08","unit_023","market_023",10,1.94317065234555,0,0,,3.78717475045201
"08","unit_023","market_023",11,2.11866187760703,0,0,,3.90623920720001
"08","unit_023","market_023",12,1.78406772099559,0,0,,3.87349030124446
"08","unit_024","market_024",1,1.18895280784717,0,0,,2.80191659912271
"08","unit_024","market_024",2,1.3366522337252,0,0,,3.01643612624704
"08","unit_024","market_024",3,1.30785431460668,0,0,,3.00815563747746
"08","unit_024","market_024",4,1.61057901132454,0,0,,3.17310558703064
"08","unit_024","market_024",5,1.47189914122149,0,0,,3.20142659080831
"08","unit_024","market_024",6,1.40655776221687,0,0,,3.02177688017218
"08","unit_024","market_024",7,1.58428929962383,0,0,,3.39601843027195
"08","unit_024","market_024",8,1.39107033599495,0,0,,3.26895170383477
"08","unit_024","market_024",9,1.34245819807262,0,0,,3.38863263680629
"08","unit_024","market_024",10,1.77925244635352,0,0,,3.25882930440523
"08","unit_024","market_024",11,1.70336769065923,0,0,,3.53512282259747
"08","unit_024","market_024",12,1.82075630055392,0,0,,3.52530955915967
"08","unit_025","market_025",1,0.864347226151266,0,1,7,2.39752373353892
"08","unit_025","market_025",2,0.787680189524941,0,1,7,2.5499602820541
"08","unit_025","market_025",3,0.84459456554645,0,1,7,2.33743631457415
"08","unit_025","market_025",4,0.851495010360414,0,1,7,2.54237233008809
"08","unit_025","market_025",5,0.927585582227843,0,1,7,2.69798295831345
"08","unit_025","market_025",6,0.728457676677479,0,1,7,2.47903970539321
"08","unit_025","market_025",7,1.15904663998957,1,1,7,3.35077282841672
"08","unit_025","market_025",8,1.34687988694937,1,1,7,3.63266660136585
"08","unit_025","market_025",9,1.40186360194163,1,1,7,3.46197531376236
"08","unit_025","market_025",10,1.568898372736,1,1,7,3.78871545654044
"08","unit_025","market_025",11,1.4326866971346,1,1,7,3.58470633048204
"08","unit_025","market_025",12,1.58609839364667,1,1,7,3.93224853909135
"08","unit_026","market_026",1,-0.506106045359801,0,1,7,3.38021566896558
"08","unit_026","market_026",2,-0.0141002119266266,0,1,7,3.59539039356535
"08","unit_026","market_026",3,-0.0878163383366718,0,1,7,3.65123304713169
"08","unit_026","market_026",4,-0.106640987659046,0,1,7,3.44418856819072
"08","unit_026","market_026",5,-0.0791519318676847,0,1,7,3.73635345710993
"08","unit_026","market_026",6,-0.0142122250962196,0,1,7,3.81823267736647
"08","unit_026","market_026",7,0.331903336883892,1,1,7,4.52082150964848
"08","unit_026","market_026",8,0.303862109496086,1,1,7,4.6250977279883
"08","unit_026","market_026",9,0.321660619496855,1,1,7,4.68998395984631
"08","unit_026","market_026",10,0.262085842145904,1,1,7,4.73547427536998
"08","unit_026","market_026",11,0.407634417605559,1,1,7,4.54829851343945
"08","unit_026","market_026",12,0.42548924847721,1,1,7,4.7728194997423
"08","unit_027","market_027",1,0.682768520856366,0,0,,3.22088796713032
"08","unit_027","market_027",2,1.0335268190962,0,0,,3.3462181298605
"08","unit_027","market_027",3,0.957028562563648,0,0,,3.28505712127629
"08","unit_027","market_027",4,1.00954783776061,0,0,,3.59806976703994
"08","unit_027","market_027",5,0.871911877406222,0,0,,3.57922689521708
"08","unit_027","market_027",6,0.65978358949588,0,0,,3.47561561511719
"08","unit_027","market_027",7,1.00793130019589,0,0,,3.36935436177005
"08","unit_027","market_027",8,0.892803902544899,0,0,,3.62937440802833
"08","unit_027","market_027",9,0.948023509091786,0,0,,3.67107126094236
"08","unit_027","market_027",10,0.919366692044328,0,0,,3.47988215015764
"08","unit_027","market_027",11,1.37926520299916,0,0,,3.60171852154469
"08","unit_027","market_027",12,1.34820600023213,0,0,,3.75251689341512
"08","unit_028","market_028",1,0.495856252765334,0,0,,2.77713396600766
"08","unit_028","market_028",2,0.26050905274746,0,0,,2.81370867216833
"08","unit_028","market_028",3,0.394227704757568,0,0,,2.80801141697408
"08","unit_028","market_028",4,0.509208273745476,0,0,,2.75110087677675
"08","unit_028","market_028",5,0.552151920570441,0,0,,2.9059183874592
"08","unit_028","market_028",6,0.402845404088955,0,0,,2.73768505401695
"08","unit_028","market_028",7,0.176582878110861,0,0,,2.91679419268165
"08","unit_028","market_028",8,0.450741626842328,0,0,,2.9435181767732
"08","unit_028","market_028",9,0.585053191076829,0,0,,3.0014303588443
"08","unit_028","market_028",10,0.54470607699206,0,0,,2.92814672342776
"08","unit_028","market_028",11,0.638686035896486,0,0,,2.91353923945233
"08","unit_028","market_028",12,1.0543901877866,0,0,,3.09791376555815
"08","unit_029","market_029",1,0.846650895012385,0,0,,3.53199494467754
"08","unit_029","market_029",2,1.18157049074652,0,0,,3.77995861580746
"08","unit_029","market_029",3,1.40101878505842,0,0,,3.66597308957771
"08","unit_029","market_029",4,1.42092835574993,0,0,,3.57680488782694
"08","unit_029","market_029",5,0.970829509225204,0,0,,3.63677565764639
"08","unit_029","market_029",6,1.22650086959135,0,0,,3.8448585840814
"08","unit_029","market_029",7,1.3409812156252,0,0,,3.94909208570896
"08","unit_029","market_029",8,1.22631748667339,0,0,,3.82178058060608
"08","unit_029","market_029",9,1.40283680053199,0,0,,3.97574620849429
"08","unit_029","market_029",10,1.54179556128146,0,0,,3.89559937943182
"08","unit_029","market_029",11,1.49035237200328,0,0,,3.96677895559168
"08","unit_029","market_029",12,1.65381190808999,0,0,,3.93904563380837
"08","unit_030","market_030",1,0.257365262682266,0,0,,3.29293815929401
"08","unit_030","market_030",2,0.290144545106052,0,0,,3.32331414895968
"08","unit_030","market_030",3,0.453447529048757,0,0,,3.38465263174927
"08","unit_030","market_030",4,0.60934595991028,0,0,,3.47750294669523
"08","unit_030","market_030",5,0.546051525456454,0,0,,3.49481178590736
"08","unit_030","market_030",6,0.550562028442103,0,0,,3.5407817728835
"08","unit_030","market_030",7,0.467097190131697,0,0,,3.54587362756092
"08","unit_030","market_030",8,0.530785483953671,0,0,,3.53164130167606
"08","unit_030","market_030",9,0.522865884713084,0,0,,3.7008201944472
"08","unit_030","market_030",10,0.702765111660335,0,0,,3.76045444294757
"08","unit_030","market_030",11,0.590673602853337,0,0,,3.67065551419073
"08","unit_030","market_030",12,0.879711053104862,0,0,,3.75898786792302
"08","unit_031","market_031",1,-0.466065768303491,0,1,7,2.03512711951566
"08","unit_031","market_031",2,-0.251283807778689,0,1,7,2.18467346665164
"08","unit_031","market_031",3,-0.152051376413187,0,1,7,1.9635183093274
"08","unit_031","market_031",4,-0.248461274636599,0,1,7,2.24215545296408
"08","unit_031","market_031",5,-0.251238244417916,0,1,7,2.255402034098
"08","unit_031","market_031",6,-0.301979949813016,0,1,7,2.27549892805644
"08","unit_031","market_031",7,0.137149788675236,1,1,7,3.20974544119991
"08","unit_031","market_031",8,0.165311647145204,1,1,7,3.22696276196028
"08","unit_031","market_031",9,0.0819866456419783,1,1,7,3.20984006455447
"08","unit_031","market_031",10,0.162787069492544,1,1,7,3.27014309290871
"08","unit_031","market_031",11,0.150328578927551,1,1,7,3.27765997012193
"08","unit_031","market_031",12,0.309780439705031,1,1,7,3.19061950802509
"08","unit_032","market_032",1,1.2497506898715,0,1,7,3.21999489343971
"08","unit_032","market_032",2,1.08338187674986,0,1,7,3.1351931015347
"08","unit_032","market_032",3,0.981040942526543,0,1,7,3.1419018894553
"08","unit_032","market_032",4,1.29356143138565,0,1,7,3.22158610364079
"08","unit_032","market_032",5,1.33376054478023,0,1,7,3.35592359447817
"08","unit_032","market_032",6,1.15283457794375,0,1,7,3.44093649217022
"08","unit_032","market_032",7,1.7041052451533,1,1,7,4.201746148913
"08","unit_032","market_032",8,1.59244093480873,1,1,7,4.16632265884338
"08","unit_032","market_032",9,1.67580546255573,1,1,7,4.25689616687087
"08","unit_032","market_032",10,1.57836536576198,1,1,7,4.30678551177088
"08","unit_032","market_032",11,1.83094504366169,1,1,7,4.29851774665092
"08","unit_032","market_032",12,2.23487442193028,1,1,7,4.44193307453675
"08","unit_033","market_033",1,-0.0857910074775814,0,1,7,3.16856844229236
"08","unit_033","market_033",2,0.215432982475297,0,1,7,3.34623185801124
"08","unit_033","market_033",3,0.385803704669601,0,1,7,3.5065937071361
"08","unit_033","market_033",4,0.527001924766974,0,1,7,3.37810549146246
"08","unit_033","market_033",5,0.20803019935958,0,1,7,3.32329466798991
"08","unit_033","market_033",6,0.239182411191117,0,1,7,3.32467960920516
"08","unit_033","market_033",7,0.803437918904044,1,1,7,4.32173026716005
"08","unit_033","market_033",8,0.623186908153589,1,1,7,4.40202090777901
"08","unit_033","market_033",9,0.513232571554614,1,1,7,4.19317246994039
"08","unit_033","market_033",10,0.765966591066668,1,1,7,4.38497379054289
"08","unit_033","market_033",11,0.786670340029222,1,1,7,4.5081656949087
"08","unit_033","market_033",12,0.655010771170756,1,1,7,4.65662947138591
"08","unit_034","market_034",1,0.830470942898436,0,1,7,3.19125741866966
"08","unit_034","market_034",2,0.817050896594545,0,1,7,3.15572224520657
"08","unit_034","market_034",3,1.0270788497116,0,1,7,3.06359378765212
"08","unit_034","market_034",4,0.805364090452333,0,1,7,3.23245979429261
"08","unit_034","market_034",5,0.923852875626474,0,1,7,3.40733684705642
"08","unit_034","market_034",6,0.676979448475726,0,1,7,3.28237938146841
"08","unit_034","market_034",7,1.3767790133295,1,1,7,4.07873130405926
"08","unit_034","market_034",8,1.29056717012238,1,1,7,4.24839385080764
"08","unit_034","market_034",9,1.53231065935835,1,1,7,4.14026912369159
"08","unit_034","market_034",10,1.49135841210405,1,1,7,4.33221870306567
"08","unit_034","market_034",11,1.43387559967299,1,1,7,4.22424945307566
"08","unit_034","market_034",12,1.31994527738752,1,1,7,4.44165537213676
"08","unit_035","market_035",1,1.19748410796141,0,1,7,3.36330036217702
"08","unit_035","market_035",2,1.21600310828558,0,1,7,3.3671244144822
"08","unit_035","market_035",3,1.26571796927946,0,1,7,3.26225203516787
"08","unit_035","market_035",4,1.49605102616899,0,1,7,3.41201984131516
"08","unit_035","market_035",5,1.43528097135344,0,1,7,3.50444993460242
"08","unit_035","market_035",6,1.49605993725641,0,1,7,3.80149374585478
"08","unit_035","market_035",7,1.63460090560428,1,1,7,4.39737465344862
"08","unit_035","market_035",8,2.13106767215756,1,1,7,4.41662750195595
"08","unit_035","market_035",9,1.85145421483011,1,1,7,4.37950908488911
"08","unit_035","market_035",10,1.81438855638339,1,1,7,4.40883119075025
"08","unit_035","market_035",11,1.94381710653709,1,1,7,4.52557416590476
"08","unit_035","market_035",12,2.0923129076525,1,1,7,4.76842589065163
"08","unit_036","market_036",1,1.20917596052438,0,0,,3.27990128167153
"08","unit_036","market_036",2,1.22706322483878,0,0,,3.20964165919629
"08","unit_036","market_036",3,1.39227276522525,0,0,,3.26893351484733
"08","unit_036","market_036",4,1.35772927948189,0,0,,3.54180244662178
"08","unit_036","market_036",5,1.20268521271951,0,0,,3.29302044906068
"08","unit_036","market_036",6,1.50522494724467,0,0,,3.38276571221109
"08","unit_036","market_036",7,1.52558766833827,0,0,,3.61648925525692
"08","unit_036","market_036",8,1.41288676351208,0,0,,3.45647180870161
"08","unit_036","market_036",9,1.37862602868682,0,0,,3.44064870642467
"08","unit_036","market_036",10,1.37472703249992,0,0,,3.6009668529568
"08","unit_036","market_036",11,1.61173164813365,0,0,,3.6291863819628
"08","unit_036","market_036",12,1.55374587331372,0,0,,3.5680304133875
"08","unit_037","market_037",1,1.08162365073168,0,1,7,3.05364035494623
"08","unit_037","market_037",2,1.06602387615542,0,1,7,3.31155025113198
"08","unit_037","market_037",3,1.25708808742912,0,1,7,3.31519119576387
"08","unit_037","market_037",4,1.07023531264916,0,1,7,3.30721838155912
"08","unit_037","market_037",5,1.50649622050667,0,1,7,3.23068534763768
"08","unit_037","market_037",6,1.21058619718038,0,1,7,3.24917791763429
"08","unit_037","market_037",7,1.62277558465197,1,1,7,4.20969057008435
"08","unit_037","market_037",8,1.67201835642606,1,1,7,4.11743740137467
"08","unit_037","market_037",9,1.65185609285619,1,1,7,4.32118974027862
"08","unit_037","market_037",10,1.57291090023672,1,1,7,4.19472104926079
"08","unit_037","market_037",11,1.81916031988068,1,1,7,4.484357053583
"08","unit_037","market_037",12,2.02632612152282,1,1,7,4.29458626520208
"08","unit_038","market_038",1,-0.143426639744342,0,0,,3.14325440374164
"08","unit_038","market_038",2,0.0201936979855976,0,0,,3.34377332348192
"08","unit_038","market_038",3,0.0678755506529435,0,0,,3.46746847697099
"08","unit_038","market_038",4,-0.0104593029794068,0,0,,3.49145258601661
"08","unit_038","market_038",5,-0.0525247614502282,0,0,,3.46212352046345
"08","unit_038","market_038",6,0.0156738049053752,0,0,,3.55576376289929
"08","unit_038","market_038",7,0.130328509270149,0,0,,3.58863853750675
"08","unit_038","market_038",8,0.142327539968599,0,0,,3.44093273480243
"08","unit_038","market_038",9,0.100764599182239,0,0,,3.59198302872652
"08","unit_038","market_038",10,0.199882648255453,0,0,,3.59004346509997
"08","unit_038","market_038",11,0.160501297530415,0,0,,3.65046074047209
"08","unit_038","market_038",12,0.149259897937906,0,0,,3.68484023935025
"08","unit_039","market_039",1,0.200071182475379,0,0,,3.46190905573416
"08","unit_039","market_039",2,0.411539319485129,0,0,,3.57652088431789
"08","unit_039","market_039",3,0.500747242597405,0,0,,3.67334904805873
"08","unit_039","market_039",4,0.232220324159833,0,0,,3.93151271831098
"08","unit_039","market_039",5,0.443412413497996,0,0,,3.92739130728835
"08","unit_039","market_039",6,0.490656674230068,0,0,,3.87684041220138
"08","unit_039","market_039",7,0.583420462737183,0,0,,3.90609007914368
"08","unit_039","market_039",8,0.444915383519516,0,0,,3.93310430960738
"08","unit_039","market_039",9,0.48253786829446,0,0,,3.7861423772925
"08","unit_039","market_039",10,0.667014141944156,0,0,,3.79534264317349
"08","unit_039","market_039",11,0.89506027758186,0,0,,3.99102812134414
"08","unit_039","market_039",12,0.56184692773737,0,0,,4.08858356155399
"08","unit_040","market_040",1,0.929444312715854,0,1,7,2.96173772868199
"08","unit_040","market_040",2,1.20009379115897,0,1,7,3.22111292457492
"08","unit_040","market_040",3,1.07144435342923,0,1,7,3.21250509225715
"08","unit_040","market_040",4,1.29116678140822,0,1,7,3.27686969273176
"08","unit_040","market_040",5,1.25093074162248,0,1,7,3.36427632145987
"08","unit_040","market_040",6,1.33589352864118,0,1,7,3.43240894549266
"08","unit_040","market_040",7,1.47835137686806,1,1,7,4.11497215271809
"08","unit_040","market_040",8,1.4868669369742,1,1,7,4.1596199897578
"08","unit_040","market_040",9,1.61006253287602,1,1,7,4.29865827223329
"08","unit_040","market_040",10,1.64145119007631,1,1,7,4.35877797447022
"08","unit_040","market_040",11,1.88012592908586,1,1,7,4.27829545849976
"08","unit_040","market_040",12,1.86202277086824,1,1,7,4.33756045269962
"08","unit_041","market_041",1,0.87689644116481,0,0,,4.11195336622388
"08","unit_041","market_041",2,0.705283709732152,0,0,,3.99012779935527
"08","unit_041","market_041",3,1.01721439782923,0,0,,4.02103094074422
"08","unit_041","market_041",4,0.95423380330331,0,0,,4.07552521137761
"08","unit_041","market_041",5,0.861575417931397,0,0,,4.34902332541535
"08","unit_041","market_041",6,0.926972389029887,0,0,,4.0765656371729
"08","unit_041","market_041",7,1.05183933091603,0,0,,4.26038718455362
"08","unit_041","market_041",8,1.02446500001806,0,0,,4.20092333193585
"08","unit_041","market_041",9,0.925037835848235,0,0,,4.24627928286846
"08","unit_041","market_041",10,0.961441913726046,0,0,,4.32770485143026
"08","unit_041","market_041",11,1.22317295140984,0,0,,4.30009460937021
"08","unit_041","market_041",12,1.02953241617144,0,0,,4.45184169252546
"08","unit_042","market_042",1,1.01267282210622,0,0,,2.81583974572833
"08","unit_042","market_042",2,0.745029103523282,0,0,,2.90117493191252
"08","unit_042","market_042",3,1.19627917923599,0,0,,3.03210439688811
"08","unit_042","market_042",4,0.904190405252269,0,0,,3.1898971256623
"08","unit_042","market_042",5,1.02728734434244,0,0,,3.13135205346008
"08","unit_042","market_042",6,1.23321469206039,0,0,,3.14580123292072
"08","unit_042","market_042",7,0.76354130673767,0,0,,3.19680495122611
"08","unit_042","market_042",8,1.03188915695541,0,0,,3.12819846992773
"08","unit_042","market_042",9,1.30159918027182,0,0,,3.14521909480064
"08","unit_042","market_042",10,1.25054128643837,0,0,,3.20084061538844
"08","unit_042","market_042",11,1.33858160975357,0,0,,3.23464629015388
"08","unit_042","market_042",12,1.34154626548695,0,0,,3.23903748132706
"08","unit_043","market_043",1,0.337071984112942,0,1,7,3.14716754697319
"08","unit_043","market_043",2,0.260955157739926,0,1,7,3.29463358478087
"08","unit_043","market_043",3,0.627054370392719,0,1,7,3.45551663530241
"08","unit_043","market_043",4,0.749989481626717,0,1,7,3.5150276029178
"08","unit_043","market_043",5,0.4294854051764,0,1,7,3.54281764975938
"08","unit_043","market_043",6,0.570489845844702,0,1,7,3.451356431284
"08","unit_043","market_043",7,0.89775274612214,1,1,7,4.48758743715109
"08","unit_043","market_043",8,1.17041723071655,1,1,7,4.449901021423
"08","unit_043","market_043",9,1.10213916215238,1,1,7,4.34252911994441
"08","unit_043","market_043",10,1.20445157657676,1,1,7,4.5294272395245
"08","unit_043","market_043",11,0.928558200887351,1,1,7,4.45819354800614
"08","unit_043","market_043",12,1.00489956347268,1,1,7,4.37921186611851
"08","unit_044","market_044",1,0.239350061683325,0,0,,2.99696649296411
"08","unit_044","market_044",2,0.396043598246267,0,0,,3.39921961637187
"08","unit_044","market_044",3,0.201705562351779,0,0,,3.39101683686634
"08","unit_044","market_044",4,0.525014957579815,0,0,,3.55730574022502
"08","unit_044","market_044",5,0.136665451439897,0,0,,3.3592494349312
"08","unit_044","market_044",6,0.463256455234687,0,0,,3.46661025207044
"08","unit_044","market_044",7,0.436778929945069,0,0,,3.67587453783881
"08","unit_044","market_044",8,0.512300461426974,0,0,,3.48041289517813
"08","unit_044","market_044",9,0.443461534110102,0,0,,3.58803341367007
"08","unit_044","market_044",10,0.318516050537818,0,0,,3.66087946223989
"08","unit_044","market_044",11,0.669137014828503,0,0,,3.73423416394523
"08","unit_044","market_044",12,0.79053366168962,0,0,,3.68276137023436
"08","unit_045","market_045",1,0.159119339809647,0,0,,2.71474751149932
"08","unit_045","market_045",2,0.211009864595389,0,0,,2.82148086228376
"08","unit_045","market_045",3,0.439239670117319,0,0,,2.85918986572956
"08","unit_045","market_045",4,0.349792007941676,0,0,,2.86473590790238
"08","unit_045","market_045",5,0.235833282604402,0,0,,2.85168054876515
"08","unit_045","market_045",6,0.541604825090504,0,0,,3.05665789221897
"08","unit_045","market_045",7,0.252492050492382,0,0,,3.10326056969611
"08","unit_045","market_045",8,0.364517619646304,0,0,,3.03090633217445
"08","unit_045","market_045",9,0.393036272411596,0,0,,3.32694796881287
"08","unit_045","market_045",10,0.631195214735572,0,0,,3.1711169666312
"08","unit_045","market_045",11,0.577438766412727,0,0,,3.18614563977577
"08","unit_045","market_045",12,0.842375231047533,0,0,,3.32482147379055
"08","unit_046","market_046",1,1.65620173197138,0,1,7,3.43739874164471
"08","unit_046","market_046",2,1.62691777881776,0,1,7,3.55595849868018
"08","unit_046","market_046",3,1.55245091427609,0,1,7,3.51776059242189
"08","unit_046","market_046",4,1.96907869555415,0,1,7,3.65762426537527
"08","unit_046","market_046",5,1.58337186790384,0,1,7,3.58937795948054
"08","unit_046","market_046",6,1.60883368532758,0,1,7,3.57646425650058
"08","unit_046","market_046",7,1.85538893160871,1,1,7,4.22464782759257
"08","unit_046","market_046",8,2.17049323712645,1,1,7,4.61459393101242
"08","unit_046","market_046",9,2.04410885392531,1,1,7,4.66186336472178
"08","unit_046","market_046",10,2.04694408580987,1,1,7,4.43343804923099
"08","unit_046","market_046",11,2.37787108563297,1,1,7,4.77257291698304
"08","unit_046","market_046",12,2.24345997105598,1,1,7,4.64845979382497
"08","unit_047","market_047",1,-0.195391984367015,0,0,,2.74138617821916
"08","unit_047","market_047",2,-0.0365427609008403,0,0,,2.54009079743233
"08","unit_047","market_047",3,0.0137053959139775,0,0,,2.60523692989526
"08","unit_047","market_047",4,0.291651368651348,0,0,,2.70316909045879
"08","unit_047","market_047",5,0.250137451282905,0,0,,2.70336262856687
"08","unit_047","market_047",6,0.110465709487001,0,0,,2.92873293967899
"08","unit_047","market_047",7,0.304279728801378,0,0,,2.84960691495728
"08","unit_047","market_047",8,0.0734202100747148,0,0,,2.62374886091134
"08","unit_047","market_047",9,0.0953097896055721,0,0,,2.82564524796092
"08","unit_047","market_047",10,0.378206502459541,0,0,,2.93815401654505
"08","unit_047","market_047",11,0.165293666377215,0,0,,2.82650533608031
"08","unit_047","market_047",12,0.517513661501694,0,0,,3.11355736098257
"08","unit_048","market_048",1,1.67232968890805,0,1,7,3.04488688562942
"08","unit_048","market_048",2,1.8394911699718,0,1,7,3.08840872392203
"08","unit_048","market_048",3,1.82060240318397,0,1,7,2.89434809958714
"08","unit_048","market_048",4,1.80202849490397,0,1,7,3.09380783952075
"08","unit_048","market_048",5,1.97407307705709,0,1,7,3.36100265811239
"08","unit_048","market_048",6,1.92853966153669,0,1,7,3.14915251389889
"08","unit_048","market_048",7,2.22666261664092,1,1,7,4.10588910567584
"08","unit_048","market_048",8,2.08702871979945,1,1,7,4.16131247297464
"08","unit_048","market_048",9,2.33255601534675,1,1,7,4.12215122432881
"08","unit_048","market_048",10,2.30339172716327,1,1,7,4.26060183221566
"08","unit_048","market_048",11,2.21174422086587,1,1,7,4.21631528402188
"08","unit_048","market_048",12,2.72525276713326,1,1,7,4.10328568259207
"08","unit_049","market_049",1,-0.171652633566282,0,1,7,2.86675444018605
"08","unit_049","market_049",2,-0.241822088291949,0,1,7,2.82857850508577
"08","unit_049","market_049",3,0.0678866924367273,0,1,7,2.76471065449113
"08","unit_049","market_049",4,-0.162548055168564,0,1,7,2.7460739340159
"08","unit_049","market_049",5,0.0907195903325221,0,1,7,2.77934927714467
"08","unit_049","market_049",6,0.105806129509476,0,1,7,2.93428363953923
"08","unit_049","market_049",7,0.426452913908266,1,1,7,3.55518598231194
"08","unit_049","market_049",8,0.282188890608848,1,1,7,3.52248370004488
"08","unit_049","market_049",9,0.363097277184729,1,1,7,3.59725480848202
"08","unit_049","market_049",10,0.435405808443481,1,1,7,3.71401767098978
"08","unit_049","market_049",11,0.524785538086646,1,1,7,3.98313061617902
"08","unit_049","market_049",12,0.74442143066438,1,1,7,4.02463468900779
"08","unit_050","market_050",1,0.460887692396272,0,0,,3.58065088425119
"08","unit_050","market_050",2,0.799731812400249,0,0,,3.59568375662984
"08","unit_050","market_050",3,0.770652559837696,0,0,,3.56890679497242
"08","unit_050","market_050",4,0.671799730777515,0,0,,3.44965580614105
"08","unit_050","market_050",5,0.784029690523747,0,0,,3.70695319772925
"08","unit_050","market_050",6,0.742900455174529,0,0,,3.7432135721875
"08","unit_050","market_050",7,0.879159580876099,0,0,,3.71807106797792
"08","unit_050","market_050",8,0.959859817376483,0,0,,3.82005741839551
"08","unit_050","market_050",9,0.818664655430713,0,0,,3.85438976262452
"08","unit_050","market_050",10,0.919083091908086,0,0,,3.87585202663792
"08","unit_050","market_050",11,1.00074199484448,0,0,,3.66386126317074
"08","unit_050","market_050",12,0.853068263722926,0,0,,3.84937526001834
"08","unit_051","market_051",1,1.03580701091769,0,0,,3.03528257621343
"08","unit_051","market_051",2,1.25876694908825,0,0,,3.34101858750787
"08","unit_051","market_051",3,1.32386447067227,0,0,,3.0654521428754
"08","unit_051","market_051",4,1.27954712769288,0,0,,3.05845334917582
"08","unit_051","market_051",5,1.44380451427663,0,0,,3.11318211589553
"08","unit_051","market_051",6,1.42203951726389,0,0,,3.22676446562959
"08","unit_051","market_051",7,1.38095937762864,0,0,,3.29202179541517
"08","unit_051","market_051",8,1.42875581607127,0,0,,3.39742530951283
"08","unit_051","market_051",9,1.30093827905397,0,0,,3.18969441451088
"08","unit_051","market_051",10,1.42978784653509,0,0,,3.41061900579759
"08","unit_051","market_051",11,1.41663156564956,0,0,,3.51252112113825
"08","unit_051","market_051",12,1.74142591113463,0,0,,3.64312180532701
"08","unit_052","market_052",1,0.781301334241836,0,0,,3.06428245597452
"08","unit_052","market_052",2,1.21596062684855,0,0,,3.11077277378293
"08","unit_052","market_052",3,0.759162464395351,0,0,,3.02056587907864
"08","unit_052","market_052",4,0.975805441059463,0,0,,3.14149199056731
"08","unit_052","market_052",5,0.975888590993478,0,0,,3.1306664802931
"08","unit_052","market_052",6,0.969682736557319,0,0,,3.17220191137644
"08","unit_052","market_052",7,0.786905827344854,0,0,,3.23854899955129
"08","unit_052","market_052",8,0.870091239961557,0,0,,3.21307005757646
"08","unit_052","market_052",9,1.28127774717091,0,0,,3.27748719646012
"08","unit_052","market_052",10,1.06583965050653,0,0,,3.31568443402331
"08","unit_052","market_052",11,1.0417091490293,0,0,,3.31931584846789
"08","unit_052","market_052",12,1.13126992376231,0,0,,3.29081910215404
"08","unit_053","market_053",1,0.522244458105467,0,0,,2.47665987319367
"08","unit_053","market_053",2,0.561994874015419,0,0,,2.74562651629544
"08","unit_053","market_053",3,0.503442631060514,0,0,,2.71200485510974
"08","unit_053","market_053",4,0.634384790573311,0,0,,2.72476534592014
"08","unit_053","market_053",5,0.707430494424535,0,0,,3.02222356357686
"08","unit_053","market_053",6,0.686757846570204,0,0,,3.08994212272213
"08","unit_053","market_053",7,0.672630107869767,0,0,,3.10721763269588
"08","unit_053","market_053",8,0.646488708770712,0,0,,3.13893701709602
"08","unit_053","market_053",9,0.743249406334623,0,0,,3.17449128732577
"08","unit_053","market_053",10,0.702599198887099,0,0,,3.18825630907794
"08","unit_053","market_053",11,0.671273261350217,0,0,,3.01648637181932
"08","unit_053","market_053",12,0.679015601265453,0,0,,3.1901539561937
"08","unit_054","market_054",1,0.728229775072452,0,0,,3.36039971482002
"08","unit_054","market_054",2,0.925904500710054,0,0,,3.37904836434799
"08","unit_054","market_054",3,1.27559527212812,0,0,,3.25401632587062
"08","unit_054","market_054",4,1.13330804253024,0,0,,3.46975256115835
"08","unit_054","market_054",5,1.15563788656535,0,0,,3.522347776858
"08","unit_054","market_054",6,1.19285320877882,0,0,,3.56189760885169
"08","unit_054","market_054",7,0.993916958638986,0,0,,3.48846590750667
"08","unit_054","market_054",8,1.07881020591092,0,0,,3.63503403327218
"08","unit_054","market_054",9,1.27958539534742,0,0,,3.66549170182459
"08","unit_054","market_054",10,1.30459171690297,0,0,,3.46978970755116
"08","unit_054","market_054",11,1.14253178947529,0,0,,3.50351176838865
"08","unit_054","market_054",12,1.42735662478339,0,0,,3.79082528364965
"08","unit_055","market_055",1,1.77544982469876,0,1,7,3.55786112169415
"08","unit_055","market_055",2,1.7201649978117,0,1,7,3.61240830292294
"08","unit_055","market_055",3,1.6816720443597,0,1,7,3.46060497533492
"08","unit_055","market_055",4,1.79223927096014,0,1,7,3.50415868021001
"08","unit_055","market_055",5,1.58602582308352,0,1,7,3.63806816566289
"08","unit_055","market_055",6,1.7460037327586,0,1,7,3.75762425497558
"08","unit_055","market_055",7,2.0517141245909,1,1,7,4.41159129460599
"08","unit_055","market_055",8,2.15647449926064,1,1,7,4.64813824313179
"08","unit_055","market_055",9,2.05334854275414,1,1,7,4.59992863941061
"08","unit_055","market_055",10,2.01399203800128,1,1,7,4.6787608244766
"08","unit_055","market_055",11,2.26953510632781,1,1,7,4.75678636178074
"08","unit_055","market_055",12,2.19819867142835,1,1,7,4.7579122577909
"08","unit_056","market_056",1,1.18863236782662,0,1,7,3.30742021611774
"08","unit_056","market_056",2,1.35369816818144,0,1,7,3.47406070540495
"08","unit_056","market_056",3,1.15862783670825,0,1,7,3.60670629848502
"08","unit_056","market_056",4,1.40727373403171,0,1,7,3.60524421130422
"08","unit_056","market_056",5,1.42800348981801,0,1,7,3.55726103481272
"08","unit_056","market_056",6,1.23164180795088,0,1,7,3.48699401331037
"08","unit_056","market_056",7,1.72727740473008,1,1,7,4.46541666688311
"08","unit_056","market_056",8,1.81641202894204,1,1,7,4.73863091209588
"08","unit_056","market_056",9,1.7048437252641,1,1,7,4.71611438773827
"08","unit_056","market_056",10,1.76597380662037,1,1,7,4.61361414431363
"08","unit_056","market_056",11,2.06693757317923,1,1,7,4.70299481454047
"08","unit_056","market_056",12,1.9841001902405,1,1,7,4.71067817715071
"08","unit_057","market_057",1,1.89657691048709,0,0,,3.56739243405059
"08","unit_057","market_057",2,1.65309065141478,0,0,,3.45137280691503
"08","unit_057","market_057",3,1.57255534499629,0,0,,3.51526222167981
"08","unit_057","market_057",4,1.73790679761283,0,0,,3.35200673847336
"08","unit_057","market_057",5,1.94107673614093,0,0,,3.6590171254036
"08","unit_057","market_057",6,1.99383956841285,0,0,,3.611160390016
"08","unit_057","market_057",7,1.71120373619723,0,0,,3.55768309705463
"08","unit_057","market_057",8,1.86248449323261,0,0,,3.62922700800487
"08","unit_057","market_057",9,2.00057146747579,0,0,,3.53485340468485
"08","unit_057","market_057",10,1.95023675518199,0,0,,3.58148981909373
"08","unit_057","market_057",11,2.13362269068664,0,0,,4.05612523812819
"08","unit_057","market_057",12,2.01751137237746,0,0,,3.99187985569253
"08","unit_058","market_058",1,0.782355352577982,0,0,,3.38585531307023
"08","unit_058","market_058",2,0.8069902182995,0,0,,3.34669523965928
"08","unit_058","market_058",3,0.890691588013695,0,0,,3.44819390855273
"08","unit_058","market_058",4,1.0202167635003,0,0,,3.45849580928329
"08","unit_058","market_058",5,0.881068938724757,0,0,,3.64459666233277
"08","unit_058","market_058",6,0.81115751816917,0,0,,3.538693566132
"08","unit_058","market_058",7,1.06631398960282,0,0,,3.60144742258409
"08","unit_058","market_058",8,0.909333601128026,0,0,,3.46716990329158
"08","unit_058","market_058",9,1.02807425964531,0,0,,3.65972679597129
"08","unit_058","market_058",10,1.02800725265507,0,0,,3.76224673106577
"08","unit_058","market_058",11,1.21117785277642,0,0,,3.77506932021627
"08","unit_058","market_058",12,1.2786310328367,0,0,,3.92487305568399
"08","unit_059","market_059",1,0.688508136572248,0,0,,2.48992469628632
"08","unit_059","market_059",2,0.601615211116793,0,0,,2.45117379111717
"08","unit_059","market_059",3,0.64741367646654,0,0,,2.47850504783716
"08","unit_059","market_059",4,0.765288284424934,0,0,,2.56940380702782
"08","unit_059","market_059",5,0.600199898856889,0,0,,2.47402576189959
"08","unit_059","market_059",6,0.856129591856881,0,0,,2.72198009490039
"08","unit_059","market_059",7,0.823221307487941,0,0,,2.81294367925723
"08","unit_059","market_059",8,0.693587375878013,0,0,,2.72029012235606
"08","unit_059","market_059",9,0.864126559664617,0,0,,2.8822342956659
"08","unit_059","market_059",10,0.914389678685831,0,0,,3.0049829890346
"08","unit_059","market_059",11,1.02627447673793,0,0,,2.67580143947173
"08","unit_059","market_059",12,0.978453513947004,0,0,,2.8810909046548
"08","unit_060","market_060",1,0.876715379901875,0,0,,2.9188288033735
"08","unit_060","market_060",2,0.95008650978258,0,0,,2.98683910874764
"08","unit_060","market_060",3,0.944509500098903,0,0,,3.09741016217361
"08","unit_060","market_060",4,1.14379391661717,0,0,,3.13259104650113
"08","unit_060","market_060",5,1.22347147303566,0,0,,3.07036063659428
"08","unit_060","market_060",6,1.24183470517975,0,0,,3.10080560750648
"08","unit_060","market_060",7,1.04084676210911,0,0,,3.01285698656521
"08","unit_060","market_060",8,1.2044317114254,0,0,,3.23354470619837
"08","unit_060","market_060",9,1.34977147112,0,0,,3.40724540737817
"08","unit_060","market_060",10,1.36444108420846,0,0,,3.29786831004545
"08","unit_060","market_060",11,1.5318250974656,0,0,,3.30406844140148
"08","unit_060","market_060",12,1.31479741141728,0,0,,3.26837633868394
"08","unit_061","market_061",1,0.779574448467949,0,0,,2.97577784621272
"08","unit_061","market_061",2,0.855477068412716,0,0,,2.69403468242374
"08","unit_061","market_061",3,0.95677907884646,0,0,,3.20192449010546
"08","unit_061","market_061",4,1.00297092057433,0,0,,3.22278224946874
"08","unit_061","market_061",5,1.11854132407173,0,0,,3.08285017205057
"08","unit_061","market_061",6,0.989145681837781,0,0,,3.2863953069639
"08","unit_061","market_061",7,0.956013551100158,0,0,,3.15872982407679
"08","unit_061","market_061",8,1.04905163103074,0,0,,3.26992327773465
"08","unit_061","market_061",9,0.886769242773926,0,0,,3.24477053795558
"08","unit_061","market_061",10,1.04187307640691,0,0,,3.22249645629628
"08","unit_061","market_061",11,1.04877882633846,0,0,,3.27381835294189
"08","unit_061","market_061",12,1.31918538109958,0,0,,3.48833195997488
"08","unit_062","market_062",1,1.67408343081401,0,0,,2.35412873196325
"08","unit_062","market_062",2,1.85508496782859,0,0,,2.55643781771847
"08","unit_062","market_062",3,1.90184040775922,0,0,,2.50650029053812
"08","unit_062","market_062",4,1.84631564938555,0,0,,2.91895763870571
"08","unit_062","market_062",5,1.91309535127491,0,0,,2.57521404284072
"08","unit_062","market_062",6,2.01875961197947,0,0,,2.6251686017351
"08","unit_062","market_062",7,1.93105970189705,0,0,,2.83661707315448
"08","unit_062","market_062",8,1.93140817678853,0,0,,2.96618922107714
"08","unit_062","market_062",9,1.96050823356188,0,0,,2.85528045786397
"08","unit_062","market_062",10,1.88149237076245,0,0,,2.86287138146558
"08","unit_062","market_062",11,1.84105210058411,0,0,,2.86058813440839
"08","unit_062","market_062",12,2.09192756107272,0,0,,2.94731539584443
"08","unit_063","market_063",1,0.701940421762464,0,0,,2.18218283251587
"08","unit_063","market_063",2,0.607533270906341,0,0,,2.04236617234936
"08","unit_063","market_063",3,0.461178401314859,0,0,,2.00492536856882
"08","unit_063","market_063",4,0.626989120236245,0,0,,2.11001755089063
"08","unit_063","market_063",5,0.426002649250325,0,0,,2.18536063820357
"08","unit_063","market_063",6,0.791067230015067,0,0,,2.3472601975518
"08","unit_063","market_063",7,0.629692877556954,0,0,,2.30744367739089
"08","unit_063","market_063",8,0.619204375709245,0,0,,2.42446040552617
"08","unit_063","market_063",9,0.75979524497845,0,0,,2.34712001875986
"08","unit_063","market_063",10,0.933279268527074,0,0,,2.50761960917561
"08","unit_063","market_063",11,0.827692024938761,0,0,,2.49134844384523
"08","unit_063","market_063",12,0.899305725411981,0,0,,2.39285653837936
"08","unit_064","market_064",1,0.762482682075878,0,1,7,2.74306769228724
"08","unit_064","market_064",2,0.968457153616886,0,1,7,2.98303333842086
"08","unit_064","market_064",3,1.06328786074933,0,1,7,3.07729317191382
"08","unit_064","market_064",4,0.854207854906702,0,1,7,2.78379567860744
"08","unit_064","market_064",5,0.968214714411466,0,1,7,2.74567400250911
"08","unit_064","market_064",6,0.973414389334713,0,1,7,2.97006830174768
"08","unit_064","market_064",7,1.14482861451194,1,1,7,3.8752272988907
"08","unit_064","market_064",8,1.62628110918416,1,1,7,3.94857070040988
"08","unit_064","market_064",9,1.41323802065935,1,1,7,3.84666641101347
"08","unit_064","market_064",10,1.68937621653431,1,1,7,3.93818077669126
"08","unit_064","market_064",11,1.52833187033196,1,1,7,3.95459011733472
"08","unit_064","market_064",12,1.61558258693324,1,1,7,4.04001820510041
"08","unit_065","market_065",1,0.565604398399563,0,0,,2.91209704182846
"08","unit_065","market_065",2,0.593771680817474,0,0,,2.90964669625854
"08","unit_065","market_065",3,0.526620862842614,0,0,,2.70378484295306
"08","unit_065","market_065",4,0.561049319758698,0,0,,2.82782442668998
"08","unit_065","market_065",5,0.642785995906524,0,0,,2.93578289653425
"08","unit_065","market_065",6,0.83422555643295,0,0,,2.94747030416395
"08","unit_065","market_065",7,0.6594381263862,0,0,,2.97271148029246
"08","unit_065","market_065",8,0.813554522385334,0,0,,3.07783018363944
"08","unit_065","market_065",9,0.894284960361587,0,0,,2.99459645029319
"08","unit_065","market_065",10,0.484671135641243,0,0,,3.16905276355052
"08","unit_065","market_065",11,0.732223482480966,0,0,,3.06305660323557
"08","unit_065","market_065",12,1.15559087593081,0,0,,3.20242504720458
"08","unit_066","market_066",1,1.15141981208682,0,1,7,2.62198680858179
"08","unit_066","market_066",2,1.14575590121847,0,1,7,2.44885512637125
"08","unit_066","market_066",3,1.4188738814299,0,1,7,2.63090948868519
"08","unit_066","market_066",4,1.29306066177457,0,1,7,2.78129214228692
"08","unit_066","market_066",5,1.40763808570833,0,1,7,2.83875615631883
"08","unit_066","market_066",6,1.22684466327774,0,1,7,2.82637602674116
"08","unit_066","market_066",7,1.77371302028804,1,1,7,3.56797871134949
"08","unit_066","market_066",8,1.92369193913586,1,1,7,3.78136393334589
"08","unit_066","market_066",9,1.77899697234206,1,1,7,3.77016071222724
"08","unit_066","market_066",10,1.77007165569984,1,1,7,3.83529889682242
"08","unit_066","market_066",11,1.70333869785612,1,1,7,3.91555798486898
"08","unit_066","market_066",12,1.95938005188797,1,1,7,3.86979226063111
"08","unit_067","market_067",1,0.54725756091264,0,1,7,2.60321428375905
"08","unit_067","market_067",2,0.486905129775404,0,1,7,2.5421497536396
"08","unit_067","market_067",3,0.38573420854392,0,1,7,2.68410252513723
"08","unit_067","market_067",4,0.582538172128615,0,1,7,2.83449448352696
"08","unit_067","market_067",5,0.512217600221417,0,1,7,2.60302268567937
"08","unit_067","market_067",6,0.512212281986001,0,1,7,2.67256905144104
"08","unit_067","market_067",7,1.03296518129405,1,1,7,3.55016274126398
"08","unit_067","market_067",8,0.998648420674971,1,1,7,3.70477397278046
"08","unit_067","market_067",9,0.985761050659691,1,1,7,3.57070614865633
"08","unit_067","market_067",10,0.970923495923053,1,1,7,3.78566260388327
"08","unit_067","market_067",11,1.15957038620704,1,1,7,3.80809906491072
"08","unit_067","market_067",12,1.18183926332172,1,1,7,3.71105131506739
"08","unit_068","market_068",1,1.47033923353235,0,0,,2.59744271206262
"08","unit_068","market_068",2,1.53712039329508,0,0,,2.55923002349571
"08","unit_068","market_068",3,1.69199183635639,0,0,,2.59012250719791
"08","unit_068","market_068",4,1.73662687000295,0,0,,2.73855652265229
"08","unit_068","market_068",5,1.7412440179518,0,0,,2.90590571540488
"08","unit_068","market_068",6,1.89243266368516,0,0,,2.73809839360043
"08","unit_068","market_068",7,1.6127941499255,0,0,,2.69755979734351
"08","unit_068","market_068",8,1.89770593434099,0,0,,2.87285085084048
"08","unit_068","market_068",9,1.72004120552732,0,0,,2.93714196759797
"08","unit_068","market_068",10,1.84824086295603,0,0,,2.87787334382272
"08","unit_068","market_068",11,2.02085844390174,0,0,,3.21177986686256
"08","unit_068","market_068",12,1.7811707253391,0,0,,3.1152146754605
"08","unit_069","market_069",1,0.395950712655393,0,1,7,3.02483808375163
"08","unit_069","market_069",2,0.438849605695204,0,1,7,3.02396459159939
"08","unit_069","market_069",3,0.361317964882623,0,1,7,3.06366347407125
"08","unit_069","market_069",4,0.506074793408161,0,1,7,2.98599062500874
"08","unit_069","market_069",5,0.450052525611565,0,1,7,2.99753001469488
"08","unit_069","market_069",6,0.363235902642273,0,1,7,3.13161013842055
"08","unit_069","market_069",7,0.891359866496259,1,1,7,3.96125863450087
"08","unit_069","market_069",8,1.08108486061028,1,1,7,3.83774246802228
"08","unit_069","market_069",9,0.801258370505629,1,1,7,4.12741089666255
"08","unit_069","market_069",10,1.2224555646608,1,1,7,3.98075387723155
"08","unit_069","market_069",11,1.07939777244424,1,1,7,4.07349786601914
"08","unit_069","market_069",12,1.519832165271,1,1,7,4.17812473254818
"08","unit_070","market_070",1,0.247910847376266,0,1,7,2.7771762911517
"08","unit_070","market_070",2,0.241688545009538,0,1,7,3.04562485208693
"08","unit_070","market_070",3,0.0199871091847975,0,1,7,2.90272380770774
"08","unit_070","market_070",4,0.561390461307368,0,1,7,2.78075782634718
"08","unit_070","market_070",5,0.282439005496747,0,1,7,2.99987016872241
"08","unit_070","market_070",6,0.373181083050207,0,1,7,2.99581730047897
"08","unit_070","market_070",7,0.965884131379064,1,1,7,3.86230582798276
"08","unit_070","market_070",8,0.990921090170698,1,1,7,4.01639971980923
"08","unit_070","market_070",9,0.968106783866518,1,1,7,4.08029296335975
"08","unit_070","market_070",10,0.990780115302629,1,1,7,4.09137200891398
"08","unit_070","market_070",11,1.00033515139864,1,1,7,4.13910881388508
"08","unit_070","market_070",12,1.06182352826713,1,1,7,4.14260764648129
"08","unit_071","market_071",1,0.079812055475279,0,0,,2.9050477928472
"08","unit_071","market_071",2,0.0207236862813239,0,0,,2.85090480965257
"08","unit_071","market_071",3,0.234994572486279,0,0,,3.08366961842575
"08","unit_071","market_071",4,0.0785261158670687,0,0,,2.91944154474558
"08","unit_071","market_071",5,0.282060145237644,0,0,,3.11052232924457
"08","unit_071","market_071",6,0.276766180762861,0,0,,3.06977746819038
"08","unit_071","market_071",7,0.217772745613467,0,0,,3.06216988634719
"08","unit_071","market_071",8,0.181813272752452,0,0,,3.1604404984726
"08","unit_071","market_071",9,0.307117392820023,0,0,,3.15021362923393
"08","unit_071","market_071",10,0.519309237784473,0,0,,3.29316702983312
"08","unit_071","market_071",11,0.382037163987347,0,0,,3.22513104241471
"08","unit_071","market_071",12,0.588544326426508,0,0,,3.26552214732619
"08","unit_072","market_072",1,-0.00536929291057153,0,1,7,3.30541285266313
"08","unit_072","market_072",2,-0.102096048259369,0,1,7,3.45009280646495
"08","unit_072","market_072",3,-0.149168733743872,0,1,7,3.47373751383461
"08","unit_072","market_072",4,0.0187353783283065,0,1,7,3.25731089591931
"08","unit_072","market_072",5,0.10014992930532,0,1,7,3.48531148984769
"08","unit_072","market_072",6,0.111313212582299,0,1,7,3.46514241987842
"08","unit_072","market_072",7,0.465443011629161,1,1,7,4.51912848815902
"08","unit_072","market_072",8,0.454416831230376,1,1,7,4.3550035300541
"08","unit_072","market_072",9,0.512140687060278,1,1,7,4.40084576632812
"08","unit_072","market_072",10,0.70817430811699,1,1,7,4.59267836727552
"08","unit_072","market_072",11,1.01885186019545,1,1,7,4.5389764651753
"08","unit_072","market_072",12,0.678648424907639,1,1,7,4.64826221219563
"08","unit_073","market_073",1,0.510563562613916,0,0,,2.79270494038397
"08","unit_073","market_073",2,0.308441957921673,0,0,,2.79952591147313
"08","unit_073","market_073",3,0.410637353799438,0,0,,2.69323168170971
"08","unit_073","market_073",4,0.568539859547261,0,0,,2.91445296388351
"08","unit_073","market_073",5,0.541396245046778,0,0,,2.91513173388936
"08","unit_073","market_073",6,0.412366051953982,0,0,,3.08431280337412
"08","unit_073","market_073",7,0.563449548873642,0,0,,3.09305384159778
"08","unit_073","market_073",8,0.488049121493011,0,0,,3.00009437717035
"08","unit_073","market_073",9,0.528433786418144,0,0,,3.16051812218698
"08","unit_073","market_073",10,0.771594114055156,0,0,,3.13935430110438
"08","unit_073","market_073",11,0.743896790295466,0,0,,3.26789829494523
"08","unit_073","market_073",12,0.70972852512679,0,0,,3.12795926205902
"08","unit_074","market_074",1,0.99682968938313,0,1,7,3.58364234747495
"08","unit_074","market_074",2,1.0851299814411,0,1,7,3.6833494628829
"08","unit_074","market_074",3,1.14744339489014,0,1,7,3.63884196206834
"08","unit_074","market_074",4,1.01263222664543,0,1,7,3.78179509598094
"08","unit_074","market_074",5,1.07994658590841,0,1,7,3.7561703271417
"08","unit_074","market_074",6,1.21737720619316,0,1,7,3.85847294607776
"08","unit_074","market_074",7,1.31454935729618,1,1,7,4.79994621309196
"08","unit_074","market_074",8,1.69029691498935,1,1,7,4.6758912750911
"08","unit_074","market_074",9,1.68152871462588,1,1,7,4.84669455761311
"08","unit_074","market_074",10,1.56927349903388,1,1,7,4.6972018076637
"08","unit_074","market_074",11,1.41125770458894,1,1,7,4.6515383549821
"08","unit_074","market_074",12,1.52435985328553,1,1,7,4.55937279057761
"08","unit_075","market_075",1,0.585294727970027,0,0,,3.05816073150045
"08","unit_075","market_075",2,0.803832933781682,0,0,,2.90259490615783
"08","unit_075","market_075",3,0.715570842693698,0,0,,2.88932002842401
"08","unit_075","market_075",4,0.5277197658163,0,0,,3.07844883239863
"08","unit_075","market_075",5,0.772232899131487,0,0,,3.21844945814024
"08","unit_075","market_075",6,0.576595393196704,0,0,,3.09995318525629
"08","unit_075","market_075",7,0.724724058345782,0,0,,3.32528062075689
"08","unit_075","market_075",8,0.906265730080232,0,0,,3.18993196032013
"08","unit_075","market_075",9,0.784576778314037,0,0,,3.33583261723366
"08","unit_075","market_075",10,0.988164600054931,0,0,,3.40555607922731
"08","unit_075","market_075",11,0.889359482926925,0,0,,3.33849649617656
"08","unit_075","market_075",12,1.20873648298107,0,0,,3.40678748203872
"08","unit_076","market_076",1,0.567919369475622,0,1,7,3.31538472372729
"08","unit_076","market_076",2,0.623323510691217,0,1,7,3.27456053118265
"08","unit_076","market_076",3,1.03223695563509,0,1,7,3.45053004453986
"08","unit_076","market_076",4,0.636038629445907,0,1,7,3.26339920999141
"08","unit_076","market_076",5,0.999876446373787,0,1,7,3.27709418385271
"08","unit_076","market_076",6,0.874574379037634,0,1,7,3.54845112057024
"08","unit_076","market_076",7,1.26526347225603,1,1,7,4.45739690919493
"08","unit_076","market_076",8,1.22858694558599,1,1,7,4.3521999566003
"08","unit_076","market_076",9,1.45769756514384,1,1,7,4.49922677852088
"08","unit_076","market_076",10,1.23142049489856,1,1,7,4.43722752645011
"08","unit_076","market_076",11,1.18409138542645,1,1,7,4.54036841666846
"08","unit_076","market_076",12,1.65341401698825,1,1,7,4.49074028523672
"08","unit_077","market_077",1,0.28632847031328,0,0,,3.23871337996137
"08","unit_077","market_077",2,0.101930089161501,0,0,,3.17571005831047
"08","unit_077","market_077",3,0.470230651873344,0,0,,3.27984443949424
"08","unit_077","market_077",4,0.345013428122202,0,0,,3.29964796721958
"08","unit_077","market_077",5,0.344448484465343,0,0,,3.41610725670765
"08","unit_077","market_077",6,0.355886236798899,0,0,,3.40308486946847
"08","unit_077","market_077",7,0.51083527680582,0,0,,3.71208843306237
"08","unit_077","market_077",8,0.365630393821759,0,0,,3.5822911608314
"08","unit_077","market_077",9,0.524166813823983,0,0,,3.56138979541787
"08","unit_077","market_077",10,0.697531655629358,0,0,,3.64184281941495
"08","unit_077","market_077",11,0.548566211717814,0,0,,3.62761694461072
"08","unit_077","market_077",12,0.649645083349786,0,0,,3.72297022058612
"08","unit_078","market_078",1,0.910539578316048,0,1,7,3.12982250290669
"08","unit_078","market_078",2,0.691274800422287,0,1,7,3.07098384849428
"08","unit_078","market_078",3,0.93283928769494,0,1,7,3.14165949170279
"08","unit_078","market_078",4,0.804880750205681,0,1,7,3.21831303733603
"08","unit_078","market_078",5,0.766568524019403,0,1,7,3.13951657764691
"08","unit_078","market_078",6,0.777353334698451,0,1,7,3.20210712773604
"08","unit_078","market_078",7,1.04240062155231,1,1,7,4.05130832444985
"08","unit_078","market_078",8,1.23537647400047,1,1,7,4.19646770673705
"08","unit_078","market_078",9,1.14115079286211,1,1,7,4.18403015546934
"08","unit_078","market_078",10,1.45241007418134,1,1,7,4.11181385149382
"08","unit_078","market_078",11,1.30754684199289,1,1,7,4.26740376071349
"08","unit_078","market_078",12,1.22624853238569,1,1,7,4.26132715062219
"08","unit_079","market_079",1,0.93769670127596,0,1,7,2.58770160393142
"08","unit_079","market_079",2,0.705858706053297,0,1,7,2.7349980508547
"08","unit_079","market_079",3,0.947129014531216,0,1,7,2.65402415422508
"08","unit_079","market_079",4,1.04964294790244,0,1,7,2.74351523874134
"08","unit_079","market_079",5,0.830323436081926,0,1,7,2.59350134497932
"08","unit_079","market_079",6,0.999577586040969,0,1,7,2.86891749094333
"08","unit_079","market_079",7,1.38301702959944,1,1,7,3.71193858021409
"08","unit_079","market_079",8,1.27257501964059,1,1,7,3.65868623978958
"08","unit_079","market_079",9,1.33974266059959,1,1,7,3.703048175058
"08","unit_079","market_079",10,1.38967722296668,1,1,7,3.83437922885128
"08","unit_079","market_079",11,1.68410485780705,1,1,7,3.86739336830101
"08","unit_079","market_079",12,1.60766173137453,1,1,7,3.73408381257777
"08","unit_080","market_080",1,0.332371111204834,0,0,,2.77377304827189
"08","unit_080","market_080",2,0.643398877609799,0,0,,2.91681982265431
"08","unit_080","market_080",3,0.678833926090036,0,0,,3.17268048576107
"08","unit_080","market_080",4,0.569541211968779,0,0,,3.10091474881263
"08","unit_080","market_080",5,0.650451371666631,0,0,,3.19139711248288
"08","unit_080","market_080",6,0.606219332516514,0,0,,3.22740993268724
"08","unit_080","market_080",7,0.661551423418854,0,0,,3.24130074225127
"08","unit_080","market_080",8,0.822766283923577,0,0,,3.32526578915072
"08","unit_080","market_080",9,0.729318892248442,0,0,,3.34049040428077
"08","unit_080","market_080",10,0.663286573146037,0,0,,3.37170269616124
"08","unit_080","market_080",11,0.982535518932453,0,0,,3.39817033033937
"08","unit_080","market_080",12,1.05277166323548,0,0,,3.43580156795638
"08","unit_081","market_081",1,-0.697055550227595,0,0,,2.81055362902074
"08","unit_081","market_081",2,-0.45873611318196,0,0,,2.66604197485075
"08","unit_081","market_081",3,-0.144866966373789,0,0,,2.99766127421978
"08","unit_081","market_081",4,-0.0970089707022538,0,0,,2.87666620448554
"08","unit_081","market_081",5,-0.279583435141243,0,0,,3.01410578906028
"08","unit_081","market_081",6,-0.5803769094759,0,0,,2.83535761182659
"08","unit_081","market_081",7,-0.194516979965653,0,0,,3.00560422156365
"08","unit_081","market_081",8,-0.219263676170505,0,0,,3.17855495648801
"08","unit_081","market_081",9,-0.231259329300735,0,0,,2.9615040045772
"08","unit_081","market_081",10,0.0758295015590595,0,0,,3.19846859059175
"08","unit_081","market_081",11,-0.0866356138145276,0,0,,3.28717122779006
"08","unit_081","market_081",12,0.0702368915690417,0,0,,3.24655184658996
"08","unit_082","market_082",1,0.798296377051254,0,1,7,3.28704816262033
"08","unit_082","market_082",2,0.775961146117795,0,1,7,3.20650474996258
"08","unit_082","market_082",3,0.86343369565672,0,1,7,3.43831728104679
"08","unit_082","market_082",4,0.791140162741219,0,1,7,3.30441858785774
"08","unit_082","market_082",5,0.825434654564736,0,1,7,3.50920398750596
"08","unit_082","market_082",6,0.713299464203929,0,1,7,3.33458639179647
"08","unit_082","market_082",7,1.41158088441242,1,1,7,4.32706186487399
"08","unit_082","market_082",8,1.20644692515879,1,1,7,4.2601298284592
"08","unit_082","market_082",9,1.44425256795377,1,1,7,4.29793841238321
"08","unit_082","market_082",10,1.44512470349284,1,1,7,4.51001439805291
"08","unit_082","market_082",11,1.39593369907,1,1,7,4.37105410202154
"08","unit_082","market_082",12,1.44878175137503,1,1,7,4.46080390484222
"08","unit_083","market_083",1,0.701395414009912,0,0,,2.86564825365463
"08","unit_083","market_083",2,0.696843484974435,0,0,,2.83558433374587
"08","unit_083","market_083",3,0.718506608927025,0,0,,3.02843645821939
"08","unit_083","market_083",4,0.922098945176098,0,0,,2.78464306446113
"08","unit_083","market_083",5,0.689951099330344,0,0,,2.96908363479166
"08","unit_083","market_083",6,0.557929640236861,0,0,,3.00182948345452
"08","unit_083","market_083",7,0.852137630179738,0,0,,2.98704972779172
"08","unit_083","market_083",8,0.750847345832475,0,0,,3.2002590971465
"08","unit_083","market_083",9,0.642237098608115,0,0,,3.24709221173229
"08","unit_083","market_083",10,0.812636002771323,0,0,,3.28838656182345
"08","unit_083","market_083",11,0.878777574783874,0,0,,3.10672604147587
"08","unit_083","market_083",12,0.977720747054085,0,0,,3.25112065605925
"08","unit_084","market_084",1,0.523798577856911,0,0,,3.0924121412548
"08","unit_084","market_084",2,0.406885752273243,0,0,,3.08137785808941
"08","unit_084","market_084",3,0.586063675351638,0,0,,2.9964789568618
"08","unit_084","market_084",4,0.555613389730816,0,0,,3.06562937294106
"08","unit_084","market_084",5,0.623396250866658,0,0,,3.29592816821088
"08","unit_084","market_084",6,0.643540162331729,0,0,,3.17522899889594
"08","unit_084","market_084",7,0.737090996985018,0,0,,3.36772637538713
"08","unit_084","market_084",8,0.747313426064956,0,0,,3.44779998745019
"08","unit_084","market_084",9,0.795451057307974,0,0,,3.3298725441078
"08","unit_084","market_084",10,0.872254275124144,0,0,,3.43357121358118
"08","unit_084","market_084",11,0.782772818906153,0,0,,3.45851591681218
"08","unit_084","market_084",12,0.728064656223612,0,0,,3.39071060517052
"08","unit_085","market_085",1,-0.211933918894335,0,1,7,2.58568683924696
"08","unit_085","market_085",2,-0.047283450446987,0,1,7,2.72546310617584
"08","unit_085","market_085",3,-0.173297259404142,0,1,7,2.84091263873613
"08","unit_085","market_085",4,0.00474911558810309,0,1,7,2.85134322611168
"08","unit_085","market_085",5,-0.0427901670837626,0,1,7,2.81832703120182
"08","unit_085","market_085",6,-0.112931750115565,0,1,7,2.76192305676879
"08","unit_085","market_085",7,0.304648843485467,1,1,7,3.81153083015165
"08","unit_085","market_085",8,0.0185130933095222,1,1,7,3.72150417864802
"08","unit_085","market_085",9,0.317490363832381,1,1,7,3.84250520973701
"08","unit_085","market_085",10,0.208979807295249,1,1,7,3.92842645952701
"08","unit_085","market_085",11,0.593650216208424,1,1,7,3.98002255234374
"08","unit_085","market_085",12,0.356115699708765,1,1,7,3.9113396453979
"08","unit_086","market_086",1,0.0268487281400613,0,0,,2.71759167649215
"08","unit_086","market_086",2,0.0942593779478524,0,0,,2.88620903596854
"08","unit_086","market_086",3,0.106432234796548,0,0,,2.88321433693745
"08","unit_086","market_086",4,0.162526062956396,0,0,,2.88965923178655
"08","unit_086","market_086",5,0.15227042704956,0,0,,2.9678174902897
"08","unit_086","market_086",6,0.0889932976923056,0,0,,3.04677647300641
"08","unit_086","market_086",7,0.273641555832827,0,0,,3.05044523145886
"08","unit_086","market_086",8,0.118985993144822,0,0,,3.04778486641568
"08","unit_086","market_086",9,0.237751042284654,0,0,,3.03881801062028
"08","unit_086","market_086",10,0.439414184526409,0,0,,3.17846583797728
"08","unit_086","market_086",11,0.263427977505736,0,0,,3.15453759029177
"08","unit_086","market_086",12,0.433724116025134,0,0,,3.38810973944007
"08","unit_087","market_087",1,0.739610633641011,0,1,7,2.65492005398636
"08","unit_087","market_087",2,0.798917009300558,0,1,7,2.6658937299566
"08","unit_087","market_087",3,0.77579183467705,0,1,7,2.72109549117146
"08","unit_087","market_087",4,0.838011452305402,0,1,7,2.7810008589479
"08","unit_087","market_087",5,1.02946042542247,0,1,7,3.06827179452843
"08","unit_087","market_087",6,0.802309397214014,0,1,7,3.12134253040331
"08","unit_087","market_087",7,1.27175507635727,1,1,7,3.7855711118279
"08","unit_087","market_087",8,1.20432742056608,1,1,7,3.71802600176129
"08","unit_087","market_087",9,1.1891972378738,1,1,7,3.7168020469343
"08","unit_087","market_087",10,1.26411344712094,1,1,7,3.85233305881649
"08","unit_087","market_087",11,1.48809333083608,1,1,7,3.85618708149179
"08","unit_087","market_087",12,1.55617268704371,1,1,7,3.90435460302206
"08","unit_088","market_088",1,0.438926906524853,0,1,7,3.08451110264921
"08","unit_088","market_088",2,0.585064951374105,0,1,7,2.83878060123304
"08","unit_088","market_088",3,0.746028152052565,0,1,7,3.01800199563205
"08","unit_088","market_088",4,1.01149899538404,0,1,7,3.11638363128645
"08","unit_088","market_088",5,0.690629247366353,0,1,7,3.04580620819093
"08","unit_088","market_088",6,0.695652196344514,0,1,7,2.86589921026273
"08","unit_088","market_088",7,1.12966774496898,1,1,7,3.97432358657533
"08","unit_088","market_088",8,1.17783176754189,1,1,7,3.9472791895638
"08","unit_088","market_088",9,1.19879226881836,1,1,7,3.97326473162224
"08","unit_088","market_088",10,1.2720148619806,1,1,7,4.25230742266222
"08","unit_088","market_088",11,1.24645197905155,1,1,7,4.22238513488693
"08","unit_088","market_088",12,1.3857243840034,1,1,7,4.2503980756133
"08","unit_089","market_089",1,-0.498743697364845,0,1,7,2.5789009821813
"08","unit_089","market_089",2,-0.415157074742337,0,1,7,2.87265665044335
"08","unit_089","market_089",3,-0.139386130212095,0,1,7,2.92151399784386
"08","unit_089","market_089",4,-0.274233095793648,0,1,7,2.76676225613711
"08","unit_089","market_089",5,-0.161808278671077,0,1,7,2.88124382791489
"08","unit_089","market_089",6,-0.154266490518928,0,1,7,2.9637080367282
"08","unit_089","market_089",7,-0.0452062612308899,1,1,7,3.89088604979592
"08","unit_089","market_089",8,0.131885441407421,1,1,7,3.65669929897344
"08","unit_089","market_089",9,0.220598922119219,1,1,7,3.83309063668106
"08","unit_089","market_089",10,0.246367228115867,1,1,7,3.88181762339828
"08","unit_089","market_089",11,0.0727633520677608,1,1,7,3.93867303765518
"08","unit_089","market_089",12,0.283754302367176,1,1,7,3.91223819391915
"08","unit_090","market_090",1,0.5834727784305,0,1,7,2.98949242937713
"08","unit_090","market_090",2,0.585002320301959,0,1,7,3.09648933000582
"08","unit_090","market_090",3,0.574246548880111,0,1,7,2.95439574299961
"08","unit_090","market_090",4,0.749683630537264,0,1,7,2.89984837971084
"08","unit_090","market_090",5,0.72680289374061,0,1,7,3.09934592617547
"08","unit_090","market_090",6,0.764806997886787,0,1,7,3.18898054451236
"08","unit_090","market_090",7,0.891065130565572,1,1,7,3.9012818118499
"08","unit_090","market_090",8,1.09278410143206,1,1,7,3.99245453257795
"08","unit_090","market_090",9,1.06975586778795,1,1,7,4.17981476831186
"08","unit_090","market_090",10,1.14367909319578,1,1,7,4.17092683381468
"08","unit_090","market_090",11,1.37512176180332,1,1,7,4.22112152744097
"08","unit_090","market_090",12,1.34571645064772,1,1,7,4.14853093687992
"08","unit_091","market_091",1,0.763764840202223,0,1,7,2.49908053403959
"08","unit_091","market_091",2,0.881452980434199,0,1,7,2.52538721186829
"08","unit_091","market_091",3,0.842648869291116,0,1,7,2.60456318699377
"08","unit_091","market_091",4,1.18116508165338,0,1,7,2.7201127971867
"08","unit_091","market_091",5,1.27179848093889,0,1,7,2.63422403125047
"08","unit_091","market_091",6,1.22095786972982,0,1,7,2.85592287062749
"08","unit_091","market_091",7,1.39921312169252,1,1,7,3.32421851750011
"08","unit_091","market_091",8,1.45417339968327,1,1,7,3.63815840646411
"08","unit_091","market_091",9,1.72978031609001,1,1,7,3.66629864378004
"08","unit_091","market_091",10,1.62272605292979,1,1,7,3.69433512261306
"08","unit_091","market_091",11,1.81260719421427,1,1,7,3.7399663828049
"08","unit_091","market_091",12,1.81526811231997,1,1,7,3.87576839944481
"08","unit_092","market_092",1,1.11365132801074,0,1,7,2.96427453077246
"08","unit_092","market_092",2,1.11796613872273,0,1,7,3.23529956738616
"08","unit_092","market_092",3,1.47150414322217,0,1,7,3.20304624742364
"08","unit_092","market_092",4,1.28665680549997,0,1,7,3.35117575095978
"08","unit_092","market_092",5,1.34031278799675,0,1,7,3.3656164906445
"08","unit_092","market_092",6,1.26644246752235,0,1,7,3.39720466018995
"08","unit_092","market_092",7,1.34187185544113,1,1,7,4.48540653448046
"08","unit_092","market_092",8,1.77623748022209,1,1,7,4.0670137407877
"08","unit_092","market_092",9,1.79321833644943,1,1,7,4.0718069741245
"08","unit_092","market_092",10,1.83669738413651,1,1,7,4.1318944812717
"08","unit_092","market_092",11,1.73964061001507,1,1,7,4.33397940484623
"08","unit_092","market_092",12,1.78900156292744,1,1,7,4.24709057506634
"08","unit_093","market_093",1,0.48376333575065,0,0,,2.49188223926794
"08","unit_093","market_093",2,0.490908808568895,0,0,,2.85436168252833
"08","unit_093","market_093",3,0.373940710712839,0,0,,2.98280309409558
"08","unit_093","market_093",4,0.640739265380935,0,0,,2.8246294497325
"08","unit_093","market_093",5,0.574415188402009,0,0,,2.93061697595419
"08","unit_093","market_093",6,0.617369056794904,0,0,,3.07581270355452
"08","unit_093","market_093",7,0.61599507316313,0,0,,2.78843471152965
"08","unit_093","market_093",8,0.629079943039451,0,0,,2.95819781573291
"08","unit_093","market_093",9,0.604702006204539,0,0,,2.99960411708279
"08","unit_093","market_093",10,0.753657983394778,0,0,,3.06888412567899
"08","unit_093","market_093",11,1.01299023800387,0,0,,3.15985674208605
"08","unit_093","market_093",12,0.876988708020316,0,0,,3.22516721014788
"08","unit_094","market_094",1,0.312197352459602,0,0,,2.90689977693745
"08","unit_094","market_094",2,0.297673730296867,0,0,,2.95334649790844
"08","unit_094","market_094",3,0.429816520236936,0,0,,2.86617367024294
"08","unit_094","market_094",4,0.406614502945322,0,0,,2.8085206140761
"08","unit_094","market_094",5,0.53513995383584,0,0,,3.10966735737
"08","unit_094","market_094",6,0.565835995007404,0,0,,3.05210811263353
"08","unit_094","market_094",7,0.380238150509834,0,0,,3.21778065287253
"08","unit_094","market_094",8,0.376391025087529,0,0,,3.34958436611517
"08","unit_094","market_094",9,0.287677637182605,0,0,,2.96226705459209
"08","unit_094","market_094",10,0.668539669599753,0,0,,3.18832953344912
"08","unit_094","market_094",11,0.72899682079459,0,0,,3.22693581153477
"08","unit_094","market_094",12,0.688469971038128,0,0,,3.2859221305493
"08","unit_095","market_095",1,1.0739872315466,0,0,,3.40644617690198
"08","unit_095","market_095",2,1.27903731451919,0,0,,3.03144125377652
"08","unit_095","market_095",3,1.19158303465602,0,0,,3.37879992577255
"08","unit_095","market_095",4,1.36132210339109,0,0,,2.99712473151481
"08","unit_095","market_095",5,1.36273804832598,0,0,,3.49583595291567
"08","unit_095","market_095",6,1.1835737308777,0,0,,3.26108898977933
"08","unit_095","market_095",7,1.3067204636857,0,0,,3.51726460991467
"08","unit_095","market_095",8,1.36402461940742,0,0,,3.47238281478009
"08","unit_095","market_095",9,1.29938067509093,0,0,,3.4799356633376
"08","unit_095","market_095",10,1.32314167036778,0,0,,3.47439409017241
"08","unit_095","market_095",11,1.40079373718572,0,0,,3.45899623910467
"08","unit_095","market_095",12,1.66386695378676,0,0,,3.58790806026612
"08","unit_096","market_096",1,0.976739812231988,0,0,,2.62176449993368
"08","unit_096","market_096",2,1.04214451784486,0,0,,2.72225126566556
"08","unit_096","market_096",3,1.06898704865951,0,0,,2.79328152662137
"08","unit_096","market_096",4,1.25664951926729,0,0,,2.83200346427798
"08","unit_096","market_096",5,1.11413497250169,0,0,,2.89841359760606
"08","unit_096","market_096",6,0.969355925307617,0,0,,2.89508788789014
"08","unit_096","market_096",7,1.15948397007201,0,0,,3.0631830496677
"08","unit_096","market_096",8,1.17432578773998,0,0,,3.05961247493074
"08","unit_096","market_096",9,1.06028469155234,0,0,,2.85074343468133
"08","unit_096","market_096",10,1.48704422701564,0,0,,3.13298629067327
"08","unit_096","market_096",11,1.398852828723,0,0,,3.18465104850484
"08","unit_096","market_096",12,1.36420935955997,0,0,,3.19071334968186
"08","unit_097","market_097",1,0.216191874900694,0,0,,2.36404518226437
"08","unit_097","market_097",2,0.0489735456331267,0,0,,2.32427294392327
"08","unit_097","market_097",3,0.267316659113449,0,0,,2.26333230371838
"08","unit_097","market_097",4,0.44055991943895,0,0,,2.38248573128705
"08","unit_097","market_097",5,0.28598194579735,0,0,,2.57079153829093
"08","unit_097","market_097",6,0.417281000274943,0,0,,2.63809326152179
"08","unit_097","market_097",7,0.4090944295284,0,0,,2.50281860802742
"08","unit_097","market_097",8,0.373960901125292,0,0,,2.38481753208664
"08","unit_097","market_097",9,0.263973386796206,0,0,,2.62897177870543
"08","unit_097","market_097",10,0.522967699403418,0,0,,2.62867178055094
"08","unit_097","market_097",11,0.499061884380995,0,0,,2.73768838164018
"08","unit_097","market_097",12,0.672570913684287,0,0,,2.78534754758945
"08","unit_098","market_098",1,0.72351020655145,0,1,7,3.60942175158291
"08","unit_098","market_098",2,0.419343343443581,0,1,7,3.46476117686059
"08","unit_098","market_098",3,0.588498489387434,0,1,7,3.52810695047906
"08","unit_098","market_098",4,0.765584842963183,0,1,7,3.58999084978274
"08","unit_098","market_098",5,0.682696254486398,0,1,7,3.58458360105882
"08","unit_098","market_098",6,0.739123125373068,0,1,7,3.33110630554945
"08","unit_098","market_098",7,0.709753156233821,1,1,7,4.52197296621965
"08","unit_098","market_098",8,1.21170857169056,1,1,7,4.673366931936
"08","unit_098","market_098",9,1.14224060464237,1,1,7,4.55476824419407
"08","unit_098","market_098",10,1.30105036055291,1,1,7,4.36992791896379
"08","unit_098","market_098",11,1.28861249781403,1,1,7,4.73978461863641
"08","unit_098","market_098",12,1.43563822174263,1,1,7,4.60786591298547
"08","unit_099","market_099",1,-0.0184195450310884,0,1,7,3.00221024736441
"08","unit_099","market_099",2,-0.163086295236015,0,1,7,3.06713378911778
"08","unit_099","market_099",3,0.052370325026572,0,1,7,3.20936610995505
"08","unit_099","market_099",4,0.0734609108847496,0,1,7,3.04361562878504
"08","unit_099","market_099",5,-0.190220057015041,0,1,7,2.93964655232849
"08","unit_099","market_099",6,-0.136003555117624,0,1,7,3.22943551090638
"08","unit_099","market_099",7,0.577180230427261,1,1,7,4.09602443580054
"08","unit_099","market_099",8,0.529946020790992,1,1,7,4.0072018529
"08","unit_099","market_099",9,0.384087392535362,1,1,7,4.21406529674316
"08","unit_099","market_099",10,0.523948940727505,1,1,7,4.15428956149692
"08","unit_099","market_099",11,0.581922892349199,1,1,7,4.26241384017899
"08","unit_099","market_099",12,0.596541773621362,1,1,7,4.26038455098063
"08","unit_100","market_100",1,1.57368683957476,0,1,7,3.87027769410015
"08","unit_100","market_100",2,1.34398990659983,0,1,7,3.78561064995141
"08","unit_100","market_100",3,1.65972452023905,0,1,7,3.97192867048094
"08","unit_100","market_100",4,1.65023008431063,0,1,7,3.81681618455653
"08","unit_100","market_100",5,1.55860189207051,0,1,7,3.85579545827164
"08","unit_100","market_100",6,1.44830864387581,0,1,7,3.931855110874
"08","unit_100","market_100",7,1.74927931431959,1,1,7,4.80525757809537
"08","unit_100","market_100",8,2.10831965587442,1,1,7,4.74769539014966
"08","unit_100","market_100",9,2.13054568269302,1,1,7,4.89623537971938
"08","unit_100","market_100",10,1.90907419454623,1,1,7,4.99525229781483
"08","unit_100","market_100",11,2.1755772854211,1,1,7,4.90851272983259
"08","unit_100","market_100",12,2.10256862437743,1,1,7,5.22215491690306
"08","unit_101","market_101",1,0.378604948759428,0,1,7,2.77787680273114
"08","unit_101","market_101",2,0.617582315436113,0,1,7,2.76574660817276
"08","unit_101","market_101",3,0.61687586272816,0,1,7,2.96041744894088
"08","unit_101","market_101",4,0.668531149916213,0,1,7,2.96608663258394
"08","unit_101","market_101",5,0.638760501070818,0,1,7,2.98222060398232
"08","unit_101","market_101",6,0.756293213641062,0,1,7,3.14216189122473
"08","unit_101","market_101",7,1.13128858075299,1,1,7,3.81280739135841
"08","unit_101","market_101",8,1.11203032449554,1,1,7,3.88166173105148
"08","unit_101","market_101",9,1.30702851936384,1,1,7,3.92593799901685
"08","unit_101","market_101",10,1.23064305125542,1,1,7,3.86612736265089
"08","unit_101","market_101",11,1.32381620266664,1,1,7,3.98573994793436
"08","unit_101","market_101",12,1.19846466402707,1,1,7,4.06461532334952
"08","unit_102","market_102",1,-0.0712371376047527,0,0,,2.8299590548166
"08","unit_102","market_102",2,-0.0992368372699228,0,0,,2.96759531391507
"08","unit_102","market_102",3,-0.01194233448369,0,0,,3.02389227100267
"08","unit_102","market_102",4,0.182076564220666,0,0,,3.10263054519889
"08","unit_102","market_102",5,0.250797988654829,0,0,,3.21840670814279
"08","unit_102","market_102",6,0.142269320651872,0,0,,3.20088778273471
"08","unit_102","market_102",7,0.160372290940879,0,0,,3.13695518582796
"08","unit_102","market_102",8,0.16013936764875,0,0,,3.29807362149577
"08","unit_102","market_102",9,0.228847405606732,0,0,,3.21293286178603
"08","unit_102","market_102",10,0.275512995533339,0,0,,3.43802591348038
"08","unit_102","market_102",11,0.283450030330141,0,0,,3.22994017617084
"08","unit_102","market_102",12,0.472587874634201,0,0,,3.50762757903097
"08","unit_103","market_103",1,0.236436783623465,0,1,7,2.91877714959241
"08","unit_103","market_103",2,0.301536289447476,0,1,7,3.25137009607602
"08","unit_103","market_103",3,0.40404228438749,0,1,7,3.06274285725182
"08","unit_103","market_103",4,0.377478362632295,0,1,7,3.03465574674849
"08","unit_103","market_103",5,0.483780294350225,0,1,7,3.15545093244872
"08","unit_103","market_103",6,0.35152750088147,0,1,7,3.11803074291659
"08","unit_103","market_103",7,0.765848121591489,1,1,7,3.98342282835124
"08","unit_103","market_103",8,0.939975530143523,1,1,7,4.01789846723879
"08","unit_103","market_103",9,0.738043387384995,1,1,7,4.00677413200786
"08","unit_103","market_103",10,0.763122994957008,1,1,7,4.11790655638024
"08","unit_103","market_103",11,1.05328540887176,1,1,7,4.31621011470282
"08","unit_103","market_103",12,0.989407932561954,1,1,7,4.2651838352443
"08","unit_104","market_104",1,0.450988809099876,0,0,,2.54784611961746
"08","unit_104","market_104",2,0.590923545530862,0,0,,2.72523163057695
"08","unit_104","market_104",3,0.614169156616163,0,0,,2.79747438561395
"08","unit_104","market_104",4,0.477995107544626,0,0,,2.82645129010788
"08","unit_104","market_104",5,0.406003825197414,0,0,,2.91167088258532
"08","unit_104","market_104",6,0.723749123054093,0,0,,2.8961010281383
"08","unit_104","market_104",7,0.638392469999431,0,0,,3.01749468181104
"08","unit_104","market_104",8,0.653857950778781,0,0,,3.35049238713027
"08","unit_104","market_104",9,0.749655875016867,0,0,,3.15721587636784
"08","unit_104","market_104",10,0.643183301470865,0,0,,3.0869928440213
"08","unit_104","market_104",11,0.977459306868538,0,0,,3.16712442592235
"08","unit_104","market_104",12,0.946146981074546,0,0,,3.16168786148361
"08","unit_105","market_105",1,-0.406042878330606,0,1,7,3.46211424202767
"08","unit_105","market_105",2,-0.386539452387878,0,1,7,3.56236128340331
"08","unit_105","market_105",3,-0.18192969021291,0,1,7,3.67762593494442
"08","unit_105","market_105",4,-0.22156531088473,0,1,7,3.78462179563937
"08","unit_105","market_105",5,-0.232582987217955,0,1,7,3.83178322449982
"08","unit_105","market_105",6,-0.361956351311627,0,1,7,3.84591224147262
"08","unit_105","market_105",7,-0.052820255335772,1,1,7,4.89112911620614
"08","unit_105","market_105",8,0.0712811391530596,1,1,7,4.85803899421517
"08","unit_105","market_105",9,0.409513515597446,1,1,7,4.76123030000699
"08","unit_105","market_105",10,0.200167690011769,1,1,7,4.6808233348628
"08","unit_105","market_105",11,0.201065026472791,1,1,7,4.78553311627883
"08","unit_105","market_105",12,0.49862083031597,1,1,7,4.80076068949313
"08","unit_106","market_106",1,0.509936200825195,0,1,7,3.12941978975943
"08","unit_106","market_106",2,0.549829358678751,0,1,7,3.16862208155261
"08","unit_106","market_106",3,0.817300893151638,0,1,7,3.31527756878104
"08","unit_106","market_106",4,0.752554081763273,0,1,7,3.37771649075009
"08","unit_106","market_106",5,0.6534131848305,0,1,7,3.52941486662825
"08","unit_106","market_106",6,0.604502652423249,0,1,7,3.53033939659957
"08","unit_106","market_106",7,1.22642449179026,1,1,7,4.20398604369429
"08","unit_106","market_106",8,1.1089503884103,1,1,7,4.25416762619262
"08","unit_106","market_106",9,1.28155875164589,1,1,7,4.43540511656862
"08","unit_106","market_106",10,1.15756998969842,1,1,7,4.32521664602814
"08","unit_106","market_106",11,1.28769828336162,1,1,7,4.53589457726758
"08","unit_106","market_106",12,1.25545025523413,1,1,7,4.61690843331413
"08","unit_107","market_107",1,0.713207246333599,0,0,,2.73058035323777
"08","unit_107","market_107",2,0.803928617637872,0,0,,2.7543515736768
"08","unit_107","market_107",3,0.845588483255879,0,0,,2.79425041522728
"08","unit_107","market_107",4,1.00867377330458,0,0,,2.81162210512449
"08","unit_107","market_107",5,0.827954501401745,0,0,,2.71021489798872
"08","unit_107","market_107",6,0.967724632714481,0,0,,2.95179762548239
"08","unit_107","market_107",7,0.820798717829567,0,0,,3.07962054979913
"08","unit_107","market_107",8,1.06336161644751,0,0,,2.96832686028263
"08","unit_107","market_107",9,0.772973734400834,0,0,,2.94051589587613
"08","unit_107","market_107",10,1.10992616904192,0,0,,2.99291485121714
"08","unit_107","market_107",11,1.26361223171469,0,0,,3.00683984228963
"08","unit_107","market_107",12,1.2033802980487,0,0,,3.14566003376386
"08","unit_108","market_108",1,0.668251400049621,0,1,7,2.98766821303963
"08","unit_108","market_108",2,0.826960339014724,0,1,7,2.87153403895686
"08","unit_108","market_108",3,0.532464105128848,0,1,7,2.9453477654446
"08","unit_108","market_108",4,0.834551902938979,0,1,7,3.14976564568537
"08","unit_108","market_108",5,1.12192260961575,0,1,7,3.07425192153898
"08","unit_108","market_108",6,0.995586780447251,0,1,7,3.22404981990754
"08","unit_108","market_108",7,1.27417178544785,1,1,7,3.98972546440273
"08","unit_108","market_108",8,1.11097074463214,1,1,7,3.91340677884101
"08","unit_108","market_108",9,1.20885968726321,1,1,7,4.01550903925094
"08","unit_108","market_108",10,1.35644296232352,1,1,7,3.98761800691113
"08","unit_108","market_108",11,1.24631738455432,1,1,7,4.20503001430563
"08","unit_108","market_108",12,1.55810613493296,1,1,7,3.97497171846881
"08","unit_109","market_109",1,0.91657631021194,0,1,7,3.28754383424437
"08","unit_109","market_109",2,1.05226005107035,0,1,7,3.3829330917011
"08","unit_109","market_109",3,1.04319958815712,0,1,7,3.26556535394264
"08","unit_109","market_109",4,1.19381976139794,0,1,7,3.32370317052316
"08","unit_109","market_109",5,0.95107750396009,0,1,7,3.4148840870598
"08","unit_109","market_109",6,0.958234002155158,0,1,7,3.50246671996586
"08","unit_109","market_109",7,1.47610474942031,1,1,7,4.27394116460681
"08","unit_109","market_109",8,1.45860757536163,1,1,7,4.17041430647905
"08","unit_109","market_109",9,1.52854175423972,1,1,7,4.40079359079523
"08","unit_109","market_109",10,1.47898885523054,1,1,7,4.48665852191738
"08","unit_109","market_109",11,1.42150982019446,1,1,7,4.40823571995888
"08","unit_109","market_109",12,1.61727175256376,1,1,7,4.49981964390794
"08","unit_110","market_110",1,0.274477806135251,0,0,,3.17288217799431
"08","unit_110","market_110",2,0.241224377976163,0,0,,3.20977653131345
"08","unit_110","market_110",3,0.348839167499125,0,0,,3.34005476065954
"08","unit_110","market_110",4,0.211444779453219,0,0,,3.29823919344696
"08","unit_110","market_110",5,0.234162525956004,0,0,,3.29979332195138
"08","unit_110","market_110",6,0.242987343575482,0,0,,3.46975717349098
"08","unit_110","market_110",7,0.373467966233615,0,0,,3.58759021631122
"08","unit_110","market_110",8,0.290392902423756,0,0,,3.43900797700311
"08","unit_110","market_110",9,0.315502457990561,0,0,,3.55142879723648
"08","unit_110","market_110",10,0.291360563223417,0,0,,3.72492220951093
"08","unit_110","market_110",11,0.304903779792343,0,0,,3.54558552693281
"08","unit_110","market_110",12,0.59102690785391,0,0,,3.75726474423886
"08","unit_111","market_111",1,1.17456860816878,0,0,,2.76241278065122
"08","unit_111","market_111",2,1.22265430937781,0,0,,2.73115720903083
"08","unit_111","market_111",3,1.28630991342258,0,0,,2.84809981317867
"08","unit_111","market_111",4,1.01392990705191,0,0,,3.04449218856146
"08","unit_111","market_111",5,1.2809184258457,0,0,,2.97883834829542
"08","unit_111","market_111",6,0.951001645905912,0,0,,2.96434080049476
"08","unit_111","market_111",7,1.33849350617919,0,0,,3.15352323157481
"08","unit_111","market_111",8,1.166418575329,0,0,,2.97076770189284
"08","unit_111","market_111",9,1.13722076156791,0,0,,3.22138251847251
"08","unit_111","market_111",10,1.3043347158965,0,0,,3.16421728929769
"08","unit_111","market_111",11,1.29311386494981,0,0,,3.23213289963727
"08","unit_111","market_111",12,1.39559072181102,0,0,,3.3275209387707
"08","unit_112","market_112",1,-0.12643742830568,0,0,,3.50379519971636
"08","unit_112","market_112",2,0.046995099263162,0,0,,3.50023638170136
"08","unit_112","market_112",3,0.13608691439216,0,0,,3.64304707105934
"08","unit_112","market_112",4,0.254584140647159,0,0,,3.56980600013968
"08","unit_112","market_112",5,0.031791847815053,0,0,,3.62886368784198
"08","unit_112","market_112",6,0.146976810787051,0,0,,3.86845604346075
"08","unit_112","market_112",7,0.0948476208210532,0,0,,3.80228100086064
"08","unit_112","market_112",8,0.0348890925156697,0,0,,3.67935182938547
"08","unit_112","market_112",9,0.088769403576023,0,0,,4.08522038317014
"08","unit_112","market_112",10,0.594275934770643,0,0,,4.02532722089982
"08","unit_112","market_112",11,0.25578872664376,0,0,,3.92597925696229
"08","unit_112","market_112",12,0.419947259655524,0,0,,4.13060913090523
"08","unit_113","market_113",1,1.39283991669819,0,1,7,3.65095763437895
"08","unit_113","market_113",2,1.33742555142713,0,1,7,3.63774428049705
"08","unit_113","market_113",3,1.41008509188723,0,1,7,3.82577657615702
"08","unit_113","market_113",4,1.35844929826204,0,1,7,3.73342739589749
"08","unit_113","market_113",5,1.51668278835302,0,1,7,3.80876869513315
"08","unit_113","market_113",6,1.67167162058055,0,1,7,3.75077556047322
"08","unit_113","market_113",7,1.97727900387795,1,1,7,4.84383225901976
"08","unit_113","market_113",8,1.69516424709123,1,1,7,4.66840068110753
"08","unit_113","market_113",9,1.73616451804894,1,1,7,4.743064016306
"08","unit_113","market_113",10,1.90024699466801,1,1,7,5.00396478117892
"08","unit_113","market_113",11,1.85778077816551,1,1,7,4.80624732139803
"08","unit_113","market_113",12,2.15210992515636,1,1,7,4.86425683866629
"08","unit_114","market_114",1,-0.176012509346407,0,1,7,2.64944795742149
"08","unit_114","market_114",2,-0.00931589825108858,0,1,7,2.87185971704917
"08","unit_114","market_114",3,0.444174567791374,0,1,7,2.82674456413882
"08","unit_114","market_114",4,0.305412216368956,0,1,7,2.98311147968461
"08","unit_114","market_114",5,0.332279856255974,0,1,7,3.01289945824705
"08","unit_114","market_114",6,0.242047758662835,0,1,7,2.88308147213391
"08","unit_114","market_114",7,0.247175695716168,1,1,7,3.66666433296316
"08","unit_114","market_114",8,0.603719021536873,1,1,7,3.67739082449332
"08","unit_114","market_114",9,0.606259909662317,1,1,7,3.80855936722486
"08","unit_114","market_114",10,1.01531159396901,1,1,7,4.10773499683332
"08","unit_114","market_114",11,0.747182430806295,1,1,7,3.88219562301525
"08","unit_114","market_114",12,0.723435969480074,1,1,7,4.00574338923876
"08","unit_115","market_115",1,0.0147334955418733,0,1,7,2.53998927057252
"08","unit_115","market_115",2,0.102333312402836,0,1,7,2.73185696190456
"08","unit_115","market_115",3,0.0409728195015927,0,1,7,2.72160003597141
"08","unit_115","market_115",4,0.109159360748991,0,1,7,2.85857212861606
"08","unit_115","market_115",5,0.077910566178118,0,1,7,2.90975004966896
"08","unit_115","market_115",6,-0.124659869266503,0,1,7,2.84495505992334
"08","unit_115","market_115",7,0.374980119861087,1,1,7,3.73829221642033
"08","unit_115","market_115",8,0.447197879998293,1,1,7,3.79414661845958
"08","unit_115","market_115",9,0.572688868408847,1,1,7,3.67089918584732
"08","unit_115","market_115",10,0.771233936837253,1,1,7,3.76898088639367
"08","unit_115","market_115",11,0.626451365097236,1,1,7,3.78300784056982
"08","unit_115","market_115",12,0.877521766771947,1,1,7,3.89724437436529
"08","unit_116","market_116",1,0.375105770623862,0,0,,2.72876290830405
"08","unit_116","market_116",2,0.434247887545753,0,0,,2.68954085463331
"08","unit_116","market_116",3,0.298376464081802,0,0,,2.75119240800508
"08","unit_116","market_116",4,0.437511492971597,0,0,,2.64385446160474
"08","unit_116","market_116",5,0.48394399172918,0,0,,2.78124298928914
"08","unit_116","market_116",6,0.435277632600852,0,0,,2.98716063454916
"08","unit_116","market_116",7,0.548639427265304,0,0,,2.97772988196621
"08","unit_116","market_116",8,0.57430980154942,0,0,,3.00042721972982
"08","unit_116","market_116",9,0.46934619058329,0,0,,2.74722898009275
"08","unit_116","market_116",10,0.634291370770985,0,0,,3.06953925054782
"08","unit_116","market_116",11,0.902264289988444,0,0,,3.16963874441997
"08","unit_116","market_116",12,0.85629884585957,0,0,,3.16690109704284
"08","unit_117","market_117",1,1.05098278000464,0,0,,3.33691623427278
"08","unit_117","market_117",2,0.922788337668743,0,0,,3.23067075029888
"08","unit_117","market_117",3,0.720793118475421,0,0,,3.39318752549433
"08","unit_117","market_117",4,1.00315038618704,0,0,,3.20242853757985
"08","unit_117","market_117",5,1.02452934602626,0,0,,3.45951557233588
"08","unit_117","market_117",6,0.903783935881795,0,0,,3.30894290613688
"08","unit_117","market_117",7,0.938314622031525,0,0,,3.29922192652655
"08","unit_117","market_117",8,0.918330498147148,0,0,,3.57671868971209
"08","unit_117","market_117",9,1.12161635156922,0,0,,3.44621473302223
"08","unit_117","market_117",10,1.16917301422662,0,0,,3.55414009310635
"08","unit_117","market_117",11,1.06942299151503,0,0,,3.63091881680037
"08","unit_117","market_117",12,1.30064559301796,0,0,,3.76889492236428
"08","unit_118","market_118",1,0.569673396772037,0,1,7,2.773916738148
"08","unit_118","market_118",2,0.987238915231882,0,1,7,2.78011756484035
"08","unit_118","market_118",3,1.05027301345528,0,1,7,2.74478637921009
"08","unit_118","market_118",4,1.1080043511051,0,1,7,3.1147622846146
"08","unit_118","market_118",5,1.0272639808719,0,1,7,2.88181558006339
"08","unit_118","market_118",6,0.825225827435001,0,1,7,3.03959487967284
"08","unit_118","market_118",7,1.41368563459665,1,1,7,3.60090463859417
"08","unit_118","market_118",8,1.27428767074425,1,1,7,3.73981574985696
"08","unit_118","market_118",9,1.39539268845306,1,1,7,4.00343430632445
"08","unit_118","market_118",10,1.52710968488004,1,1,7,3.81674292283706
"08","unit_118","market_118",11,1.38856999803947,1,1,7,4.12575643820023
"08","unit_118","market_118",12,1.52614914475447,1,1,7,4.13106870843579
"08","unit_119","market_119",1,0.894832478424015,0,0,,2.95145823697981
"08","unit_119","market_119",2,0.865142627353185,0,0,,2.90656473812722
"08","unit_119","market_119",3,1.15243542829522,0,0,,3.05522279776562
"08","unit_119","market_119",4,1.22646223828182,0,0,,2.99849502353644
"08","unit_119","market_119",5,1.05478678965857,0,0,,3.02623687251672
"08","unit_119","market_119",6,1.13532206563427,0,0,,3.01601122226712
"08","unit_119","market_119",7,1.27832958256114,0,0,,3.09927373368772
"08","unit_119","market_119",8,1.33225009937509,0,0,,3.24946655197085
"08","unit_119","market_119",9,1.2152957388386,0,0,,3.24129038751866
"08","unit_119","market_119",10,1.12683272348206,0,0,,3.14663808564149
"08","unit_119","market_119",11,1.35014194934303,0,0,,3.35570980045895
"08","unit_119","market_119",12,1.51381055888802,0,0,,3.56500657147291
"08","unit_120","market_120",1,0.0216742141025753,0,1,7,2.46291130976451
"08","unit_120","market_120",2,0.220449745901384,0,1,7,2.28436474191507
"08","unit_120","market_120",3,0.236147218594737,0,1,7,2.45830533737244
"08","unit_120","market_120",4,0.203874959851213,0,1,7,2.62751802330465
"08","unit_120","market_120",5,0.409261576400896,0,1,7,2.51700635750783
"08","unit_120","market_120",6,0.110664255161346,0,1,7,2.53542684004434
"08","unit_120","market_120",7,0.815023730992339,1,1,7,3.33971416482519
"08","unit_120","market_120",8,0.760670290976807,1,1,7,3.52228548695999
"08","unit_120","market_120",9,0.545051378006084,1,1,7,3.36364663597708
"08","unit_120","market_120",10,0.678526370941983,1,1,7,3.49957519172242
"08","unit_120","market_120",11,0.86414407204996,1,1,7,3.58351273657611
"08","unit_120","market_120",12,0.893265234603557,1,1,7,3.64480661210471
