"case_id","unit_id","market_id","period","outcome","treated","ever_treated","adoption_period","urban"
"07","unit_001","market_001",1,0.256139594864717,0,0,,1
"07","unit_001","market_001",2,0.134646713852327,0,0,,1
"07","unit_001","market_001",3,0.359384705614417,0,0,,1
"07","unit_001","market_001",4,0.528139080639458,0,0,,1
"07","unit_001","market_001",5,0.468606756046517,0,0,,1
"07","unit_001","market_001",6,0.339918449188549,0,0,,1
"07","unit_001","market_001",7,0.538103208224476,0,0,,1
"07","unit_001","market_001",8,0.567757578522848,0,0,,1
"07","unit_001","market_001",9,0.555341222381575,0,0,,1
"07","unit_001","market_001",10,0.595096039404543,0,0,,1
"07","unit_001","market_001",11,0.70972820765624,0,0,,1
"07","unit_001","market_001",12,0.855756789357948,0,0,,1
"07","unit_002","market_002",1,0.365956633833415,0,0,,1
"07","unit_002","market_002",2,0.432196216815016,0,0,,1
"07","unit_002","market_002",3,0.346928582540142,0,0,,1
"07","unit_002","market_002",4,0.312394605910187,0,0,,1
"07","unit_002","market_002",5,0.346325837739421,0,0,,1
"07","unit_002","market_002",6,0.404272025908345,0,0,,1
"07","unit_002","market_002",7,0.545169376458368,0,0,,1
"07","unit_002","market_002",8,0.481213322477384,0,0,,1
"07","unit_002","market_002",9,0.590322284316394,0,0,,1
"07","unit_002","market_002",10,0.701010044872509,0,0,,1
"07","unit_002","market_002",11,0.635859795452436,0,0,,1
"07","unit_002","market_002",12,0.852932963294922,0,0,,1
"07","unit_003","market_003",1,0.207597223026761,0,1,7,1
"07","unit_003","market_003",2,0.351529207982145,0,1,7,1
"07","unit_003","market_003",3,0.299559361147698,0,1,7,1
"07","unit_003","market_003",4,0.480100566002428,0,1,7,1
"07","unit_003","market_003",5,0.26573647833289,0,1,7,1
"07","unit_003","market_003",6,0.402928767904683,0,1,7,1
"07","unit_003","market_003",7,0.821029655493034,1,1,7,1
"07","unit_003","market_003",8,0.994758143486574,1,1,7,1
"07","unit_003","market_003",9,0.910819525911894,1,1,7,1
"07","unit_003","market_003",10,1.08821256437923,1,1,7,1
"07","unit_003","market_003",11,1.10815039962988,1,1,7,1
"07","unit_003","market_003",12,1.26973704747735,1,1,7,1
"07","unit_004","market_004",1,0.340025433653026,0,0,,1
"07","unit_004","market_004",2,0.559482189284813,0,0,,1
"07","unit_004","market_004",3,0.534294928436141,0,0,,1
"07","unit_004","market_004",4,0.549119195406013,0,0,,1
"07","unit_004","market_004",5,0.729405913558807,0,0,,1
"07","unit_004","market_004",6,0.682878506058155,0,0,,1
"07","unit_004","market_004",7,0.624648169622333,0,0,,1
"07","unit_004","market_004",8,0.696554262829919,0,0,,1
"07","unit_004","market_004",9,0.812344202949372,0,0,,1
"07","unit_004","market_004",10,1.00144694047349,0,0,,1
"07","unit_004","market_004",11,0.966261817180919,0,0,,1
"07","unit_004","market_004",12,1.32705537757253,0,0,,1
"07","unit_005","market_005",1,0.575889883847058,0,1,7,1
"07","unit_005","market_005",2,0.93848867364531,0,1,7,1
"07","unit_005","market_005",3,1.15413764533509,0,1,7,1
"07","unit_005","market_005",4,0.826049235286528,0,1,7,1
"07","unit_005","market_005",5,0.962883699737064,0,1,7,1
"07","unit_005","market_005",6,1.14225934735036,0,1,7,1
"07","unit_005","market_005",7,1.32869587184602,1,1,7,1
"07","unit_005","market_005",8,1.5418358760394,1,1,7,1
"07","unit_005","market_005",9,1.52865692210514,1,1,7,1
"07","unit_005","market_005",10,1.75627323760292,1,1,7,1
"07","unit_005","market_005",11,1.69428613393194,1,1,7,1
"07","unit_005","market_005",12,1.78229960432391,1,1,7,1
"07","unit_006","market_006",1,-0.402870339220019,0,1,7,1
"07","unit_006","market_006",2,-0.250495107027066,0,1,7,1
"07","unit_006","market_006",3,-0.143272822602265,0,1,7,1
"07","unit_006","market_006",4,-0.145831869101276,0,1,7,1
"07","unit_006","market_006",5,-0.122387139321472,0,1,7,1
"07","unit_006","market_006",6,-0.0611207408284417,0,1,7,1
"07","unit_006","market_006",7,0.441821637669807,1,1,7,1
"07","unit_006","market_006",8,0.337091236971856,1,1,7,1
"07","unit_006","market_006",9,0.319889257317215,1,1,7,1
"07","unit_006","market_006",10,0.324281295510907,1,1,7,1
"07","unit_006","market_006",11,0.363990618237087,1,1,7,1
"07","unit_006","market_006",12,0.723340293525818,1,1,7,1
"07","unit_007","market_007",1,0.366848712416239,0,0,,1
"07","unit_007","market_007",2,0.397966213539132,0,0,,1
"07","unit_007","market_007",3,0.579868409516347,0,0,,1
"07","unit_007","market_007",4,0.709639940635466,0,0,,1
"07","unit_007","market_007",5,0.58798791926046,0,0,,1
"07","unit_007","market_007",6,0.507199081508657,0,0,,1
"07","unit_007","market_007",7,0.676150561020755,0,0,,1
"07","unit_007","market_007",8,0.668098379558269,0,0,,1
"07","unit_007","market_007",9,0.64336272637808,0,0,,1
"07","unit_007","market_007",10,0.836815713764588,0,0,,1
"07","unit_007","market_007",11,1.21099857909483,0,0,,1
"07","unit_007","market_007",12,0.978555664275129,0,0,,1
"07","unit_008","market_008",1,0.0380264180813453,0,0,,0
"07","unit_008","market_008",2,0.185463643857411,0,0,,0
"07","unit_008","market_008",3,0.0583188819197789,0,0,,0
"07","unit_008","market_008",4,0.14211758374198,0,0,,0
"07","unit_008","market_008",5,0.34633421138253,0,0,,0
"07","unit_008","market_008",6,0.164995654323432,0,0,,0
"07","unit_008","market_008",7,0.225218928946929,0,0,,0
"07","unit_008","market_008",8,0.364541264292289,0,0,,0
"07","unit_008","market_008",9,0.315207650432894,0,0,,0
"07","unit_008","market_008",10,0.472775764001265,0,0,,0
"07","unit_008","market_008",11,0.260747316910793,0,0,,0
"07","unit_008","market_008",12,0.205856986547002,0,0,,0
"07","unit_009","market_009",1,-0.167176073870693,0,1,7,0
"07","unit_009","market_009",2,-0.066021490952931,0,1,7,0
"07","unit_009","market_009",3,0.0706264294764893,0,1,7,0
"07","unit_009","market_009",4,0.0558254205669318,0,1,7,0
"07","unit_009","market_009",5,-0.0809967845533395,0,1,7,0
"07","unit_009","market_009",6,-0.0532518338866138,0,1,7,0
"07","unit_009","market_009",7,0.053109867727871,1,1,7,0
"07","unit_009","market_009",8,0.0449426214776408,1,1,7,0
"07","unit_009","market_009",9,0.033285925457325,1,1,7,0
"07","unit_009","market_009",10,0.346018197159294,1,1,7,0
"07","unit_009","market_009",11,0.328267305482706,1,1,7,0
"07","unit_009","market_009",12,0.524609715634727,1,1,7,0
"07","unit_010","market_010",1,0.0831637723510093,0,1,7,1
"07","unit_010","market_010",2,0.280743230395091,0,1,7,1
"07","unit_010","market_010",3,0.399396131283903,0,1,7,1
"07","unit_010","market_010",4,0.368922541212978,0,1,7,1
"07","unit_010","market_010",5,0.363218646943957,0,1,7,1
"07","unit_010","market_010",6,0.0668101537641424,0,1,7,1
"07","unit_010","market_010",7,0.758692446746345,1,1,7,1
"07","unit_010","market_010",8,0.831874052930933,1,1,7,1
"07","unit_010","market_010",9,0.700832758687815,1,1,7,1
"07","unit_010","market_010",10,1.04792505769848,1,1,7,1
"07","unit_010","market_010",11,1.02216355582112,1,1,7,1
"07","unit_010","market_010",12,1.16083215749977,1,1,7,1
"07","unit_011","market_011",1,-0.542534776929461,0,1,7,0
"07","unit_011","market_011",2,-0.480146090214575,0,1,7,0
"07","unit_011","market_011",3,-0.513674206942504,0,1,7,0
"07","unit_011","market_011",4,-0.543617411187953,0,1,7,0
"07","unit_011","market_011",5,-0.333489001932064,0,1,7,0
"07","unit_011","market_011",6,-0.467822345592589,0,1,7,0
"07","unit_011","market_011",7,-0.343079840513491,1,1,7,0
"07","unit_011","market_011",8,-0.222513396634104,1,1,7,0
"07","unit_011","market_011",9,-0.434431403697785,1,1,7,0
"07","unit_011","market_011",10,-0.302769377923802,1,1,7,0
"07","unit_011","market_011",11,0.0415486554833206,1,1,7,0
"07","unit_011","market_011",12,0.0627304114454692,1,1,7,0
"07","unit_012","market_012",1,-0.056703567351795,0,0,,0
"07","unit_012","market_012",2,0.222517074014006,0,0,,0
"07","unit_012","market_012",3,-0.0173909778772448,0,0,,0
"07","unit_012","market_012",4,0.305119114131763,0,0,,0
"07","unit_012","market_012",5,0.0389316979650798,0,0,,0
"07","unit_012","market_012",6,0.077769689890443,0,0,,0
"07","unit_012","market_012",7,0.114007653284485,0,0,,0
"07","unit_012","market_012",8,0.149098855149349,0,0,,0
"07","unit_012","market_012",9,0.165161584252347,0,0,,0
"07","unit_012","market_012",10,0.366568188030254,0,0,,0
"07","unit_012","market_012",11,0.191620433314351,0,0,,0
"07","unit_012","market_012",12,0.444162675728643,0,0,,0
"07","unit_013","market_013",1,0.224093871853015,0,0,,0
"07","unit_013","market_013",2,0.353360147273793,0,0,,0
"07","unit_013","market_013",3,0.487593778185235,0,0,,0
"07","unit_013","market_013",4,0.333675691383316,0,0,,0
"07","unit_013","market_013",5,0.451951767487079,0,0,,0
"07","unit_013","market_013",6,0.370125522719468,0,0,,0
"07","unit_013","market_013",7,0.541021209320057,0,0,,0
"07","unit_013","market_013",8,0.504078884919956,0,0,,0
"07","unit_013","market_013",9,0.561630942775807,0,0,,0
"07","unit_013","market_013",10,0.551400549478508,0,0,,0
"07","unit_013","market_013",11,0.692390640216705,0,0,,0
"07","unit_013","market_013",12,0.62645740022784,0,0,,0
"07","unit_014","market_014",1,0.118419287224804,0,1,7,1
"07","unit_014","market_014",2,0.0592433823320307,0,1,7,1
"07","unit_014","market_014",3,-0.0288219121619368,0,1,7,1
"07","unit_014","market_014",4,0.275326993122091,0,1,7,1
"07","unit_014","market_014",5,0.482050110459846,0,1,7,1
"07","unit_014","market_014",6,0.236637571866423,0,1,7,1
"07","unit_014","market_014",7,0.570334810706071,1,1,7,1
"07","unit_014","market_014",8,0.751226252298975,1,1,7,1
"07","unit_014","market_014",9,0.666662773209654,1,1,7,1
"07","unit_014","market_014",10,0.707122496417811,1,1,7,1
"07","unit_014","market_014",11,1.0310144852421,1,1,7,1
"07","unit_014","market_014",12,1.01838726994987,1,1,7,1
"07","unit_015","market_015",1,0.430535238475542,0,0,,0
"07","unit_015","market_015",2,0.315456384064093,0,0,,0
"07","unit_015","market_015",3,0.624369810890371,0,0,,0
"07","unit_015","market_015",4,0.71067475808026,0,0,,0
"07","unit_015","market_015",5,0.614638399425156,0,0,,0
"07","unit_015","market_015",6,0.62376150128863,0,0,,0
"07","unit_015","market_015",7,0.532469512792841,0,0,,0
"07","unit_015","market_015",8,0.558183727479079,0,0,,0
"07","unit_015","market_015",9,0.76822428380608,0,0,,0
"07","unit_015","market_015",10,0.592072913417601,0,0,,0
"07","unit_015","market_015",11,0.852406965213581,0,0,,0
"07","unit_015","market_015",12,0.893707670709877,0,0,,0
"07","unit_016","market_016",1,-0.239116400241254,0,0,,0
"07","unit_016","market_016",2,-0.117852651311672,0,0,,0
"07","unit_016","market_016",3,-0.19808933491718,0,0,,0
"07","unit_016","market_016",4,-0.205210522157304,0,0,,0
"07","unit_016","market_016",5,0.0123233037693711,0,0,,0
"07","unit_016","market_016",6,-0.150778291199073,0,0,,0
"07","unit_016","market_016",7,-0.0264167356541097,0,0,,0
"07","unit_016","market_016",8,-0.163637346926048,0,0,,0
"07","unit_016","market_016",9,-0.0270582891405228,0,0,,0
"07","unit_016","market_016",10,0.233339961409294,0,0,,0
"07","unit_016","market_016",11,0.0474469632927205,0,0,,0
"07","unit_016","market_016",12,0.23504652715118,0,0,,0
"07","unit_017","market_017",1,-0.553750449416032,0,1,7,1
"07","unit_017","market_017",2,-0.503144686229577,0,1,7,1
"07","unit_017","market_017",3,-0.510663785798357,0,1,7,1
"07","unit_017","market_017",4,-0.288599757073049,0,1,7,1
"07","unit_017","market_017",5,-0.289887453246795,0,1,7,1
"07","unit_017","market_017",6,-0.264988832159408,0,1,7,1
"07","unit_017","market_017",7,-0.0486314048340414,1,1,7,1
"07","unit_017","market_017",8,0.101133134663936,1,1,7,1
"07","unit_017","market_017",9,0.00356663290245007,1,1,7,1
"07","unit_017","market_017",10,0.309979223768629,1,1,7,1
"07","unit_017","market_017",11,0.293816922139892,1,1,7,1
"07","unit_017","market_017",12,0.351584663619328,1,1,7,1
"07","unit_018","market_018",1,-0.206550347481382,0,1,7,0
"07","unit_018","market_018",2,0.195644586685503,0,1,7,0
"07","unit_018","market_018",3,0.0816719980775587,0,1,7,0
"07","unit_018","market_018",4,0.178815667633994,0,1,7,0
"07","unit_018","market_018",5,0.213129191610064,0,1,7,0
"07","unit_018","market_018",6,0.145894718030246,0,1,7,0
"07","unit_018","market_018",7,0.32254317792376,1,1,7,0
"07","unit_018","market_018",8,0.364305528661024,1,1,7,0
"07","unit_018","market_018",9,0.319498324373945,1,1,7,0
"07","unit_018","market_018",10,0.39144291222618,1,1,7,0
"07","unit_018","market_018",11,0.445333221394271,1,1,7,0
"07","unit_018","market_018",12,0.435848225679088,1,1,7,0
"07","unit_019","market_019",1,-0.15908749693346,0,1,7,1
"07","unit_019","market_019",2,-0.157323375514934,0,1,7,1
"07","unit_019","market_019",3,-0.098477599553716,0,1,7,1
"07","unit_019","market_019",4,-0.153114347210195,0,1,7,1
"07","unit_019","market_019",5,-0.121656271736091,0,1,7,1
"07","unit_019","market_019",6,-0.17999427001172,0,1,7,1
"07","unit_019","market_019",7,0.220805899075433,1,1,7,1
"07","unit_019","market_019",8,0.439939673262614,1,1,7,1
"07","unit_019","market_019",9,0.386345143637728,1,1,7,1
"07","unit_019","market_019",10,0.493161703157042,1,1,7,1
"07","unit_019","market_019",11,0.509630095488095,1,1,7,1
"07","unit_019","market_019",12,0.649733207296191,1,1,7,1
"07","unit_020","market_020",1,-0.233031884638501,0,1,7,1
"07","unit_020","market_020",2,0.107033933935892,0,1,7,1
"07","unit_020","market_020",3,0.0597101491327926,0,1,7,1
"07","unit_020","market_020",4,0.190396486141045,0,1,7,1
"07","unit_020","market_020",5,0.0736017880703669,0,1,7,1
"07","unit_020","market_020",6,0.199619932109173,0,1,7,1
"07","unit_020","market_020",7,0.685738400267343,1,1,7,1
"07","unit_020","market_020",8,0.668475946259417,1,1,7,1
"07","unit_020","market_020",9,0.673967456444717,1,1,7,1
"07","unit_020","market_020",10,0.752910147869682,1,1,7,1
"07","unit_020","market_020",11,0.771972886574791,1,1,7,1
"07","unit_020","market_020",12,1.04453500910763,1,1,7,1
"07","unit_021","market_021",1,-0.68069430118942,0,0,,0
"07","unit_021","market_021",2,-0.663790009752323,0,0,,0
"07","unit_021","market_021",3,-0.300233597375314,0,0,,0
"07","unit_021","market_021",4,-0.644012570075529,0,0,,0
"07","unit_021","market_021",5,-0.594968479696821,0,0,,0
"07","unit_021","market_021",6,-0.514265674008806,0,0,,0
"07","unit_021","market_021",7,-0.541475690641614,0,0,,0
"07","unit_021","market_021",8,-0.525697760945373,0,0,,0
"07","unit_021","market_021",9,-0.572172592995372,0,0,,0
"07","unit_021","market_021",10,-0.374008231551286,0,0,,0
"07","unit_021","market_021",11,-0.386661508029777,0,0,,0
"07","unit_021","market_021",12,-0.529464874129899,0,0,,0
"07","unit_022","market_022",1,-0.0247471023378141,0,0,,0
"07","unit_022","market_022",2,0.200014936177959,0,0,,0
"07","unit_022","market_022",3,-0.0541331123583449,0,0,,0
"07","unit_022","market_022",4,0.157244889017449,0,0,,0
"07","unit_022","market_022",5,0.0897966707961275,0,0,,0
"07","unit_022","market_022",6,0.188831962364435,0,0,,0
"07","unit_022","market_022",7,0.030725601935982,0,0,,0
"07","unit_022","market_022",8,0.019353403508676,0,0,,0
"07","unit_022","market_022",9,0.114564292644822,0,0,,0
"07","unit_022","market_022",10,0.216528941431917,0,0,,0
"07","unit_022","market_022",11,0.276060345028224,0,0,,0
"07","unit_022","market_022",12,0.219192360476008,0,0,,0
"07","unit_023","market_023",1,0.277013258699841,0,0,,1
"07","unit_023","market_023",2,0.347447888256264,0,0,,1
"07","unit_023","market_023",3,0.353196992521835,0,0,,1
"07","unit_023","market_023",4,0.518083112162718,0,0,,1
"07","unit_023","market_023",5,0.280840035503002,0,0,,1
"07","unit_023","market_023",6,0.496059959732808,0,0,,1
"07","unit_023","market_023",7,0.584485530273045,0,0,,1
"07","unit_023","market_023",8,0.565913112701538,0,0,,1
"07","unit_023","market_023",9,0.749035785526017,0,0,,1
"07","unit_023","market_023",10,0.79549709036811,0,0,,1
"07","unit_023","market_023",11,0.846123193381819,0,0,,1
"07","unit_023","market_023",12,0.951830997509219,0,0,,1
"07","unit_024","market_024",1,-0.417834928266252,0,1,7,1
"07","unit_024","market_024",2,-0.0871843549848968,0,1,7,1
"07","unit_024","market_024",3,-0.0189982987095052,0,1,7,1
"07","unit_024","market_024",4,-0.0644075399484012,0,1,7,1
"07","unit_024","market_024",5,0.0743439274680628,0,1,7,1
"07","unit_024","market_024",6,-0.0348460030234148,0,1,7,1
"07","unit_024","market_024",7,0.371464755570596,1,1,7,1
"07","unit_024","market_024",8,0.183217884859645,1,1,7,1
"07","unit_024","market_024",9,0.525635228204105,1,1,7,1
"07","unit_024","market_024",10,0.535487021529119,1,1,7,1
"07","unit_024","market_024",11,0.54705003880402,1,1,7,1
"07","unit_024","market_024",12,0.703429111070361,1,1,7,1
"07","unit_025","market_025",1,-0.874758686988798,0,0,,0
"07","unit_025","market_025",2,-1.0076073553208,0,0,,0
"07","unit_025","market_025",3,-0.806149410916994,0,0,,0
"07","unit_025","market_025",4,-0.77477357375461,0,0,,0
"07","unit_025","market_025",5,-0.643881223909992,0,0,,0
"07","unit_025","market_025",6,-0.724832835837525,0,0,,0
"07","unit_025","market_025",7,-0.597505475345792,0,0,,0
"07","unit_025","market_025",8,-0.751356574076142,0,0,,0
"07","unit_025","market_025",9,-0.626293465022861,0,0,,0
"07","unit_025","market_025",10,-0.595443323767884,0,0,,0
"07","unit_025","market_025",11,-0.678133520705899,0,0,,0
"07","unit_025","market_025",12,-0.569415107320419,0,0,,0
"07","unit_026","market_026",1,0.429883589931997,0,1,7,1
"07","unit_026","market_026",2,0.402897085306965,0,1,7,1
"07","unit_026","market_026",3,0.299973962200809,0,1,7,1
"07","unit_026","market_026",4,0.674852034285041,0,1,7,1
"07","unit_026","market_026",5,0.719667641172215,0,1,7,1
"07","unit_026","market_026",6,0.397119794383653,0,1,7,1
"07","unit_026","market_026",7,1.15454886284026,1,1,7,1
"07","unit_026","market_026",8,1.12407559660385,1,1,7,1
"07","unit_026","market_026",9,0.998309400890548,1,1,7,1
"07","unit_026","market_026",10,1.0545882940467,1,1,7,1
"07","unit_026","market_026",11,1.38702081419696,1,1,7,1
"07","unit_026","market_026",12,1.18625390201051,1,1,7,1
"07","unit_027","market_027",1,0.289409067772445,0,1,7,1
"07","unit_027","market_027",2,0.801434920152211,0,1,7,1
"07","unit_027","market_027",3,0.598507247280337,0,1,7,1
"07","unit_027","market_027",4,0.807133187460052,0,1,7,1
"07","unit_027","market_027",5,0.935828268118766,0,1,7,1
"07","unit_027","market_027",6,0.704877007893275,0,1,7,1
"07","unit_027","market_027",7,1.04066274917739,1,1,7,1
"07","unit_027","market_027",8,1.14448987339684,1,1,7,1
"07","unit_027","market_027",9,1.18356344403567,1,1,7,1
"07","unit_027","market_027",10,1.35346349057322,1,1,7,1
"07","unit_027","market_027",11,1.41449777620507,1,1,7,1
"07","unit_027","market_027",12,1.36931033499311,1,1,7,1
"07","unit_028","market_028",1,0.431957401675948,0,1,7,1
"07","unit_028","market_028",2,0.367247559834518,0,1,7,1
"07","unit_028","market_028",3,0.576540813471006,0,1,7,1
"07","unit_028","market_028",4,0.618452933315104,0,1,7,1
"07","unit_028","market_028",5,0.747520139163374,0,1,7,1
"07","unit_028","market_028",6,0.592372807098119,0,1,7,1
"07","unit_028","market_028",7,0.943345741975011,1,1,7,1
"07","unit_028","market_028",8,0.933810977881872,1,1,7,1
"07","unit_028","market_028",9,1.05115684179542,1,1,7,1
"07","unit_028","market_028",10,1.03189957762149,1,1,7,1
"07","unit_028","market_028",11,1.43444922680999,1,1,7,1
"07","unit_028","market_028",12,1.37762797075471,1,1,7,1
"07","unit_029","market_029",1,-0.15212045929887,0,0,,0
"07","unit_029","market_029",2,-0.497862248291563,0,0,,0
"07","unit_029","market_029",3,-0.318072561034464,0,0,,0
"07","unit_029","market_029",4,-0.207416995419099,0,0,,0
"07","unit_029","market_029",5,-0.168686074279977,0,0,,0
"07","unit_029","market_029",6,-0.264195395214248,0,0,,0
"07","unit_029","market_029",7,-0.0431956364246133,0,0,,0
"07","unit_029","market_029",8,-0.240560332567524,0,0,,0
"07","unit_029","market_029",9,-0.0446624032626598,0,0,,0
"07","unit_029","market_029",10,0.0105775143667388,0,0,,0
"07","unit_029","market_029",11,0.0592441675262475,0,0,,0
"07","unit_029","market_029",12,0.0371505946352481,0,0,,0
"07","unit_030","market_030",1,0.060640957738789,0,1,7,1
"07","unit_030","market_030",2,0.031582709218371,0,1,7,1
"07","unit_030","market_030",3,0.264093646921168,0,1,7,1
"07","unit_030","market_030",4,0.153555155215499,0,1,7,1
"07","unit_030","market_030",5,0.121703908069872,0,1,7,1
"07","unit_030","market_030",6,0.077327726520144,0,1,7,1
"07","unit_030","market_030",7,0.737477801171464,1,1,7,1
"07","unit_030","market_030",8,0.456362628060574,1,1,7,1
"07","unit_030","market_030",9,0.610919333744506,1,1,7,1
"07","unit_030","market_030",10,0.755389989056352,1,1,7,1
"07","unit_030","market_030",11,0.85038445526804,1,1,7,1
"07","unit_030","market_030",12,1.00432463094707,1,1,7,1
"07","unit_031","market_031",1,-0.235978289436206,0,1,7,1
"07","unit_031","market_031",2,-0.141239505893634,0,1,7,1
"07","unit_031","market_031",3,-0.261245798951862,0,1,7,1
"07","unit_031","market_031",4,-0.289325687684347,0,1,7,1
"07","unit_031","market_031",5,-0.262069211566994,0,1,7,1
"07","unit_031","market_031",6,-0.138256882932527,0,1,7,1
"07","unit_031","market_031",7,0.0964766261921974,1,1,7,1
"07","unit_031","market_031",8,0.169596401017627,1,1,7,1
"07","unit_031","market_031",9,0.350015552557493,1,1,7,1
"07","unit_031","market_031",10,0.428047843960974,1,1,7,1
"07","unit_031","market_031",11,0.483603234872007,1,1,7,1
"07","unit_031","market_031",12,0.35166551011934,1,1,7,1
"07","unit_032","market_032",1,-0.0124797317969061,0,0,,0
"07","unit_032","market_032",2,-0.04874384425839,0,0,,0
"07","unit_032","market_032",3,0.160518648670616,0,0,,0
"07","unit_032","market_032",4,-0.0953385799500488,0,0,,0
"07","unit_032","market_032",5,-0.0476789187490424,0,0,,0
"07","unit_032","market_032",6,-0.156006625883546,0,0,,0
"07","unit_032","market_032",7,-0.120604816305195,0,0,,0
"07","unit_032","market_032",8,-0.00313425211342402,0,0,,0
"07","unit_032","market_032",9,-0.126230581663415,0,0,,0
"07","unit_032","market_032",10,0.166168556610088,0,0,,0
"07","unit_032","market_032",11,0.172262557703221,0,0,,0
"07","unit_032","market_032",12,0.247126690822986,0,0,,0
"07","unit_033","market_033",1,-0.391964831843929,0,0,,0
"07","unit_033","market_033",2,-0.420133349657742,0,0,,0
"07","unit_033","market_033",3,-0.222310956105557,0,0,,0
"07","unit_033","market_033",4,-0.29513558491207,0,0,,0
"07","unit_033","market_033",5,-0.298602776680509,0,0,,0
"07","unit_033","market_033",6,-0.238614217894122,0,0,,0
"07","unit_033","market_033",7,-0.187739552353098,0,0,,0
"07","unit_033","market_033",8,-0.29058630522265,0,0,,0
"07","unit_033","market_033",9,-0.193825789082252,0,0,,0
"07","unit_033","market_033",10,-0.158950088550781,0,0,,0
"07","unit_033","market_033",11,-0.0842530459088148,0,0,,0
"07","unit_033","market_033",12,-0.00508644197138418,0,0,,0
"07","unit_034","market_034",1,-0.192954461390106,0,0,,0
"07","unit_034","market_034",2,-0.0987458956667688,0,0,,0
"07","unit_034","market_034",3,0.0602315562051097,0,0,,0
"07","unit_034","market_034",4,-0.0106130659392207,0,0,,0
"07","unit_034","market_034",5,0.0350160719886074,0,0,,0
"07","unit_034","market_034",6,-0.0215088680470767,0,0,,0
"07","unit_034","market_034",7,-0.145097216736897,0,0,,0
"07","unit_034","market_034",8,0.0841389164202629,0,0,,0
"07","unit_034","market_034",9,0.0387494643598316,0,0,,0
"07","unit_034","market_034",10,0.0739569751102123,0,0,,0
"07","unit_034","market_034",11,0.246631922108473,0,0,,0
"07","unit_034","market_034",12,0.359907885824432,0,0,,0
"07","unit_035","market_035",1,-0.119493216183878,0,0,,1
"07","unit_035","market_035",2,0.0441949118505535,0,0,,1
"07","unit_035","market_035",3,0.102375956825426,0,0,,1
"07","unit_035","market_035",4,0.22374231420938,0,0,,1
"07","unit_035","market_035",5,0.0337329449698946,0,0,,1
"07","unit_035","market_035",6,0.222361069388621,0,0,,1
"07","unit_035","market_035",7,0.206129020472014,0,0,,1
"07","unit_035","market_035",8,0.0980368216615381,0,0,,1
"07","unit_035","market_035",9,0.368223428879075,0,0,,1
"07","unit_035","market_035",10,0.313885285125728,0,0,,1
"07","unit_035","market_035",11,0.454027848101407,0,0,,1
"07","unit_035","market_035",12,0.401303836533556,0,0,,1
"07","unit_036","market_036",1,-0.00363241931827377,0,0,,1
"07","unit_036","market_036",2,-0.013596969948684,0,0,,1
"07","unit_036","market_036",3,0.123677176022246,0,0,,1
"07","unit_036","market_036",4,0.043149951593165,0,0,,1
"07","unit_036","market_036",5,0.0923643891849967,0,0,,1
"07","unit_036","market_036",6,0.146522402822619,0,0,,1
"07","unit_036","market_036",7,0.327552615356687,0,0,,1
"07","unit_036","market_036",8,0.30625849534041,0,0,,1
"07","unit_036","market_036",9,0.257919735969094,0,0,,1
"07","unit_036","market_036",10,0.476141866630148,0,0,,1
"07","unit_036","market_036",11,0.470598744384134,0,0,,1
"07","unit_036","market_036",12,0.517305123244847,0,0,,1
"07","unit_037","market_037",1,-0.186496586945066,0,0,,1
"07","unit_037","market_037",2,-0.1118732903659,0,0,,1
"07","unit_037","market_037",3,0.127452155994194,0,0,,1
"07","unit_037","market_037",4,0.00392461592491225,0,0,,1
"07","unit_037","market_037",5,0.0585208186004371,0,0,,1
"07","unit_037","market_037",6,0.125641463350517,0,0,,1
"07","unit_037","market_037",7,0.154390819317925,0,0,,1
"07","unit_037","market_037",8,0.0100536133535685,0,0,,1
"07","unit_037","market_037",9,0.33793265001761,0,0,,1
"07","unit_037","market_037",10,0.282604553559223,0,0,,1
"07","unit_037","market_037",11,0.367820446798755,0,0,,1
"07","unit_037","market_037",12,0.561094519247292,0,0,,1
"07","unit_038","market_038",1,-0.160606806717755,0,0,,0
"07","unit_038","market_038",2,-0.180331888795059,0,0,,0
"07","unit_038","market_038",3,-0.114604080144612,0,0,,0
"07","unit_038","market_038",4,-0.090553531897442,0,0,,0
"07","unit_038","market_038",5,-0.172762937653166,0,0,,0
"07","unit_038","market_038",6,-0.0088935794042237,0,0,,0
"07","unit_038","market_038",7,-0.26273431184573,0,0,,0
"07","unit_038","market_038",8,-0.0241753111440193,0,0,,0
"07","unit_038","market_038",9,-0.191958212864284,0,0,,0
"07","unit_038","market_038",10,-0.0659114053124216,0,0,,0
"07","unit_038","market_038",11,0.106841586846911,0,0,,0
"07","unit_038","market_038",12,0.182669993752677,0,0,,0
"07","unit_039","market_039",1,0.49941958530814,0,1,7,0
"07","unit_039","market_039",2,0.343655681618128,0,1,7,0
"07","unit_039","market_039",3,0.564194535488503,0,1,7,0
"07","unit_039","market_039",4,0.40806283985816,0,1,7,0
"07","unit_039","market_039",5,0.437208930363225,0,1,7,0
"07","unit_039","market_039",6,0.56822864142495,0,1,7,0
"07","unit_039","market_039",7,0.687637961749116,1,1,7,0
"07","unit_039","market_039",8,0.886299854020376,1,1,7,0
"07","unit_039","market_039",9,0.767122451950907,1,1,7,0
"07","unit_039","market_039",10,0.821038065956186,1,1,7,0
"07","unit_039","market_039",11,0.775455746669308,1,1,7,0
"07","unit_039","market_039",12,1.02551456408837,1,1,7,0
"07","unit_040","market_040",1,-0.935561198747054,0,1,7,0
"07","unit_040","market_040",2,-0.702124372131627,0,1,7,0
"07","unit_040","market_040",3,-0.749429564036176,0,1,7,0
"07","unit_040","market_040",4,-0.723328900760918,0,1,7,0
"07","unit_040","market_040",5,-0.844420052565977,0,1,7,0
"07","unit_040","market_040",6,-1.0041078989993,0,1,7,0
"07","unit_040","market_040",7,-0.608386579511198,1,1,7,0
"07","unit_040","market_040",8,-0.522963259935449,1,1,7,0
"07","unit_040","market_040",9,-0.627078336353506,1,1,7,0
"07","unit_040","market_040",10,-0.285028115333857,1,1,7,0
"07","unit_040","market_040",11,-0.518272767140672,1,1,7,0
"07","unit_040","market_040",12,-0.486027047549761,1,1,7,0
"07","unit_041","market_041",1,-0.461934541033334,0,0,,0
"07","unit_041","market_041",2,-0.249592546127086,0,0,,0
"07","unit_041","market_041",3,-0.340522142950067,0,0,,0
"07","unit_041","market_041",4,-0.23252647066392,0,0,,0
"07","unit_041","market_041",5,-0.305862608787392,0,0,,0
"07","unit_041","market_041",6,-0.277171979941851,0,0,,0
"07","unit_041","market_041",7,0.00227156176956156,0,0,,0
"07","unit_041","market_041",8,-0.255929002822274,0,0,,0
"07","unit_041","market_041",9,-0.211718782092807,0,0,,0
"07","unit_041","market_041",10,-0.0450309101301659,0,0,,0
"07","unit_041","market_041",11,-0.210239750665135,0,0,,0
"07","unit_041","market_041",12,-0.0647289766127494,0,0,,0
"07","unit_042","market_042",1,0.282513475891568,0,1,7,0
"07","unit_042","market_042",2,0.444023571306698,0,1,7,0
"07","unit_042","market_042",3,0.354762176840443,0,1,7,0
"07","unit_042","market_042",4,0.390550254394777,0,1,7,0
"07","unit_042","market_042",5,0.284024180644365,0,1,7,0
"07","unit_042","market_042",6,0.269118097669116,0,1,7,0
"07","unit_042","market_042",7,0.344926388807699,1,1,7,0
"07","unit_042","market_042",8,0.601835256057467,1,1,7,0
"07","unit_042","market_042",9,0.629971688009386,1,1,7,0
"07","unit_042","market_042",10,0.727152814090855,1,1,7,0
"07","unit_042","market_042",11,0.609491096181603,1,1,7,0
"07","unit_042","market_042",12,0.897522213160699,1,1,7,0
"07","unit_043","market_043",1,0.257358904721413,0,0,,0
"07","unit_043","market_043",2,0.146596158847955,0,0,,0
"07","unit_043","market_043",3,0.253094102014922,0,0,,0
"07","unit_043","market_043",4,0.388571011326668,0,0,,0
"07","unit_043","market_043",5,0.35409116715833,0,0,,0
"07","unit_043","market_043",6,0.469698043609086,0,0,,0
"07","unit_043","market_043",7,0.199072575803748,0,0,,0
"07","unit_043","market_043",8,0.219720107289551,0,0,,0
"07","unit_043","market_043",9,0.36155347896967,0,0,,0
"07","unit_043","market_043",10,0.40576623101065,0,0,,0
"07","unit_043","market_043",11,0.387058150302657,0,0,,0
"07","unit_043","market_043",12,0.540377190570029,0,0,,0
"07","unit_044","market_044",1,-0.48182282101773,0,0,,0
"07","unit_044","market_044",2,-0.40808801934604,0,0,,0
"07","unit_044","market_044",3,-0.291764347444945,0,0,,0
"07","unit_044","market_044",4,-0.299479272730768,0,0,,0
"07","unit_044","market_044",5,-0.137743535107985,0,0,,0
"07","unit_044","market_044",6,-0.194525499370461,0,0,,0
"07","unit_044","market_044",7,-0.189135057803028,0,0,,0
"07","unit_044","market_044",8,-0.179651332307284,0,0,,0
"07","unit_044","market_044",9,-0.184814743991405,0,0,,0
"07","unit_044","market_044",10,-0.183865055398468,0,0,,0
"07","unit_044","market_044",11,0.0441250291546104,0,0,,0
"07","unit_044","market_044",12,0.228514025733998,0,0,,0
"07","unit_045","market_045",1,0.416936294133855,0,0,,1
"07","unit_045","market_045",2,0.424991743592959,0,0,,1
"07","unit_045","market_045",3,0.499897404452319,0,0,,1
"07","unit_045","market_045",4,0.421274344991687,0,0,,1
"07","unit_045","market_045",5,0.649251329750048,0,0,,1
"07","unit_045","market_045",6,0.80373019287509,0,0,,1
"07","unit_045","market_045",7,0.630806706324792,0,0,,1
"07","unit_045","market_045",8,0.837426052833719,0,0,,1
"07","unit_045","market_045",9,0.774880384499671,0,0,,1
"07","unit_045","market_045",10,0.699311405251753,0,0,,1
"07","unit_045","market_045",11,0.844543218799519,0,0,,1
"07","unit_045","market_045",12,0.840631828920861,0,0,,1
"07","unit_046","market_046",1,0.0440524394199572,0,1,7,1
"07","unit_046","market_046",2,0.177347020991827,0,1,7,1
"07","unit_046","market_046",3,0.261810655928065,0,1,7,1
"07","unit_046","market_046",4,0.396905410663101,0,1,7,1
"07","unit_046","market_046",5,0.0978644690912119,0,1,7,1
"07","unit_046","market_046",6,0.194533302998854,0,1,7,1
"07","unit_046","market_046",7,0.642093431680121,1,1,7,1
"07","unit_046","market_046",8,0.74127491314625,1,1,7,1
"07","unit_046","market_046",9,0.823181437963296,1,1,7,1
"07","unit_046","market_046",10,0.932669566248245,1,1,7,1
"07","unit_046","market_046",11,0.931576330258543,1,1,7,1
"07","unit_046","market_046",12,1.04273593323613,1,1,7,1
"07","unit_047","market_047",1,-0.344014160749506,0,1,7,0
"07","unit_047","market_047",2,-0.363943515608086,0,1,7,0
"07","unit_047","market_047",3,-0.0415702382267516,0,1,7,0
"07","unit_047","market_047",4,-0.252330354488063,0,1,7,0
"07","unit_047","market_047",5,-0.251079425925728,0,1,7,0
"07","unit_047","market_047",6,-0.263326217664264,0,1,7,0
"07","unit_047","market_047",7,0.0222778156730355,1,1,7,0
"07","unit_047","market_047",8,0.0165579616204776,1,1,7,0
"07","unit_047","market_047",9,0.12980369042233,1,1,7,0
"07","unit_047","market_047",10,-0.000800367928422807,1,1,7,0
"07","unit_047","market_047",11,0.181619399985815,1,1,7,0
"07","unit_047","market_047",12,0.140129547622903,1,1,7,0
"07","unit_048","market_048",1,0.768999436223848,0,1,7,1
"07","unit_048","market_048",2,0.7335196785237,0,1,7,1
"07","unit_048","market_048",3,0.906867461658412,0,1,7,1
"07","unit_048","market_048",4,1.03366208044304,0,1,7,1
"07","unit_048","market_048",5,0.898388849473857,0,1,7,1
"07","unit_048","market_048",6,1.10735911515864,0,1,7,1
"07","unit_048","market_048",7,1.42432498088578,1,1,7,1
"07","unit_048","market_048",8,1.37688983571435,1,1,7,1
"07","unit_048","market_048",9,1.41915782745736,1,1,7,1
"07","unit_048","market_048",10,1.56319292248982,1,1,7,1
"07","unit_048","market_048",11,1.66128927788224,1,1,7,1
"07","unit_048","market_048",12,1.76190217836536,1,1,7,1
"07","unit_049","market_049",1,0.157334716702601,0,0,,1
"07","unit_049","market_049",2,0.261100462486376,0,0,,1
"07","unit_049","market_049",3,0.489786940956868,0,0,,1
"07","unit_049","market_049",4,0.385613741789483,0,0,,1
"07","unit_049","market_049",5,0.342642146154677,0,0,,1
"07","unit_049","market_049",6,0.433741926368434,0,0,,1
"07","unit_049","market_049",7,0.556846270936854,0,0,,1
"07","unit_049","market_049",8,0.727155828701188,0,0,,1
"07","unit_049","market_049",9,0.334782145476999,0,0,,1
"07","unit_049","market_049",10,0.676111184247291,0,0,,1
"07","unit_049","market_049",11,0.800433875278067,0,0,,1
"07","unit_049","market_049",12,0.68314483923156,0,0,,1
"07","unit_050","market_050",1,0.914546663290848,0,1,7,1
"07","unit_050","market_050",2,0.87876728113432,0,1,7,1
"07","unit_050","market_050",3,1.07731187932351,0,1,7,1
"07","unit_050","market_050",4,1.13823878772884,0,1,7,1
"07","unit_050","market_050",5,0.914392613427342,0,1,7,1
"07","unit_050","market_050",6,1.24051370595886,0,1,7,1
"07","unit_050","market_050",7,1.50095690557284,1,1,7,1
"07","unit_050","market_050",8,1.55851912496586,1,1,7,1
"07","unit_050","market_050",9,1.38776438570084,1,1,7,1
"07","unit_050","market_050",10,1.54210724196214,1,1,7,1
"07","unit_050","market_050",11,1.68986741158772,1,1,7,1
"07","unit_050","market_050",12,1.69341753801254,1,1,7,1
"07","unit_051","market_051",1,-0.166968556673105,0,0,,0
"07","unit_051","market_051",2,-0.058946936242131,0,0,,0
"07","unit_051","market_051",3,0.131019756069153,0,0,,0
"07","unit_051","market_051",4,0.0910591051780146,0,0,,0
"07","unit_051","market_051",5,0.176844105208515,0,0,,0
"07","unit_051","market_051",6,0.0572910353993583,0,0,,0
"07","unit_051","market_051",7,0.0469461420580724,0,0,,0
"07","unit_051","market_051",8,0.153119176100564,0,0,,0
"07","unit_051","market_051",9,0.196488738886904,0,0,,0
"07","unit_051","market_051",10,0.258652608341008,0,0,,0
"07","unit_051","market_051",11,0.221697183493226,0,0,,0
"07","unit_051","market_051",12,0.462200776044371,0,0,,0
"07","unit_052","market_052",1,0.823000409102386,0,1,7,0
"07","unit_052","market_052",2,0.60485620656763,0,1,7,0
"07","unit_052","market_052",3,0.609626324886275,0,1,7,0
"07","unit_052","market_052",4,0.782404065178468,0,1,7,0
"07","unit_052","market_052",5,0.907934762429524,0,1,7,0
"07","unit_052","market_052",6,0.853596628269822,0,1,7,0
"07","unit_052","market_052",7,1.05645351412351,1,1,7,0
"07","unit_052","market_052",8,1.03268366462404,1,1,7,0
"07","unit_052","market_052",9,1.08784128665188,1,1,7,0
"07","unit_052","market_052",10,1.20202301713183,1,1,7,0
"07","unit_052","market_052",11,1.26728971604943,1,1,7,0
"07","unit_052","market_052",12,1.34590280896827,1,1,7,0
"07","unit_053","market_053",1,0.0741176354666775,0,1,7,1
"07","unit_053","market_053",2,0.339582162371024,0,1,7,1
"07","unit_053","market_053",3,0.32975137596874,0,1,7,1
"07","unit_053","market_053",4,0.561885644165597,0,1,7,1
"07","unit_053","market_053",5,0.49872271115419,0,1,7,1
"07","unit_053","market_053",6,0.417155033860324,0,1,7,1
"07","unit_053","market_053",7,1.00752333543899,1,1,7,1
"07","unit_053","market_053",8,0.937986824753397,1,1,7,1
"07","unit_053","market_053",9,1.15839427374903,1,1,7,1
"07","unit_053","market_053",10,0.955921357876205,1,1,7,1
"07","unit_053","market_053",11,1.21011569094592,1,1,7,1
"07","unit_053","market_053",12,1.32144506057065,1,1,7,1
"07","unit_054","market_054",1,0.595189699833347,0,1,7,1
"07","unit_054","market_054",2,0.672692992634792,0,1,7,1
"07","unit_054","market_054",3,0.774194555584345,0,1,7,1
"07","unit_054","market_054",4,0.877227872368001,0,1,7,1
"07","unit_054","market_054",5,0.794060364746682,0,1,7,1
"07","unit_054","market_054",6,0.729642876020666,0,1,7,1
"07","unit_054","market_054",7,1.07494569135368,1,1,7,1
"07","unit_054","market_054",8,1.28774420078564,1,1,7,1
"07","unit_054","market_054",9,1.30629200637452,1,1,7,1
"07","unit_054","market_054",10,1.58258320723563,1,1,7,1
"07","unit_054","market_054",11,1.51979822972586,1,1,7,1
"07","unit_054","market_054",12,1.63583748541532,1,1,7,1
"07","unit_055","market_055",1,-0.16405466159001,0,1,7,1
"07","unit_055","market_055",2,0.0210075620801965,0,1,7,1
"07","unit_055","market_055",3,-0.0460031836973764,0,1,7,1
"07","unit_055","market_055",4,0.0128871956578453,0,1,7,1
"07","unit_055","market_055",5,0.21147124119931,0,1,7,1
"07","unit_055","market_055",6,-0.0421770019508966,0,1,7,1
"07","unit_055","market_055",7,0.545959802460565,1,1,7,1
"07","unit_055","market_055",8,0.635836545467378,1,1,7,1
"07","unit_055","market_055",9,0.569000816907063,1,1,7,1
"07","unit_055","market_055",10,0.489347139256193,1,1,7,1
"07","unit_055","market_055",11,0.640528727512691,1,1,7,1
"07","unit_055","market_055",12,0.744422834397667,1,1,7,1
"07","unit_056","market_056",1,0.0571919940749194,0,1,7,1
"07","unit_056","market_056",2,0.259414170421452,0,1,7,1
"07","unit_056","market_056",3,0.378600066586975,0,1,7,1
"07","unit_056","market_056",4,0.354276705355892,0,1,7,1
"07","unit_056","market_056",5,0.503789442856368,0,1,7,1
"07","unit_056","market_056",6,0.443011104753919,0,1,7,1
"07","unit_056","market_056",7,0.733861661923729,1,1,7,1
"07","unit_056","market_056",8,0.796607457447534,1,1,7,1
"07","unit_056","market_056",9,0.661312418565672,1,1,7,1
"07","unit_056","market_056",10,0.904595779913065,1,1,7,1
"07","unit_056","market_056",11,0.981034291980394,1,1,7,1
"07","unit_056","market_056",12,0.93492804280229,1,1,7,1
"07","unit_057","market_057",1,0.185079576248546,0,0,,0
"07","unit_057","market_057",2,0.298102987186012,0,0,,0
"07","unit_057","market_057",3,0.286482816965081,0,0,,0
"07","unit_057","market_057",4,0.266883549426706,0,0,,0
"07","unit_057","market_057",5,0.224851990218774,0,0,,0
"07","unit_057","market_057",6,0.355298153644145,0,0,,0
"07","unit_057","market_057",7,0.273707699084779,0,0,,0
"07","unit_057","market_057",8,0.0408301156191636,0,0,,0
"07","unit_057","market_057",9,0.404863276339935,0,0,,0
"07","unit_057","market_057",10,0.426686776652002,0,0,,0
"07","unit_057","market_057",11,0.305834302355224,0,0,,0
"07","unit_057","market_057",12,0.495962069015185,0,0,,0
"07","unit_058","market_058",1,-0.209521881770801,0,1,7,1
"07","unit_058","market_058",2,0.0251600760923655,0,1,7,1
"07","unit_058","market_058",3,0.114249526967424,0,1,7,1
"07","unit_058","market_058",4,0.055035752973635,0,1,7,1
"07","unit_058","market_058",5,0.0600272203823398,0,1,7,1
"07","unit_058","market_058",6,0.249939047725044,0,1,7,1
"07","unit_058","market_058",7,0.48152599805447,1,1,7,1
"07","unit_058","market_058",8,0.389307414529511,1,1,7,1
"07","unit_058","market_058",9,0.601513484293709,1,1,7,1
"07","unit_058","market_058",10,0.426737960185063,1,1,7,1
"07","unit_058","market_058",11,0.621478307096931,1,1,7,1
"07","unit_058","market_058",12,0.881991820331856,1,1,7,1
"07","unit_059","market_059",1,-0.0297434978877421,0,0,,1
"07","unit_059","market_059",2,-0.000436882357365564,0,0,,1
"07","unit_059","market_059",3,0.0790666416816286,0,0,,1
"07","unit_059","market_059",4,0.0837389555110412,0,0,,1
"07","unit_059","market_059",5,0.118650248595511,0,0,,1
"07","unit_059","market_059",6,0.441461078912073,0,0,,1
"07","unit_059","market_059",7,0.174674298260735,0,0,,1
"07","unit_059","market_059",8,0.302836889641321,0,0,,1
"07","unit_059","market_059",9,0.715237039398241,0,0,,1
"07","unit_059","market_059",10,0.251155399089964,0,0,,1
"07","unit_059","market_059",11,0.318446310529268,0,0,,1
"07","unit_059","market_059",12,0.498053822833953,0,0,,1
"07","unit_060","market_060",1,-0.776417888773565,0,0,,0
"07","unit_060","market_060",2,-0.686639322714738,0,0,,0
"07","unit_060","market_060",3,-0.485753834715148,0,0,,0
"07","unit_060","market_060",4,-0.59643405964855,0,0,,0
"07","unit_060","market_060",5,-0.555500039413729,0,0,,0
"07","unit_060","market_060",6,-0.576127747240268,0,0,,0
"07","unit_060","market_060",7,-0.629320550629942,0,0,,0
"07","unit_060","market_060",8,-0.709235188893321,0,0,,0
"07","unit_060","market_060",9,-0.395775995898327,0,0,,0
"07","unit_060","market_060",10,-0.655226546285844,0,0,,0
"07","unit_060","market_060",11,-0.315390848453603,0,0,,0
"07","unit_060","market_060",12,-0.368532989147418,0,0,,0
"07","unit_061","market_061",1,-0.247229412282413,0,0,,0
"07","unit_061","market_061",2,-0.295448628324609,0,0,,0
"07","unit_061","market_061",3,-0.068634156053032,0,0,,0
"07","unit_061","market_061",4,-0.0898354705201674,0,0,,0
"07","unit_061","market_061",5,-0.101080203375749,0,0,,0
"07","unit_061","market_061",6,-0.0216089958575311,0,0,,0
"07","unit_061","market_061",7,-0.0204911470672174,0,0,,0
"07","unit_061","market_061",8,-0.270178479901338,0,0,,0
"07","unit_061","market_061",9,-0.023903920009538,0,0,,0
"07","unit_061","market_061",10,0.0813702771075995,0,0,,0
"07","unit_061","market_061",11,0.21147478009347,0,0,,0
"07","unit_061","market_061",12,0.236843509695972,0,0,,0
"07","unit_062","market_062",1,0.133229238526212,0,0,,0
"07","unit_062","market_062",2,0.18819179244286,0,0,,0
"07","unit_062","market_062",3,0.12207957300044,0,0,,0
"07","unit_062","market_062",4,0.230430279455673,0,0,,0
"07","unit_062","market_062",5,-0.043080704864776,0,0,,0
"07","unit_062","market_062",6,0.158498399156107,0,0,,0
"07","unit_062","market_062",7,0.242722865735098,0,0,,0
"07","unit_062","market_062",8,0.306532623417064,0,0,,0
"07","unit_062","market_062",9,0.592017218562634,0,0,,0
"07","unit_062","market_062",10,0.382992248007744,0,0,,0
"07","unit_062","market_062",11,0.242615408866891,0,0,,0
"07","unit_062","market_062",12,0.52789877459593,0,0,,0
"07","unit_063","market_063",1,-0.355111490661687,0,1,7,1
"07","unit_063","market_063",2,-0.125740712351074,0,1,7,1
"07","unit_063","market_063",3,0.022901117949336,0,1,7,1
"07","unit_063","market_063",4,-0.014217789446655,0,1,7,1
"07","unit_063","market_063",5,0.0241413352856948,0,1,7,1
"07","unit_063","market_063",6,0.138750606803757,0,1,7,1
"07","unit_063","market_063",7,0.620516344576385,1,1,7,1
"07","unit_063","market_063",8,0.41057915523311,1,1,7,1
"07","unit_063","market_063",9,0.575508256500208,1,1,7,1
"07","unit_063","market_063",10,0.651135807767071,1,1,7,1
"07","unit_063","market_063",11,0.879639108904801,1,1,7,1
"07","unit_063","market_063",12,0.865744083588843,1,1,7,1
"07","unit_064","market_064",1,-0.17887457756848,0,0,,0
"07","unit_064","market_064",2,-0.372204956050891,0,0,,0
"07","unit_064","market_064",3,-0.452061379140511,0,0,,0
"07","unit_064","market_064",4,-0.453056894219428,0,0,,0
"07","unit_064","market_064",5,-0.292937960527335,0,0,,0
"07","unit_064","market_064",6,-0.342802285929985,0,0,,0
"07","unit_064","market_064",7,-0.331683314292214,0,0,,0
"07","unit_064","market_064",8,-0.334159406717702,0,0,,0
"07","unit_064","market_064",9,-0.348421151661378,0,0,,0
"07","unit_064","market_064",10,-0.304344614706539,0,0,,0
"07","unit_064","market_064",11,-0.0981080727082782,0,0,,0
"07","unit_064","market_064",12,-0.104563011087844,0,0,,0
"07","unit_065","market_065",1,-0.174334645153713,0,0,,0
"07","unit_065","market_065",2,-0.0848388936029758,0,0,,0
"07","unit_065","market_065",3,-0.189335718187748,0,0,,0
"07","unit_065","market_065",4,-0.308595063649746,0,0,,0
"07","unit_065","market_065",5,-0.0754719598920422,0,0,,0
"07","unit_065","market_065",6,0.0981729215731205,0,0,,0
"07","unit_065","market_065",7,-0.268581348516541,0,0,,0
"07","unit_065","market_065",8,0.0566640411130361,0,0,,0
"07","unit_065","market_065",9,-0.00211146524721446,0,0,,0
"07","unit_065","market_065",10,-0.123988788158473,0,0,,0
"07","unit_065","market_065",11,0.217223574752512,0,0,,0
"07","unit_065","market_065",12,0.0267622599054758,0,0,,0
"07","unit_066","market_066",1,-0.149591872516396,0,0,,1
"07","unit_066","market_066",2,0.101005746321235,0,0,,1
"07","unit_066","market_066",3,0.0734301533171071,0,0,,1
"07","unit_066","market_066",4,-0.00843546598266999,0,0,,1
"07","unit_066","market_066",5,0.174384774091005,0,0,,1
"07","unit_066","market_066",6,0.15693449471873,0,0,,1
"07","unit_066","market_066",7,0.363870669920692,0,0,,1
"07","unit_066","market_066",8,0.275051353808803,0,0,,1
"07","unit_066","market_066",9,0.393975518252459,0,0,,1
"07","unit_066","market_066",10,0.326229986182481,0,0,,1
"07","unit_066","market_066",11,0.315939477837156,0,0,,1
"07","unit_066","market_066",12,0.690283179192485,0,0,,1
"07","unit_067","market_067",1,0.28931989681024,0,0,,0
"07","unit_067","market_067",2,0.254314112445861,0,0,,0
"07","unit_067","market_067",3,0.292157221624087,0,0,,0
"07","unit_067","market_067",4,0.362869608753844,0,0,,0
"07","unit_067","market_067",5,0.3807446024489,0,0,,0
"07","unit_067","market_067",6,0.273002809791805,0,0,,0
"07","unit_067","market_067",7,0.513564003893359,0,0,,0
"07","unit_067","market_067",8,0.495801676932876,0,0,,0
"07","unit_067","market_067",9,0.445598163132736,0,0,,0
"07","unit_067","market_067",10,0.488912796612386,0,0,,0
"07","unit_067","market_067",11,0.583159936722703,0,0,,0
"07","unit_067","market_067",12,0.45794383873418,0,0,,0
"07","unit_068","market_068",1,0.286502148502139,0,1,7,0
"07","unit_068","market_068",2,0.401309867400359,0,1,7,0
"07","unit_068","market_068",3,0.502627584005983,0,1,7,0
"07","unit_068","market_068",4,0.74300318489872,0,1,7,0
"07","unit_068","market_068",5,0.483205803290572,0,1,7,0
"07","unit_068","market_068",6,0.403476183712265,0,1,7,0
"07","unit_068","market_068",7,0.620472514725577,1,1,7,0
"07","unit_068","market_068",8,0.613226287858924,1,1,7,0
"07","unit_068","market_068",9,0.664580266771267,1,1,7,0
"07","unit_068","market_068",10,0.534058963464464,1,1,7,0
"07","unit_068","market_068",11,0.810007762253643,1,1,7,0
"07","unit_068","market_068",12,0.971152829303577,1,1,7,0
"07","unit_069","market_069",1,0.0531081456775953,0,0,,1
"07","unit_069","market_069",2,0.27969880243809,0,0,,1
"07","unit_069","market_069",3,0.289407494195924,0,0,,1
"07","unit_069","market_069",4,0.424273453315505,0,0,,1
"07","unit_069","market_069",5,0.130569468150768,0,0,,1
"07","unit_069","market_069",6,0.367714217423124,0,0,,1
"07","unit_069","market_069",7,0.488012555691526,0,0,,1
"07","unit_069","market_069",8,0.331151613327439,0,0,,1
"07","unit_069","market_069",9,0.390821898775888,0,0,,1
"07","unit_069","market_069",10,0.307302701196149,0,0,,1
"07","unit_069","market_069",11,0.589503315632135,0,0,,1
"07","unit_069","market_069",12,0.803581589633736,0,0,,1
"07","unit_070","market_070",1,1.00140838754174,0,0,,1
"07","unit_070","market_070",2,1.26594169889586,0,0,,1
"07","unit_070","market_070",3,1.30846567337113,0,0,,1
"07","unit_070","market_070",4,1.13173452512593,0,0,,1
"07","unit_070","market_070",5,1.38484030455715,0,0,,1
"07","unit_070","market_070",6,1.28966867107694,0,0,,1
"07","unit_070","market_070",7,1.4394827700007,0,0,,1
"07","unit_070","market_070",8,1.51703461611569,0,0,,1
"07","unit_070","market_070",9,1.61544671700029,0,0,,1
"07","unit_070","market_070",10,1.66730654301268,0,0,,1
"07","unit_070","market_070",11,1.61656311102447,0,0,,1
"07","unit_070","market_070",12,1.59595688971203,0,0,,1
"07","unit_071","market_071",1,0.379400941406459,0,0,,1
"07","unit_071","market_071",2,0.610431776677938,0,0,,1
"07","unit_071","market_071",3,0.64122156183475,0,0,,1
"07","unit_071","market_071",4,0.620104371938249,0,0,,1
"07","unit_071","market_071",5,0.635702937270337,0,0,,1
"07","unit_071","market_071",6,0.650209719416516,0,0,,1
"07","unit_071","market_071",7,0.510842780101469,0,0,,1
"07","unit_071","market_071",8,0.761491754148518,0,0,,1
"07","unit_071","market_071",9,0.80497146001898,0,0,,1
"07","unit_071","market_071",10,0.678492468141176,0,0,,1
"07","unit_071","market_071",11,0.957583654493805,0,0,,1
"07","unit_071","market_071",12,0.939739722049615,0,0,,1
"07","unit_072","market_072",1,-0.0320567588387923,0,1,7,0
"07","unit_072","market_072",2,0.0935321410495875,0,1,7,0
"07","unit_072","market_072",3,0.0598158775201154,0,1,7,0
"07","unit_072","market_072",4,0.0501724650591898,0,1,7,0
"07","unit_072","market_072",5,-0.0743346874092769,0,1,7,0
"07","unit_072","market_072",6,0.145224144112638,0,1,7,0
"07","unit_072","market_072",7,0.160897010953321,1,1,7,0
"07","unit_072","market_072",8,0.320138697214742,1,1,7,0
"07","unit_072","market_072",9,0.198916370213031,1,1,7,0
"07","unit_072","market_072",10,0.290610294838185,1,1,7,0
"07","unit_072","market_072",11,0.444753917508554,1,1,7,0
"07","unit_072","market_072",12,0.417491211695799,1,1,7,0
"07","unit_073","market_073",1,0.287537839775814,0,0,,0
"07","unit_073","market_073",2,0.292243073333626,0,0,,0
"07","unit_073","market_073",3,0.185329446057723,0,0,,0
"07","unit_073","market_073",4,0.333112824596276,0,0,,0
"07","unit_073","market_073",5,0.310858220426129,0,0,,0
"07","unit_073","market_073",6,0.27586097101377,0,0,,0
"07","unit_073","market_073",7,0.33537974450219,0,0,,0
"07","unit_073","market_073",8,0.23258467251123,0,0,,0
"07","unit_073","market_073",9,0.297214386839628,0,0,,0
"07","unit_073","market_073",10,0.474162141277133,0,0,,0
"07","unit_073","market_073",11,0.455603717064523,0,0,,0
"07","unit_073","market_073",12,0.616055850932982,0,0,,0
"07","unit_074","market_074",1,0.436821265354222,0,1,7,1
"07","unit_074","market_074",2,0.358548224232588,0,1,7,1
"07","unit_074","market_074",3,0.528062533167486,0,1,7,1
"07","unit_074","market_074",4,0.516574810671224,0,1,7,1
"07","unit_074","market_074",5,0.573201557712588,0,1,7,1
"07","unit_074","market_074",6,0.874705418032287,0,1,7,1
"07","unit_074","market_074",7,1.00089167536387,1,1,7,1
"07","unit_074","market_074",8,0.997275478864608,1,1,7,1
"07","unit_074","market_074",9,1.15802254835024,1,1,7,1
"07","unit_074","market_074",10,1.19935840116945,1,1,7,1
"07","unit_074","market_074",11,1.22680847090783,1,1,7,1
"07","unit_074","market_074",12,1.22399706630028,1,1,7,1
"07","unit_075","market_075",1,0.30816449394853,0,0,,1
"07","unit_075","market_075",2,0.34554671026954,0,0,,1
"07","unit_075","market_075",3,0.388159280683079,0,0,,1
"07","unit_075","market_075",4,0.42847329548809,0,0,,1
"07","unit_075","market_075",5,0.494726947590796,0,0,,1
"07","unit_075","market_075",6,0.464199958818015,0,0,,1
"07","unit_075","market_075",7,0.312659189330146,0,0,,1
"07","unit_075","market_075",8,0.579150009552219,0,0,,1
"07","unit_075","market_075",9,0.5981443638444,0,0,,1
"07","unit_075","market_075",10,0.783303465377784,0,0,,1
"07","unit_075","market_075",11,0.79778461086285,0,0,,1
"07","unit_075","market_075",12,0.72752671416755,0,0,,1
"07","unit_076","market_076",1,0.594131646566869,0,1,7,1
"07","unit_076","market_076",2,0.465946510054947,0,1,7,1
"07","unit_076","market_076",3,0.715480626368119,0,1,7,1
"07","unit_076","market_076",4,0.575720620690451,0,1,7,1
"07","unit_076","market_076",5,0.54086673651929,0,1,7,1
"07","unit_076","market_076",6,0.706075854629059,0,1,7,1
"07","unit_076","market_076",7,0.909118818981291,1,1,7,1
"07","unit_076","market_076",8,1.00980102517101,1,1,7,1
"07","unit_076","market_076",9,0.993763131521546,1,1,7,1
"07","unit_076","market_076",10,1.18984740139551,1,1,7,1
"07","unit_076","market_076",11,1.3378037095706,1,1,7,1
"07","unit_076","market_076",12,1.45121983874593,1,1,7,1
"07","unit_077","market_077",1,0.480824398114229,0,1,7,1
"07","unit_077","market_077",2,0.486493631285245,0,1,7,1
"07","unit_077","market_077",3,0.569876831566262,0,1,7,1
"07","unit_077","market_077",4,0.600898333776986,0,1,7,1
"07","unit_077","market_077",5,0.647867584710833,0,1,7,1
"07","unit_077","market_077",6,0.589197415952453,0,1,7,1
"07","unit_077","market_077",7,1.10675439315191,1,1,7,1
"07","unit_077","market_077",8,0.930180835431603,1,1,7,1
"07","unit_077","market_077",9,1.13326469949735,1,1,7,1
"07","unit_077","market_077",10,1.18731299164709,1,1,7,1
"07","unit_077","market_077",11,1.32044552301076,1,1,7,1
"07","unit_077","market_077",12,1.38912722593107,1,1,7,1
"07","unit_078","market_078",1,-0.0270995062835166,0,1,7,0
"07","unit_078","market_078",2,0.0111731914114239,0,1,7,0
"07","unit_078","market_078",3,-0.105998394620548,0,1,7,0
"07","unit_078","market_078",4,0.175287975162174,0,1,7,0
"07","unit_078","market_078",5,0.285790925181963,0,1,7,0
"07","unit_078","market_078",6,0.203572791862014,0,1,7,0
"07","unit_078","market_078",7,0.301465562097688,1,1,7,0
"07","unit_078","market_078",8,0.287680295470034,1,1,7,0
"07","unit_078","market_078",9,0.389270716393038,1,1,7,0
"07","unit_078","market_078",10,0.60054827703123,1,1,7,0
"07","unit_078","market_078",11,0.427681341946484,1,1,7,0
"07","unit_078","market_078",12,0.456006051169438,1,1,7,0
"07","unit_079","market_079",1,0.876370319578792,0,0,,0
"07","unit_079","market_079",2,0.758399815698927,0,0,,0
"07","unit_079","market_079",3,1.01269888647252,0,0,,0
"07","unit_079","market_079",4,1.08946504543907,0,0,,0
"07","unit_079","market_079",5,0.766594980742192,0,0,,0
"07","unit_079","market_079",6,0.989834347095661,0,0,,0
"07","unit_079","market_079",7,1.01773952423141,0,0,,0
"07","unit_079","market_079",8,0.996594826195352,0,0,,0
"07","unit_079","market_079",9,1.02494245233289,0,0,,0
"07","unit_079","market_079",10,1.09165675771643,0,0,,0
"07","unit_079","market_079",11,1.06361137311119,0,0,,0
"07","unit_079","market_079",12,1.18678428709175,0,0,,0
"07","unit_080","market_080",1,0.311409015485762,0,1,7,1
"07","unit_080","market_080",2,0.160088960846552,0,1,7,1
"07","unit_080","market_080",3,0.365069215601701,0,1,7,1
"07","unit_080","market_080",4,0.463911719285794,0,1,7,1
"07","unit_080","market_080",5,0.653837969315593,0,1,7,1
"07","unit_080","market_080",6,0.459698812768117,0,1,7,1
"07","unit_080","market_080",7,1.02300862106995,1,1,7,1
"07","unit_080","market_080",8,1.07459889136091,1,1,7,1
"07","unit_080","market_080",9,0.988398074995111,1,1,7,1
"07","unit_080","market_080",10,1.33154054287646,1,1,7,1
"07","unit_080","market_080",11,1.25944842201427,1,1,7,1
"07","unit_080","market_080",12,1.23888919601547,1,1,7,1
"07","unit_081","market_081",1,0.0989438968072737,0,1,7,0
"07","unit_081","market_081",2,0.265436732969251,0,1,7,0
"07","unit_081","market_081",3,0.34691701896605,0,1,7,0
"07","unit_081","market_081",4,0.357122487597172,0,1,7,0
"07","unit_081","market_081",5,0.273711835927608,0,1,7,0
"07","unit_081","market_081",6,0.350353584858471,0,1,7,0
"07","unit_081","market_081",7,0.429079969021635,1,1,7,0
"07","unit_081","market_081",8,0.51287077802552,1,1,7,0
"07","unit_081","market_081",9,0.524020297339777,1,1,7,0
"07","unit_081","market_081",10,0.546745409402783,1,1,7,0
"07","unit_081","market_081",11,0.505490972101749,1,1,7,0
"07","unit_081","market_081",12,0.567221260182509,1,1,7,0
"07","unit_082","market_082",1,-0.0505089650229365,0,1,7,0
"07","unit_082","market_082",2,0.00498848527699523,0,1,7,0
"07","unit_082","market_082",3,0.226551060789804,0,1,7,0
"07","unit_082","market_082",4,0.118363298383453,0,1,7,0
"07","unit_082","market_082",5,-0.134231455019773,0,1,7,0
"07","unit_082","market_082",6,0.0595165862694407,0,1,7,0
"07","unit_082","market_082",7,0.340159962520869,1,1,7,0
"07","unit_082","market_082",8,0.16381892053247,1,1,7,0
"07","unit_082","market_082",9,0.229538478606015,1,1,7,0
"07","unit_082","market_082",10,0.277117493491414,1,1,7,0
"07","unit_082","market_082",11,0.141831136313758,1,1,7,0
"07","unit_082","market_082",12,0.61174268194004,1,1,7,0
"07","unit_083","market_083",1,0.0866312484644265,0,1,7,1
"07","unit_083","market_083",2,0.121511281803331,0,1,7,1
"07","unit_083","market_083",3,0.131306524732824,0,1,7,1
"07","unit_083","market_083",4,0.0925025378813019,0,1,7,1
"07","unit_083","market_083",5,0.184882249657143,0,1,7,1
"07","unit_083","market_083",6,0.279795315468183,0,1,7,1
"07","unit_083","market_083",7,0.80839290122339,1,1,7,1
"07","unit_083","market_083",8,0.456783646914649,1,1,7,1
"07","unit_083","market_083",9,0.678910830021534,1,1,7,1
"07","unit_083","market_083",10,0.814498657276883,1,1,7,1
"07","unit_083","market_083",11,0.757888366141017,1,1,7,1
"07","unit_083","market_083",12,1.05177289568359,1,1,7,1
"07","unit_084","market_084",1,-0.230588220829889,0,1,7,1
"07","unit_084","market_084",2,-0.0619669966157495,0,1,7,1
"07","unit_084","market_084",3,-0.0816210212680685,0,1,7,1
"07","unit_084","market_084",4,-0.0303941254562547,0,1,7,1
"07","unit_084","market_084",5,0.0598639417888833,0,1,7,1
"07","unit_084","market_084",6,-0.0755462175711249,0,1,7,1
"07","unit_084","market_084",7,0.445546082811588,1,1,7,1
"07","unit_084","market_084",8,0.400965820063283,1,1,7,1
"07","unit_084","market_084",9,0.390759004956434,1,1,7,1
"07","unit_084","market_084",10,0.570030063675593,1,1,7,1
"07","unit_084","market_084",11,0.561419672306625,1,1,7,1
"07","unit_084","market_084",12,0.536559147471285,1,1,7,1
"07","unit_085","market_085",1,-0.0905140417883561,0,0,,0
"07","unit_085","market_085",2,-0.133930450896247,0,0,,0
"07","unit_085","market_085",3,-0.236877397829432,0,0,,0
"07","unit_085","market_085",4,0.00282419181544227,0,0,,0
"07","unit_085","market_085",5,0.0279090744263869,0,0,,0
"07","unit_085","market_085",6,-0.105910375943442,0,0,,0
"07","unit_085","market_085",7,0.12769152371154,0,0,,0
"07","unit_085","market_085",8,-0.0274636407533897,0,0,,0
"07","unit_085","market_085",9,-0.0220554605569254,0,0,,0
"07","unit_085","market_085",10,-0.0013445523485002,0,0,,0
"07","unit_085","market_085",11,0.283290204445207,0,0,,0
"07","unit_085","market_085",12,0.0965608327469,0,0,,0
"07","unit_086","market_086",1,0.2912045718074,0,0,,0
"07","unit_086","market_086",2,0.288694026514916,0,0,,0
"07","unit_086","market_086",3,0.460746101700036,0,0,,0
"07","unit_086","market_086",4,0.323713094387927,0,0,,0
"07","unit_086","market_086",5,0.385514180656062,0,0,,0
"07","unit_086","market_086",6,0.571455738220734,0,0,,0
"07","unit_086","market_086",7,0.379016846780604,0,0,,0
"07","unit_086","market_086",8,0.222294445854848,0,0,,0
"07","unit_086","market_086",9,0.158374212856043,0,0,,0
"07","unit_086","market_086",10,0.219925491983872,0,0,,0
"07","unit_086","market_086",11,0.524859536702648,0,0,,0
"07","unit_086","market_086",12,0.465226914060455,0,0,,0
"07","unit_087","market_087",1,-0.286213245857525,0,0,,1
"07","unit_087","market_087",2,-0.345063572997285,0,0,,1
"07","unit_087","market_087",3,-0.290936132689206,0,0,,1
"07","unit_087","market_087",4,-0.0817807571880821,0,0,,1
"07","unit_087","market_087",5,-0.067123649396109,0,0,,1
"07","unit_087","market_087",6,-0.152387360046114,0,0,,1
"07","unit_087","market_087",7,-0.0549857254124215,0,0,,1
"07","unit_087","market_087",8,-0.157845183844793,0,0,,1
"07","unit_087","market_087",9,-0.085489938157878,0,0,,1
"07","unit_087","market_087",10,-0.0504944631392346,0,0,,1
"07","unit_087","market_087",11,-0.0564857176106336,0,0,,1
"07","unit_087","market_087",12,0.165609977387005,0,0,,1
"07","unit_088","market_088",1,0.486943516132675,0,0,,0
"07","unit_088","market_088",2,0.642670816039245,0,0,,0
"07","unit_088","market_088",3,0.472817667049932,0,0,,0
"07","unit_088","market_088",4,0.616488406014134,0,0,,0
"07","unit_088","market_088",5,0.466165233701277,0,0,,0
"07","unit_088","market_088",6,0.611205574403179,0,0,,0
"07","unit_088","market_088",7,0.52145107863264,0,0,,0
"07","unit_088","market_088",8,0.544690009100274,0,0,,0
"07","unit_088","market_088",9,0.545239558105663,0,0,,0
"07","unit_088","market_088",10,0.65156380355196,0,0,,0
"07","unit_088","market_088",11,0.79928628028169,0,0,,0
"07","unit_088","market_088",12,0.708475268636687,0,0,,0
"07","unit_089","market_089",1,0.0080148655948242,0,1,7,0
"07","unit_089","market_089",2,0.0921211927007174,0,1,7,0
"07","unit_089","market_089",3,0.267344402611969,0,1,7,0
"07","unit_089","market_089",4,0.34574623193049,0,1,7,0
"07","unit_089","market_089",5,0.143345403900327,0,1,7,0
"07","unit_089","market_089",6,0.273057038375221,0,1,7,0
"07","unit_089","market_089",7,0.349149163361541,1,1,7,0
"07","unit_089","market_089",8,0.324966733888245,1,1,7,0
"07","unit_089","market_089",9,0.450049209788476,1,1,7,0
"07","unit_089","market_089",10,0.459515519843342,1,1,7,0
"07","unit_089","market_089",11,0.622569979008056,1,1,7,0
"07","unit_089","market_089",12,0.601906578668928,1,1,7,0
"07","unit_090","market_090",1,-0.158684457908184,0,1,7,1
"07","unit_090","market_090",2,-0.19071645123416,0,1,7,1
"07","unit_090","market_090",3,0.00479622235547614,0,1,7,1
"07","unit_090","market_090",4,0.0723865158331586,0,1,7,1
"07","unit_090","market_090",5,0.0101345932680704,0,1,7,1
"07","unit_090","market_090",6,0.125585851624095,0,1,7,1
"07","unit_090","market_090",7,0.397625544336502,1,1,7,1
"07","unit_090","market_090",8,0.242195841316916,1,1,7,1
"07","unit_090","market_090",9,0.512958327283127,1,1,7,1
"07","unit_090","market_090",10,0.540902569557024,1,1,7,1
"07","unit_090","market_090",11,0.592681007094675,1,1,7,1
"07","unit_090","market_090",12,0.745476382364789,1,1,7,1
"07","unit_091","market_091",1,-0.753635918204287,0,0,,0
"07","unit_091","market_091",2,-0.724633712877577,0,0,,0
"07","unit_091","market_091",3,-0.612828313023904,0,0,,0
"07","unit_091","market_091",4,-0.765827220561207,0,0,,0
"07","unit_091","market_091",5,-0.653413441831895,0,0,,0
"07","unit_091","market_091",6,-0.721944949862818,0,0,,0
"07","unit_091","market_091",7,-0.569087238684007,0,0,,0
"07","unit_091","market_091",8,-0.585979376247001,0,0,,0
"07","unit_091","market_091",9,-0.44565427091688,0,0,,0
"07","unit_091","market_091",10,-0.510238217348471,0,0,,0
"07","unit_091","market_091",11,-0.401860521515732,0,0,,0
"07","unit_091","market_091",12,-0.362092608350429,0,0,,0
"07","unit_092","market_092",1,-0.0802045103280683,0,0,,0
"07","unit_092","market_092",2,-0.231539970890598,0,0,,0
"07","unit_092","market_092",3,-0.0531369048859295,0,0,,0
"07","unit_092","market_092",4,-0.0352264155702283,0,0,,0
"07","unit_092","market_092",5,-0.021033157427567,0,0,,0
"07","unit_092","market_092",6,-0.0587435203057451,0,0,,0
"07","unit_092","market_092",7,-0.1098901029441,0,0,,0
"07","unit_092","market_092",8,-0.0299545816496655,0,0,,0
"07","unit_092","market_092",9,-0.151861017602776,0,0,,0
"07","unit_092","market_092",10,0.0679408835000426,0,0,,0
"07","unit_092","market_092",11,-0.102139824623292,0,0,,0
"07","unit_092","market_092",12,0.164521300480279,0,0,,0
"07","unit_093","market_093",1,0.361011762695943,0,0,,0
"07","unit_093","market_093",2,0.395118042823523,0,0,,0
"07","unit_093","market_093",3,0.484009903729447,0,0,,0
"07","unit_093","market_093",4,0.51676736280426,0,0,,0
"07","unit_093","market_093",5,0.543662911069298,0,0,,0
"07","unit_093","market_093",6,0.458699964894504,0,0,,0
"07","unit_093","market_093",7,0.589681219336754,0,0,,0
"07","unit_093","market_093",8,0.612184331521741,0,0,,0
"07","unit_093","market_093",9,0.536569940619748,0,0,,0
"07","unit_093","market_093",10,0.527615643467058,0,0,,0
"07","unit_093","market_093",11,0.647578417895502,0,0,,0
"07","unit_093","market_093",12,0.82711914512013,0,0,,0
"07","unit_094","market_094",1,0.430926642987725,0,1,7,0
"07","unit_094","market_094",2,0.319213901679794,0,1,7,0
"07","unit_094","market_094",3,0.386166425725543,0,1,7,0
"07","unit_094","market_094",4,0.519038920532857,0,1,7,0
"07","unit_094","market_094",5,0.278707951867825,0,1,7,0
"07","unit_094","market_094",6,0.482786938984354,0,1,7,0
"07","unit_094","market_094",7,0.678814753052238,1,1,7,0
"07","unit_094","market_094",8,0.672179927230612,1,1,7,0
"07","unit_094","market_094",9,0.565929217811479,1,1,7,0
"07","unit_094","market_094",10,0.671293851791691,1,1,7,0
"07","unit_094","market_094",11,0.738414279269807,1,1,7,0
"07","unit_094","market_094",12,0.931586132553437,1,1,7,0
"07","unit_095","market_095",1,-0.355917454119155,0,0,,0
"07","unit_095","market_095",2,-0.350874418002138,0,0,,0
"07","unit_095","market_095",3,-0.0710693032375724,0,0,,0
"07","unit_095","market_095",4,-0.330715080146357,0,0,,0
"07","unit_095","market_095",5,-0.176518513569482,0,0,,0
"07","unit_095","market_095",6,-0.254213574166499,0,0,,0
"07","unit_095","market_095",7,-0.130393239235261,0,0,,0
"07","unit_095","market_095",8,-0.20952978786614,0,0,,0
"07","unit_095","market_095",9,-0.031736740067372,0,0,,0
"07","unit_095","market_095",10,-0.12652892365915,0,0,,0
"07","unit_095","market_095",11,-0.102312704871946,0,0,,0
"07","unit_095","market_095",12,0.137451065322681,0,0,,0
"07","unit_096","market_096",1,-0.673095862087418,0,1,7,0
"07","unit_096","market_096",2,-0.435791110174094,0,1,7,0
"07","unit_096","market_096",3,-0.711325231846743,0,1,7,0
"07","unit_096","market_096",4,-0.519386435145786,0,1,7,0
"07","unit_096","market_096",5,-0.609485528515394,0,1,7,0
"07","unit_096","market_096",6,-0.48725191693507,0,1,7,0
"07","unit_096","market_096",7,-0.634472984028901,1,1,7,0
"07","unit_096","market_096",8,-0.358297666917112,1,1,7,0
"07","unit_096","market_096",9,-0.367309855303023,1,1,7,0
"07","unit_096","market_096",10,-0.379564757699617,1,1,7,0
"07","unit_096","market_096",11,-0.259418592552077,1,1,7,0
"07","unit_096","market_096",12,-0.159183013082214,1,1,7,0
"07","unit_097","market_097",1,0.422407605478129,0,1,7,1
"07","unit_097","market_097",2,0.415448648474783,0,1,7,1
"07","unit_097","market_097",3,0.309454192416775,0,1,7,1
"07","unit_097","market_097",4,0.687225246156112,0,1,7,1
"07","unit_097","market_097",5,0.629946810315397,0,1,7,1
"07","unit_097","market_097",6,0.50628006108422,0,1,7,1
"07","unit_097","market_097",7,0.991913226241786,1,1,7,1
"07","unit_097","market_097",8,1.1255416462903,1,1,7,1
"07","unit_097","market_097",9,0.942951553595659,1,1,7,1
"07","unit_097","market_097",10,1.13140861545549,1,1,7,1
"07","unit_097","market_097",11,1.23364201063915,1,1,7,1
"07","unit_097","market_097",12,1.37807645723321,1,1,7,1
"07","unit_098","market_098",1,-0.384692313634595,0,1,7,1
"07","unit_098","market_098",2,-0.307263936265831,0,1,7,1
"07","unit_098","market_098",3,-0.139563636988171,0,1,7,1
"07","unit_098","market_098",4,-0.21924674911897,0,1,7,1
"07","unit_098","market_098",5,-0.106583281613144,0,1,7,1
"07","unit_098","market_098",6,-0.0504237368072558,0,1,7,1
"07","unit_098","market_098",7,0.0789512969154849,1,1,7,1
"07","unit_098","market_098",8,0.282292852267085,1,1,7,1
"07","unit_098","market_098",9,0.348732763945226,1,1,7,1
"07","unit_098","market_098",10,0.508712544361698,1,1,7,1
"07","unit_098","market_098",11,0.436994206328413,1,1,7,1
"07","unit_098","market_098",12,0.574369761533531,1,1,7,1
"07","unit_099","market_099",1,-0.214994001690832,0,0,,0
"07","unit_099","market_099",2,-0.200283778024947,0,0,,0
"07","unit_099","market_099",3,-0.386895203888902,0,0,,0
"07","unit_099","market_099",4,-0.220292203279786,0,0,,0
"07","unit_099","market_099",5,-0.163223171476937,0,0,,0
"07","unit_099","market_099",6,-0.238734722090854,0,0,,0
"07","unit_099","market_099",7,-0.384979405059554,0,0,,0
"07","unit_099","market_099",8,-0.245219164992134,0,0,,0
"07","unit_099","market_099",9,-0.142181985496611,0,0,,0
"07","unit_099","market_099",10,-0.148669983837652,0,0,,0
"07","unit_099","market_099",11,0.0839736604412683,0,0,,0
"07","unit_099","market_099",12,-0.072723520090982,0,0,,0
"07","unit_100","market_100",1,-0.00329622334402571,0,0,,1
"07","unit_100","market_100",2,0.21050408440428,0,0,,1
"07","unit_100","market_100",3,0.0944756396503679,0,0,,1
"07","unit_100","market_100",4,0.136785829656663,0,0,,1
"07","unit_100","market_100",5,0.253097497304638,0,0,,1
"07","unit_100","market_100",6,0.00342843598002518,0,0,,1
"07","unit_100","market_100",7,0.100552340430022,0,0,,1
"07","unit_100","market_100",8,0.360417325708508,0,0,,1
"07","unit_100","market_100",9,0.302212876413663,0,0,,1
"07","unit_100","market_100",10,0.403843975825697,0,0,,1
"07","unit_100","market_100",11,0.358355522066939,0,0,,1
"07","unit_100","market_100",12,0.641591689560624,0,0,,1
"07","unit_101","market_101",1,0.556257287422757,0,0,,0
"07","unit_101","market_101",2,0.566606590928736,0,0,,0
"07","unit_101","market_101",3,0.846918351809288,0,0,,0
"07","unit_101","market_101",4,0.657847708039464,0,0,,0
"07","unit_101","market_101",5,0.680794620047662,0,0,,0
"07","unit_101","market_101",6,0.738173613652839,0,0,,0
"07","unit_101","market_101",7,0.881682993266338,0,0,,0
"07","unit_101","market_101",8,0.870146257992021,0,0,,0
"07","unit_101","market_101",9,0.84050371387859,0,0,,0
"07","unit_101","market_101",10,0.734795447687155,0,0,,0
"07","unit_101","market_101",11,0.871706628451224,0,0,,0
"07","unit_101","market_101",12,0.951696359579585,0,0,,0
"07","unit_102","market_102",1,-0.108076588341754,0,1,7,1
"07","unit_102","market_102",2,0.00512103533816965,0,1,7,1
"07","unit_102","market_102",3,0.0175639787325775,0,1,7,1
"07","unit_102","market_102",4,0.117848853233622,0,1,7,1
"07","unit_102","market_102",5,0.18525452319352,0,1,7,1
"07","unit_102","market_102",6,0.263368767113812,0,1,7,1
"07","unit_102","market_102",7,0.595384151346116,1,1,7,1
"07","unit_102","market_102",8,0.709057324447135,1,1,7,1
"07","unit_102","market_102",9,0.720841285389189,1,1,7,1
"07","unit_102","market_102",10,0.623932629994312,1,1,7,1
"07","unit_102","market_102",11,0.810454385834028,1,1,7,1
"07","unit_102","market_102",12,0.809009929524993,1,1,7,1
"07","unit_103","market_103",1,-0.428088122127632,0,1,7,1
"07","unit_103","market_103",2,-0.336333830817511,0,1,7,1
"07","unit_103","market_103",3,-0.413789980228209,0,1,7,1
"07","unit_103","market_103",4,-0.403381036261895,0,1,7,1
"07","unit_103","market_103",5,-0.198395806179514,0,1,7,1
"07","unit_103","market_103",6,-0.0952978803400304,0,1,7,1
"07","unit_103","market_103",7,0.189451297865407,1,1,7,1
"07","unit_103","market_103",8,0.195513073501999,1,1,7,1
"07","unit_103","market_103",9,0.211947527158869,1,1,7,1
"07","unit_103","market_103",10,0.307959097937325,1,1,7,1
"07","unit_103","market_103",11,0.422184731635688,1,1,7,1
"07","unit_103","market_103",12,0.609674443640411,1,1,7,1
"07","unit_104","market_104",1,0.28109379717091,0,0,,1
"07","unit_104","market_104",2,0.573575259010666,0,0,,1
"07","unit_104","market_104",3,0.371307828347223,0,0,,1
"07","unit_104","market_104",4,0.494138008935868,0,0,,1
"07","unit_104","market_104",5,0.487947176342191,0,0,,1
"07","unit_104","market_104",6,0.42663556651083,0,0,,1
"07","unit_104","market_104",7,0.594572233327482,0,0,,1
"07","unit_104","market_104",8,0.459070503458947,0,0,,1
"07","unit_104","market_104",9,0.567455420166593,0,0,,1
"07","unit_104","market_104",10,0.593531089967633,0,0,,1
"07","unit_104","market_104",11,0.697481027608899,0,0,,1
"07","unit_104","market_104",12,0.923664558565213,0,0,,1
"07","unit_105","market_105",1,0.182205120282846,0,0,,0
"07","unit_105","market_105",2,0.26575228609772,0,0,,0
"07","unit_105","market_105",3,0.216411629732037,0,0,,0
"07","unit_105","market_105",4,0.376251137487166,0,0,,0
"07","unit_105","market_105",5,0.280980946081588,0,0,,0
"07","unit_105","market_105",6,0.392698521533688,0,0,,0
"07","unit_105","market_105",7,0.300110338309391,0,0,,0
"07","unit_105","market_105",8,0.302522711998083,0,0,,0
"07","unit_105","market_105",9,0.253836979028056,0,0,,0
"07","unit_105","market_105",10,0.446335585156205,0,0,,0
"07","unit_105","market_105",11,0.522993247821764,0,0,,0
"07","unit_105","market_105",12,0.47140707826982,0,0,,0
"07","unit_106","market_106",1,0.0461447860476176,0,0,,0
"07","unit_106","market_106",2,0.0124586559492032,0,0,,0
"07","unit_106","market_106",3,0.153203556391465,0,0,,0
"07","unit_106","market_106",4,0.189799967745004,0,0,,0
"07","unit_106","market_106",5,-0.0793538832700968,0,0,,0
"07","unit_106","market_106",6,0.053162348634338,0,0,,0
"07","unit_106","market_106",7,-0.135856485790197,0,0,,0
"07","unit_106","market_106",8,-0.0789124796227843,0,0,,0
"07","unit_106","market_106",9,0.147037480793661,0,0,,0
"07","unit_106","market_106",10,0.301071516689439,0,0,,0
"07","unit_106","market_106",11,0.171601302977804,0,0,,0
"07","unit_106","market_106",12,0.368395626171684,0,0,,0
"07","unit_107","market_107",1,0.806824275155777,0,1,7,1
"07","unit_107","market_107",2,0.45280306047951,0,1,7,1
"07","unit_107","market_107",3,0.792904530444364,0,1,7,1
"07","unit_107","market_107",4,0.689852942110951,0,1,7,1
"07","unit_107","market_107",5,0.818725672046384,0,1,7,1
"07","unit_107","market_107",6,0.853852351037334,0,1,7,1
"07","unit_107","market_107",7,1.27260558139465,1,1,7,1
"07","unit_107","market_107",8,1.28360496656225,1,1,7,1
"07","unit_107","market_107",9,1.29155649151113,1,1,7,1
"07","unit_107","market_107",10,1.5431098007741,1,1,7,1
"07","unit_107","market_107",11,1.33157135765007,1,1,7,1
"07","unit_107","market_107",12,1.75007062309718,1,1,7,1
"07","unit_108","market_108",1,1.16482571182448,0,0,,1
"07","unit_108","market_108",2,1.3465681906638,0,0,,1
"07","unit_108","market_108",3,1.2896839724769,0,0,,1
"07","unit_108","market_108",4,1.50938123993783,0,0,,1
"07","unit_108","market_108",5,1.39400767859258,0,0,,1
"07","unit_108","market_108",6,1.46696720612576,0,0,,1
"07","unit_108","market_108",7,1.45011581054198,0,0,,1
"07","unit_108","market_108",8,1.60880794578422,0,0,,1
"07","unit_108","market_108",9,1.56292191006106,0,0,,1
"07","unit_108","market_108",10,1.6454064563225,0,0,,1
"07","unit_108","market_108",11,1.59743430418322,0,0,,1
"07","unit_108","market_108",12,1.75830280838188,0,0,,1
"07","unit_109","market_109",1,0.402034117280197,0,1,7,1
"07","unit_109","market_109",2,0.697055558853764,0,1,7,1
"07","unit_109","market_109",3,0.412488701857146,0,1,7,1
"07","unit_109","market_109",4,0.659108784479724,0,1,7,1
"07","unit_109","market_109",5,0.682995478083647,0,1,7,1
"07","unit_109","market_109",6,0.650942959330447,0,1,7,1
"07","unit_109","market_109",7,1.0174929683755,1,1,7,1
"07","unit_109","market_109",8,0.860970715288825,1,1,7,1
"07","unit_109","market_109",9,1.10807804709383,1,1,7,1
"07","unit_109","market_109",10,1.29830473343444,1,1,7,1
"07","unit_109","market_109",11,1.19762955196244,1,1,7,1
"07","unit_109","market_109",12,1.31165608940469,1,1,7,1
"07","unit_110","market_110",1,0.605408869023361,0,1,7,0
"07","unit_110","market_110",2,0.618007080926791,0,1,7,0
"07","unit_110","market_110",3,0.326903562691713,0,1,7,0
"07","unit_110","market_110",4,0.63699164061328,0,1,7,0
"07","unit_110","market_110",5,0.631082038495857,0,1,7,0
"07","unit_110","market_110",6,0.743424559460944,0,1,7,0
"07","unit_110","market_110",7,0.955013514467987,1,1,7,0
"07","unit_110","market_110",8,0.828015434495734,1,1,7,0
"07","unit_110","market_110",9,0.941912324218934,1,1,7,0
"07","unit_110","market_110",10,1.04582904755179,1,1,7,0
"07","unit_110","market_110",11,1.1627477268918,1,1,7,0
"07","unit_110","market_110",12,1.02806967600169,1,1,7,0
"07","unit_111","market_111",1,-0.256181413478934,0,1,7,0
"07","unit_111","market_111",2,0.0492046798759704,0,1,7,0
"07","unit_111","market_111",3,-0.21386650190748,0,1,7,0
"07","unit_111","market_111",4,-0.166304189786114,0,1,7,0
"07","unit_111","market_111",5,0.14847346623125,0,1,7,0
"07","unit_111","market_111",6,0.0205866793156101,0,1,7,0
"07","unit_111","market_111",7,0.310447757008569,1,1,7,0
"07","unit_111","market_111",8,0.270029949087663,1,1,7,0
"07","unit_111","market_111",9,0.185182486177107,1,1,7,0
"07","unit_111","market_111",10,0.307791733222838,1,1,7,0
"07","unit_111","market_111",11,0.329498437305225,1,1,7,0
"07","unit_111","market_111",12,0.518495593748918,1,1,7,0
"07","unit_112","market_112",1,1.34749726417301,0,1,7,1
"07","unit_112","market_112",2,1.34159777805904,0,1,7,1
"07","unit_112","market_112",3,1.21711429638042,0,1,7,1
"07","unit_112","market_112",4,1.16194303038198,0,1,7,1
"07","unit_112","market_112",5,1.39990560383656,0,1,7,1
"07","unit_112","market_112",6,1.32419142329718,0,1,7,1
"07","unit_112","market_112",7,2.10043570428785,1,1,7,1
"07","unit_112","market_112",8,1.84759573046876,1,1,7,1
"07","unit_112","market_112",9,1.99940313838159,1,1,7,1
"07","unit_112","market_112",10,1.97572930245395,1,1,7,1
"07","unit_112","market_112",11,2.03411769599662,1,1,7,1
"07","unit_112","market_112",12,2.078883722238,1,1,7,1
"07","unit_113","market_113",1,0.147184792001944,0,0,,1
"07","unit_113","market_113",2,0.425546871879095,0,0,,1
"07","unit_113","market_113",3,0.493893035571906,0,0,,1
"07","unit_113","market_113",4,0.539305556633261,0,0,,1
"07","unit_113","market_113",5,0.52691140329826,0,0,,1
"07","unit_113","market_113",6,0.728741888782704,0,0,,1
"07","unit_113","market_113",7,0.487670363392764,0,0,,1
"07","unit_113","market_113",8,0.579856655038495,0,0,,1
"07","unit_113","market_113",9,0.716470363925639,0,0,,1
"07","unit_113","market_113",10,0.767014359649853,0,0,,1
"07","unit_113","market_113",11,0.898529325744553,0,0,,1
"07","unit_113","market_113",12,0.907845191653468,0,0,,1
"07","unit_114","market_114",1,-0.393901952896881,0,1,7,1
"07","unit_114","market_114",2,-0.246651782828408,0,1,7,1
"07","unit_114","market_114",3,-0.223767648882231,0,1,7,1
"07","unit_114","market_114",4,-0.174901420985208,0,1,7,1
"07","unit_114","market_114",5,-0.177342990085204,0,1,7,1
"07","unit_114","market_114",6,-0.0525324901184746,0,1,7,1
"07","unit_114","market_114",7,0.176955836249069,1,1,7,1
"07","unit_114","market_114",8,0.255432926024738,1,1,7,1
"07","unit_114","market_114",9,0.204892298492316,1,1,7,1
"07","unit_114","market_114",10,0.496381376244348,1,1,7,1
"07","unit_114","market_114",11,0.307948904411776,1,1,7,1
"07","unit_114","market_114",12,0.727768827168756,1,1,7,1
"07","unit_115","market_115",1,0.534498421755018,0,0,,1
"07","unit_115","market_115",2,0.738097254236847,0,0,,1
"07","unit_115","market_115",3,0.666051468385764,0,0,,1
"07","unit_115","market_115",4,0.711647337818076,0,0,,1
"07","unit_115","market_115",5,0.835415507693736,0,0,,1
"07","unit_115","market_115",6,0.736627516100819,0,0,,1
"07","unit_115","market_115",7,0.912192525519156,0,0,,1
"07","unit_115","market_115",8,0.82163921631282,0,0,,1
"07","unit_115","market_115",9,0.989046999837088,0,0,,1
"07","unit_115","market_115",10,0.759313674218624,0,0,,1
"07","unit_115","market_115",11,1.12846796020328,0,0,,1
"07","unit_115","market_115",12,1.12339266774172,0,0,,1
"07","unit_116","market_116",1,0.298056621320206,0,1,7,1
"07","unit_116","market_116",2,0.251206291808175,0,1,7,1
"07","unit_116","market_116",3,0.383276495777008,0,1,7,1
"07","unit_116","market_116",4,0.502644523672574,0,1,7,1
"07","unit_116","market_116",5,0.311925306282265,0,1,7,1
"07","unit_116","market_116",6,0.254733759890978,0,1,7,1
"07","unit_116","market_116",7,0.817166639995865,1,1,7,1
"07","unit_116","market_116",8,0.943450393029183,1,1,7,1
"07","unit_116","market_116",9,0.971528850648799,1,1,7,1
"07","unit_116","market_116",10,0.975930264070206,1,1,7,1
"07","unit_116","market_116",11,0.886453761329403,1,1,7,1
"07","unit_116","market_116",12,1.21052458985843,1,1,7,1
"07","unit_117","market_117",1,0.0260820747497853,0,1,7,1
"07","unit_117","market_117",2,0.31411449161656,0,1,7,1
"07","unit_117","market_117",3,0.288999359869796,0,1,7,1
"07","unit_117","market_117",4,0.36243524682163,0,1,7,1
"07","unit_117","market_117",5,0.397636903514205,0,1,7,1
"07","unit_117","market_117",6,0.660913762922644,0,1,7,1
"07","unit_117","market_117",7,0.761747481643668,1,1,7,1
"07","unit_117","market_117",8,0.713287734132398,1,1,7,1
"07","unit_117","market_117",9,0.845887945964248,1,1,7,1
"07","unit_117","market_117",10,1.04194651106122,1,1,7,1
"07","unit_117","market_117",11,1.04871423494526,1,1,7,1
"07","unit_117","market_117",12,1.07543295674724,1,1,7,1
"07","unit_118","market_118",1,-0.60212507829596,0,0,,0
"07","unit_118","market_118",2,-0.547407383185645,0,0,,0
"07","unit_118","market_118",3,-0.50869793378553,0,0,,0
"07","unit_118","market_118",4,-0.435792420936825,0,0,,0
"07","unit_118","market_118",5,-0.272024962107496,0,0,,0
"07","unit_118","market_118",6,-0.397496206166523,0,0,,0
"07","unit_118","market_118",7,-0.50671964552008,0,0,,0
"07","unit_118","market_118",8,-0.363042535091393,0,0,,0
"07","unit_118","market_118",9,-0.265195193050234,0,0,,0
"07","unit_118","market_118",10,-0.334072097415595,0,0,,0
"07","unit_118","market_118",11,-0.137905001360782,0,0,,0
"07","unit_118","market_118",12,-0.0407040004292351,0,0,,0
"07","unit_119","market_119",1,0.881188870428764,0,1,7,1
"07","unit_119","market_119",2,1.05693608906162,0,1,7,1
"07","unit_119","market_119",3,0.806112591126394,0,1,7,1
"07","unit_119","market_119",4,0.979591811416799,0,1,7,1
"07","unit_119","market_119",5,1.01220630927932,0,1,7,1
"07","unit_119","market_119",6,1.1983600475933,0,1,7,1
"07","unit_119","market_119",7,1.5307644043462,1,1,7,1
"07","unit_119","market_119",8,1.64341795129006,1,1,7,1
"07","unit_119","market_119",9,1.49182108343734,1,1,7,1
"07","unit_119","market_119",10,1.56711987963187,1,1,7,1
"07","unit_119","market_119",11,1.71867900167452,1,1,7,1
"07","unit_119","market_119",12,1.79866351182288,1,1,7,1
"07","unit_120","market_120",1,-0.3633636617551,0,0,,0
"07","unit_120","market_120",2,-0.122004124340453,0,0,,0
"07","unit_120","market_120",3,-0.268791932453437,0,0,,0
"07","unit_120","market_120",4,-0.188196148223035,0,0,,0
"07","unit_120","market_120",5,-0.150593240395782,0,0,,0
"07","unit_120","market_120",6,-0.0927334473109101,0,0,,0
"07","unit_120","market_120",7,-0.17184690731893,0,0,,0
"07","unit_120","market_120",8,0.0343025918612116,0,0,,0
"07","unit_120","market_120",9,-0.23406484912424,0,0,,0
"07","unit_120","market_120",10,-0.166926441841774,0,0,,0
"07","unit_120","market_120",11,0.0809568997457057,0,0,,0
"07","unit_120","market_120",12,0.147875462033539,0,0,,0
"07","unit_121","market_121",1,0.733080264839114,0,1,7,1
"07","unit_121","market_121",2,0.776396644141979,0,1,7,1
"07","unit_121","market_121",3,0.958344606140873,0,1,7,1
"07","unit_121","market_121",4,0.675004252757339,0,1,7,1
"07","unit_121","market_121",5,0.773072159075971,0,1,7,1
"07","unit_121","market_121",6,0.789365968578398,0,1,7,1
"07","unit_121","market_121",7,1.36284600901267,1,1,7,1
"07","unit_121","market_121",8,1.14148211465056,1,1,7,1
"07","unit_121","market_121",9,1.301349707787,1,1,7,1
"07","unit_121","market_121",10,1.39046259735262,1,1,7,1
"07","unit_121","market_121",11,1.39862834263394,1,1,7,1
"07","unit_121","market_121",12,1.67471723459224,1,1,7,1
"07","unit_122","market_122",1,-0.346972489620211,0,1,7,1
"07","unit_122","market_122",2,-0.289613947591396,0,1,7,1
"07","unit_122","market_122",3,-0.296807221831718,0,1,7,1
"07","unit_122","market_122",4,-0.298759384449899,0,1,7,1
"07","unit_122","market_122",5,-0.240178839241899,0,1,7,1
"07","unit_122","market_122",6,-0.165795572238208,0,1,7,1
"07","unit_122","market_122",7,0.183748242608678,1,1,7,1
"07","unit_122","market_122",8,0.189705009876028,1,1,7,1
"07","unit_122","market_122",9,0.497838664953245,1,1,7,1
"07","unit_122","market_122",10,0.44561060896002,1,1,7,1
"07","unit_122","market_122",11,0.385269823938868,1,1,7,1
"07","unit_122","market_122",12,0.562689638699154,1,1,7,1
"07","unit_123","market_123",1,0.0572411971208992,0,0,,0
"07","unit_123","market_123",2,0.0687264267566785,0,0,,0
"07","unit_123","market_123",3,0.359317979066146,0,0,,0
"07","unit_123","market_123",4,0.267364982049497,0,0,,0
"07","unit_123","market_123",5,0.0236432951468512,0,0,,0
"07","unit_123","market_123",6,0.207079518957129,0,0,,0
"07","unit_123","market_123",7,0.346446193141263,0,0,,0
"07","unit_123","market_123",8,0.298311882960927,0,0,,0
"07","unit_123","market_123",9,0.145389051408106,0,0,,0
"07","unit_123","market_123",10,0.327920003885163,0,0,,0
"07","unit_123","market_123",11,0.582739987358065,0,0,,0
"07","unit_123","market_123",12,0.521646805132074,0,0,,0
"07","unit_124","market_124",1,0.332206020702656,0,1,7,1
"07","unit_124","market_124",2,0.0636324253783021,0,1,7,1
"07","unit_124","market_124",3,0.381528868310702,0,1,7,1
"07","unit_124","market_124",4,0.408328438967953,0,1,7,1
"07","unit_124","market_124",5,0.532440697758807,0,1,7,1
"07","unit_124","market_124",6,0.330155756879402,0,1,7,1
"07","unit_124","market_124",7,0.879323370654629,1,1,7,1
"07","unit_124","market_124",8,0.906302664594518,1,1,7,1
"07","unit_124","market_124",9,0.883018712860178,1,1,7,1
"07","unit_124","market_124",10,1.02587430430229,1,1,7,1
"07","unit_124","market_124",11,1.16241425345458,1,1,7,1
"07","unit_124","market_124",12,1.20599631520246,1,1,7,1
"07","unit_125","market_125",1,-0.052153171506981,0,0,,0
"07","unit_125","market_125",2,-0.00994305083984349,0,0,,0
"07","unit_125","market_125",3,0.0393773803817937,0,0,,0
"07","unit_125","market_125",4,0.0284317102692843,0,0,,0
"07","unit_125","market_125",5,0.183665427450248,0,0,,0
"07","unit_125","market_125",6,-0.0397953660597224,0,0,,0
"07","unit_125","market_125",7,-0.0110804267114046,0,0,,0
"07","unit_125","market_125",8,0.090761950718597,0,0,,0
"07","unit_125","market_125",9,0.204876050957093,0,0,,0
"07","unit_125","market_125",10,0.218851110185863,0,0,,0
"07","unit_125","market_125",11,0.229441143170761,0,0,,0
"07","unit_125","market_125",12,0.357138163045921,0,0,,0
"07","unit_126","market_126",1,-0.00934759676573144,0,1,7,1
"07","unit_126","market_126",2,0.206550027266089,0,1,7,1
"07","unit_126","market_126",3,0.0552957470636434,0,1,7,1
"07","unit_126","market_126",4,0.294735250552897,0,1,7,1
"07","unit_126","market_126",5,0.222539703220388,0,1,7,1
"07","unit_126","market_126",6,0.177492397577337,0,1,7,1
"07","unit_126","market_126",7,0.640656791187512,1,1,7,1
"07","unit_126","market_126",8,0.566935262262527,1,1,7,1
"07","unit_126","market_126",9,0.600830971596132,1,1,7,1
"07","unit_126","market_126",10,0.614718868065698,1,1,7,1
"07","unit_126","market_126",11,0.783573031473565,1,1,7,1
"07","unit_126","market_126",12,0.642532835586716,1,1,7,1
"07","unit_127","market_127",1,-0.231447603950578,0,1,7,0
"07","unit_127","market_127",2,-0.235294906758822,0,1,7,0
"07","unit_127","market_127",3,-0.0712438401359577,0,1,7,0
"07","unit_127","market_127",4,-0.186205213510992,0,1,7,0
"07","unit_127","market_127",5,-0.129874420855918,0,1,7,0
"07","unit_127","market_127",6,-0.255574320596414,0,1,7,0
"07","unit_127","market_127",7,0.0393458132109793,1,1,7,0
"07","unit_127","market_127",8,0.00715052958424148,1,1,7,0
"07","unit_127","market_127",9,0.111486930108551,1,1,7,0
"07","unit_127","market_127",10,0.175623986177592,1,1,7,0
"07","unit_127","market_127",11,0.13650901595024,1,1,7,0
"07","unit_127","market_127",12,0.272589272955058,1,1,7,0
"07","unit_128","market_128",1,0.106835736538285,0,1,7,1
"07","unit_128","market_128",2,0.291480888167964,0,1,7,1
"07","unit_128","market_128",3,0.329427489150861,0,1,7,1
"07","unit_128","market_128",4,0.528352462761711,0,1,7,1
"07","unit_128","market_128",5,0.222893926128895,0,1,7,1
"07","unit_128","market_128",6,0.284708647120298,0,1,7,1
"07","unit_128","market_128",7,0.763124497159365,1,1,7,1
"07","unit_128","market_128",8,0.887204546381713,1,1,7,1
"07","unit_128","market_128",9,0.761855192264861,1,1,7,1
"07","unit_128","market_128",10,0.975071210741564,1,1,7,1
"07","unit_128","market_128",11,0.921538720805029,1,1,7,1
"07","unit_128","market_128",12,1.06290579608217,1,1,7,1
"07","unit_129","market_129",1,-0.0694470220272205,0,0,,0
"07","unit_129","market_129",2,0.0135060290946868,0,0,,0
"07","unit_129","market_129",3,0.0768820068078029,0,0,,0
"07","unit_129","market_129",4,0.144859081185957,0,0,,0
"07","unit_129","market_129",5,0.173085182318135,0,0,,0
"07","unit_129","market_129",6,0.112148656611891,0,0,,0
"07","unit_129","market_129",7,0.0729819389338289,0,0,,0
"07","unit_129","market_129",8,0.114963843605775,0,0,,0
"07","unit_129","market_129",9,0.218252349609278,0,0,,0
"07","unit_129","market_129",10,0.279746176441095,0,0,,0
"07","unit_129","market_129",11,0.220459982071192,0,0,,0
"07","unit_129","market_129",12,0.379888487523464,0,0,,0
"07","unit_130","market_130",1,-0.265453284403088,0,1,7,1
"07","unit_130","market_130",2,-0.185846784504752,0,1,7,1
"07","unit_130","market_130",3,-0.303771673670656,0,1,7,1
"07","unit_130","market_130",4,-0.0890376363048231,0,1,7,1
"07","unit_130","market_130",5,-0.302481606857206,0,1,7,1
"07","unit_130","market_130",6,-0.149745097656155,0,1,7,1
"07","unit_130","market_130",7,0.188961529891713,1,1,7,1
"07","unit_130","market_130",8,0.124197878797256,1,1,7,1
"07","unit_130","market_130",9,0.38372229063637,1,1,7,1
"07","unit_130","market_130",10,0.487910363401071,1,1,7,1
"07","unit_130","market_130",11,0.610840627637232,1,1,7,1
"07","unit_130","market_130",12,0.506636920672228,1,1,7,1
"07","unit_131","market_131",1,0.742951103605639,0,0,,0
"07","unit_131","market_131",2,0.655859631181691,0,0,,0
"07","unit_131","market_131",3,0.606724726714678,0,0,,0
"07","unit_131","market_131",4,0.58114876187991,0,0,,0
"07","unit_131","market_131",5,0.729592973057609,0,0,,0
"07","unit_131","market_131",6,0.610962173864727,0,0,,0
"07","unit_131","market_131",7,0.709647321339011,0,0,,0
"07","unit_131","market_131",8,0.645046062493859,0,0,,0
"07","unit_131","market_131",9,0.813263592147835,0,0,,0
"07","unit_131","market_131",10,0.674219873429398,0,0,,0
"07","unit_131","market_131",11,0.807241857439896,0,0,,0
"07","unit_131","market_131",12,0.833668982632449,0,0,,0
"07","unit_132","market_132",1,-0.38434873396295,0,0,,0
"07","unit_132","market_132",2,-0.188334304324591,0,0,,0
"07","unit_132","market_132",3,-0.178888950294248,0,0,,0
"07","unit_132","market_132",4,-0.0994143700149827,0,0,,0
"07","unit_132","market_132",5,-0.186265702189843,0,0,,0
"07","unit_132","market_132",6,-0.129182232422961,0,0,,0
"07","unit_132","market_132",7,-0.190396533096182,0,0,,0
"07","unit_132","market_132",8,-0.209109577153298,0,0,,0
"07","unit_132","market_132",9,-0.138130161235336,0,0,,0
"07","unit_132","market_132",10,-0.00856572973187277,0,0,,0
"07","unit_132","market_132",11,0.174353986447896,0,0,,0
"07","unit_132","market_132",12,0.081237563849648,0,0,,0
"07","unit_133","market_133",1,-0.151540140771176,0,0,,0
"07","unit_133","market_133",2,-0.126957245613228,0,0,,0
"07","unit_133","market_133",3,-0.359005427842511,0,0,,0
"07","unit_133","market_133",4,-0.147989892086162,0,0,,0
"07","unit_133","market_133",5,-0.297807338300353,0,0,,0
"07","unit_133","market_133",6,-0.138732257986362,0,0,,0
"07","unit_133","market_133",7,-0.168077477633519,0,0,,0
"07","unit_133","market_133",8,0.0278574124084646,0,0,,0
"07","unit_133","market_133",9,-0.0351257812481304,0,0,,0
"07","unit_133","market_133",10,-0.156273848205854,0,0,,0
"07","unit_133","market_133",11,-0.0348557045042215,0,0,,0
"07","unit_133","market_133",12,0.336100988289915,0,0,,0
"07","unit_134","market_134",1,-0.156817587876893,0,0,,0
"07","unit_134","market_134",2,-0.0525484086289815,0,0,,0
"07","unit_134","market_134",3,-0.00624553982144804,0,0,,0
"07","unit_134","market_134",4,-0.10873252169537,0,0,,0
"07","unit_134","market_134",5,-0.105149253906152,0,0,,0
"07","unit_134","market_134",6,0.125932297438041,0,0,,0
"07","unit_134","market_134",7,-0.265505394600265,0,0,,0
"07","unit_134","market_134",8,0.0621829035882872,0,0,,0
"07","unit_134","market_134",9,-0.084985656127697,0,0,,0
"07","unit_134","market_134",10,0.0923152239838869,0,0,,0
"07","unit_134","market_134",11,0.143615607824319,0,0,,0
"07","unit_134","market_134",12,0.108442450361394,0,0,,0
"07","unit_135","market_135",1,-0.000864975272814497,0,1,7,0
"07","unit_135","market_135",2,-0.00931580299460767,0,1,7,0
"07","unit_135","market_135",3,0.00140947813422754,0,1,7,0
"07","unit_135","market_135",4,0.190731420456983,0,1,7,0
"07","unit_135","market_135",5,0.240545703454531,0,1,7,0
"07","unit_135","market_135",6,-0.155324484580871,0,1,7,0
"07","unit_135","market_135",7,0.147004394889197,1,1,7,0
"07","unit_135","market_135",8,0.36748644034891,1,1,7,0
"07","unit_135","market_135",9,0.273362417891195,1,1,7,0
"07","unit_135","market_135",10,0.301201174383759,1,1,7,0
"07","unit_135","market_135",11,0.408263745157284,1,1,7,0
"07","unit_135","market_135",12,0.422471774563013,1,1,7,0
"07","unit_136","market_136",1,0.077786729235103,0,0,,0
"07","unit_136","market_136",2,0.103792904394246,0,0,,0
"07","unit_136","market_136",3,0.110306392102331,0,0,,0
"07","unit_136","market_136",4,0.211498989318808,0,0,,0
"07","unit_136","market_136",5,0.151807046998936,0,0,,0
"07","unit_136","market_136",6,0.243292713425157,0,0,,0
"07","unit_136","market_136",7,0.120002520922852,0,0,,0
"07","unit_136","market_136",8,0.119952948485932,0,0,,0
"07","unit_136","market_136",9,0.307134324989856,0,0,,0
"07","unit_136","market_136",10,0.349521447263905,0,0,,0
"07","unit_136","market_136",11,0.334007266660057,0,0,,0
"07","unit_136","market_136",12,0.518001862204324,0,0,,0
"07","unit_137","market_137",1,-0.00236495904574571,0,1,7,1
"07","unit_137","market_137",2,0.123827100941188,0,1,7,1
"07","unit_137","market_137",3,0.311992370805125,0,1,7,1
"07","unit_137","market_137",4,0.0188908951827925,0,1,7,1
"07","unit_137","market_137",5,0.230293027974547,0,1,7,1
"07","unit_137","market_137",6,0.509813341240533,0,1,7,1
"07","unit_137","market_137",7,0.635568498291717,1,1,7,1
"07","unit_137","market_137",8,0.752345358343664,1,1,7,1
"07","unit_137","market_137",9,0.769162575994617,1,1,7,1
"07","unit_137","market_137",10,0.745348563932385,1,1,7,1
"07","unit_137","market_137",11,1.077517365284,1,1,7,1
"07","unit_137","market_137",12,0.992561886297072,1,1,7,1
"07","unit_138","market_138",1,0.31750861870496,0,0,,0
"07","unit_138","market_138",2,0.368608732254116,0,0,,0
"07","unit_138","market_138",3,0.391201272316687,0,0,,0
"07","unit_138","market_138",4,0.134034000042131,0,0,,0
"07","unit_138","market_138",5,0.315778609743385,0,0,,0
"07","unit_138","market_138",6,0.425092821080469,0,0,,0
"07","unit_138","market_138",7,0.403395112637374,0,0,,0
"07","unit_138","market_138",8,0.355494494526981,0,0,,0
"07","unit_138","market_138",9,0.404345293642097,0,0,,0
"07","unit_138","market_138",10,0.53012930469473,0,0,,0
"07","unit_138","market_138",11,0.411704021402266,0,0,,0
"07","unit_138","market_138",12,0.600151051725826,0,0,,0
"07","unit_139","market_139",1,-0.14984747365007,0,1,7,1
"07","unit_139","market_139",2,0.094191874269362,0,1,7,1
"07","unit_139","market_139",3,-0.0385644719161873,0,1,7,1
"07","unit_139","market_139",4,0.137429243147758,0,1,7,1
"07","unit_139","market_139",5,0.221034306092841,0,1,7,1
"07","unit_139","market_139",6,0.231431535195785,0,1,7,1
"07","unit_139","market_139",7,0.574866364167634,1,1,7,1
"07","unit_139","market_139",8,0.567478686257678,1,1,7,1
"07","unit_139","market_139",9,0.72172188717119,1,1,7,1
"07","unit_139","market_139",10,0.491231575521346,1,1,7,1
"07","unit_139","market_139",11,0.778089994062363,1,1,7,1
"07","unit_139","market_139",12,0.972520390271224,1,1,7,1
"07","unit_140","market_140",1,-0.63089026957487,0,0,,0
"07","unit_140","market_140",2,-0.706693360120261,0,0,,0
"07","unit_140","market_140",3,-0.645016014050212,0,0,,0
"07","unit_140","market_140",4,-0.785114160880563,0,0,,0
"07","unit_140","market_140",5,-0.769330122607495,0,0,,0
"07","unit_140","market_140",6,-0.730278174019424,0,0,,0
"07","unit_140","market_140",7,-0.736603109217921,0,0,,0
"07","unit_140","market_140",8,-0.551770451198236,0,0,,0
"07","unit_140","market_140",9,-0.496620516663558,0,0,,0
"07","unit_140","market_140",10,-0.471670157712624,0,0,,0
"07","unit_140","market_140",11,-0.55015854358859,0,0,,0
"07","unit_140","market_140",12,-0.287272689909233,0,0,,0
"07","unit_141","market_141",1,-0.0976095541583258,0,1,7,1
"07","unit_141","market_141",2,-0.0222227282413,0,1,7,1
"07","unit_141","market_141",3,-0.0443452477932278,0,1,7,1
"07","unit_141","market_141",4,0.143890538100179,0,1,7,1
"07","unit_141","market_141",5,0.133532025806372,0,1,7,1
"07","unit_141","market_141",6,0.242636992489301,0,1,7,1
"07","unit_141","market_141",7,0.590438307423326,1,1,7,1
"07","unit_141","market_141",8,0.775334891929981,1,1,7,1
"07","unit_141","market_141",9,0.707174052104517,1,1,7,1
"07","unit_141","market_141",10,0.745170945188396,1,1,7,1
"07","unit_141","market_141",11,0.692391103771547,1,1,7,1
"07","unit_141","market_141",12,0.876237015954193,1,1,7,1
"07","unit_142","market_142",1,0.389274274653327,0,0,,1
"07","unit_142","market_142",2,0.374885761684767,0,0,,1
"07","unit_142","market_142",3,0.552624935473692,0,0,,1
"07","unit_142","market_142",4,0.567657782219961,0,0,,1
"07","unit_142","market_142",5,0.515063424078883,0,0,,1
"07","unit_142","market_142",6,0.407778979136216,0,0,,1
"07","unit_142","market_142",7,0.457274107947173,0,0,,1
"07","unit_142","market_142",8,0.585214363962406,0,0,,1
"07","unit_142","market_142",9,0.64199889677776,0,0,,1
"07","unit_142","market_142",10,0.598656621707767,0,0,,1
"07","unit_142","market_142",11,0.800991364087523,0,0,,1
"07","unit_142","market_142",12,1.03339909842462,0,0,,1
"07","unit_143","market_143",1,0.31216635844656,0,1,7,1
"07","unit_143","market_143",2,0.256295025066202,0,1,7,1
"07","unit_143","market_143",3,0.319028869839833,0,1,7,1
"07","unit_143","market_143",4,0.352322286234037,0,1,7,1
"07","unit_143","market_143",5,0.572407321572044,0,1,7,1
"07","unit_143","market_143",6,0.596868904847017,0,1,7,1
"07","unit_143","market_143",7,0.931797531061725,1,1,7,1
"07","unit_143","market_143",8,0.972887230485514,1,1,7,1
"07","unit_143","market_143",9,0.818994238255567,1,1,7,1
"07","unit_143","market_143",10,1.00208895304049,1,1,7,1
"07","unit_143","market_143",11,0.949644304007851,1,1,7,1
"07","unit_143","market_143",12,1.28147693719601,1,1,7,1
"07","unit_144","market_144",1,0.10611346811694,0,1,7,0
"07","unit_144","market_144",2,0.0383503384218275,0,1,7,0
"07","unit_144","market_144",3,0.0940530675590004,0,1,7,0
"07","unit_144","market_144",4,0.0626822988279823,0,1,7,0
"07","unit_144","market_144",5,0.147809365118597,0,1,7,0
"07","unit_144","market_144",6,0.185927340275422,0,1,7,0
"07","unit_144","market_144",7,0.326232766455815,1,1,7,0
"07","unit_144","market_144",8,0.325351372109574,1,1,7,0
"07","unit_144","market_144",9,0.194210618707206,1,1,7,0
"07","unit_144","market_144",10,0.445062212152677,1,1,7,0
"07","unit_144","market_144",11,0.575927809467842,1,1,7,0
"07","unit_144","market_144",12,0.617933281446977,1,1,7,0
"07","unit_145","market_145",1,-0.799065977184383,0,1,7,1
"07","unit_145","market_145",2,-0.544003676578908,0,1,7,1
"07","unit_145","market_145",3,-0.578811602254919,0,1,7,1
"07","unit_145","market_145",4,-0.414911171756496,0,1,7,1
"07","unit_145","market_145",5,-0.455078930510317,0,1,7,1
"07","unit_145","market_145",6,-0.482953454188122,0,1,7,1
"07","unit_145","market_145",7,-0.105900566767244,1,1,7,1
"07","unit_145","market_145",8,-0.092413534062137,1,1,7,1
"07","unit_145","market_145",9,0.24895238453418,1,1,7,1
"07","unit_145","market_145",10,-0.00866011655140803,1,1,7,1
"07","unit_145","market_145",11,0.262723761030708,1,1,7,1
"07","unit_145","market_145",12,0.314378027274362,1,1,7,1
"07","unit_146","market_146",1,0.402640395854604,0,0,,0
"07","unit_146","market_146",2,0.413847915008612,0,0,,0
"07","unit_146","market_146",3,0.402078252217395,0,0,,0
"07","unit_146","market_146",4,0.534465944489041,0,0,,0
"07","unit_146","market_146",5,0.250378552105686,0,0,,0
"07","unit_146","market_146",6,0.687020448356124,0,0,,0
"07","unit_146","market_146",7,0.551217923896816,0,0,,0
"07","unit_146","market_146",8,0.655298492874736,0,0,,0
"07","unit_146","market_146",9,0.70108450184516,0,0,,0
"07","unit_146","market_146",10,0.756090520756225,0,0,,0
"07","unit_146","market_146",11,0.683659552029259,0,0,,0
"07","unit_146","market_146",12,0.692274787926363,0,0,,0
"07","unit_147","market_147",1,0.555548004140114,0,0,,1
"07","unit_147","market_147",2,0.651621239429912,0,0,,1
"07","unit_147","market_147",3,0.627795874219027,0,0,,1
"07","unit_147","market_147",4,0.832965130280365,0,0,,1
"07","unit_147","market_147",5,0.699017250884258,0,0,,1
"07","unit_147","market_147",6,0.829462656322753,0,0,,1
"07","unit_147","market_147",7,0.963183028042661,0,0,,1
"07","unit_147","market_147",8,0.846802519372213,0,0,,1
"07","unit_147","market_147",9,0.984567214724077,0,0,,1
"07","unit_147","market_147",10,1.08693234216464,0,0,,1
"07","unit_147","market_147",11,1.0650439578191,0,0,,1
"07","unit_147","market_147",12,1.11980212832551,0,0,,1
"07","unit_148","market_148",1,-1.00451476243184,0,0,,0
"07","unit_148","market_148",2,-0.906931023315752,0,0,,0
"07","unit_148","market_148",3,-1.02148876560878,0,0,,0
"07","unit_148","market_148",4,-0.833105067971377,0,0,,0
"07","unit_148","market_148",5,-0.841135625200172,0,0,,0
"07","unit_148","market_148",6,-1.04161829964287,0,0,,0
"07","unit_148","market_148",7,-0.667981364471618,0,0,,0
"07","unit_148","market_148",8,-0.852839531857137,0,0,,0
"07","unit_148","market_148",9,-0.755304171051924,0,0,,0
"07","unit_148","market_148",10,-0.71080175446816,0,0,,0
"07","unit_148","market_148",11,-0.692279010665884,0,0,,0
"07","unit_148","market_148",12,-0.568020902386647,0,0,,0
"07","unit_149","market_149",1,0.199611214684553,0,1,7,1
"07","unit_149","market_149",2,0.330170728542932,0,1,7,1
"07","unit_149","market_149",3,0.48634670491572,0,1,7,1
"07","unit_149","market_149",4,0.391645139976002,0,1,7,1
"07","unit_149","market_149",5,0.430671799575141,0,1,7,1
"07","unit_149","market_149",6,0.6268070738433,0,1,7,1
"07","unit_149","market_149",7,0.582233547025414,1,1,7,1
"07","unit_149","market_149",8,0.669096583947746,1,1,7,1
"07","unit_149","market_149",9,0.909999581463965,1,1,7,1
"07","unit_149","market_149",10,0.901979865907883,1,1,7,1
"07","unit_149","market_149",11,0.979878004922023,1,1,7,1
"07","unit_149","market_149",12,1.06373045240402,1,1,7,1
"07","unit_150","market_150",1,-0.252139669956538,0,0,,0
"07","unit_150","market_150",2,-0.263336363188721,0,0,,0
"07","unit_150","market_150",3,-0.244319083407253,0,0,,0
"07","unit_150","market_150",4,-0.111506203276218,0,0,,0
"07","unit_150","market_150",5,-0.0566804110663425,0,0,,0
"07","unit_150","market_150",6,0.072325418877925,0,0,,0
"07","unit_150","market_150",7,-0.0725438282654058,0,0,,0
"07","unit_150","market_150",8,-0.0598375294720246,0,0,,0
"07","unit_150","market_150",9,-0.0721033113804142,0,0,,0
"07","unit_150","market_150",10,-0.0877769591678658,0,0,,0
"07","unit_150","market_150",11,0.101416166887278,0,0,,0
"07","unit_150","market_150",12,0.138691323603566,0,0,,0
"07","unit_151","market_151",1,0.221397950413138,0,1,7,1
"07","unit_151","market_151",2,-0.0765439491474631,0,1,7,1
"07","unit_151","market_151",3,0.127270205953263,0,1,7,1
"07","unit_151","market_151",4,0.263439403224791,0,1,7,1
"07","unit_151","market_151",5,0.150855333726494,0,1,7,1
"07","unit_151","market_151",6,0.255984280054738,0,1,7,1
"07","unit_151","market_151",7,0.59379097148836,1,1,7,1
"07","unit_151","market_151",8,0.582897771917949,1,1,7,1
"07","unit_151","market_151",9,0.756345858949176,1,1,7,1
"07","unit_151","market_151",10,0.794131986639838,1,1,7,1
"07","unit_151","market_151",11,0.763123683788792,1,1,7,1
"07","unit_151","market_151",12,0.851170561343285,1,1,7,1
"07","unit_152","market_152",1,0.406590670479111,0,1,7,0
"07","unit_152","market_152",2,0.485026483035355,0,1,7,0
"07","unit_152","market_152",3,0.438425530242629,0,1,7,0
"07","unit_152","market_152",4,0.47075084949158,0,1,7,0
"07","unit_152","market_152",5,0.645276895743385,0,1,7,0
"07","unit_152","market_152",6,0.518311022329286,0,1,7,0
"07","unit_152","market_152",7,0.649777911437679,1,1,7,0
"07","unit_152","market_152",8,0.815142097440693,1,1,7,0
"07","unit_152","market_152",9,0.647921704050716,1,1,7,0
"07","unit_152","market_152",10,0.937319184384835,1,1,7,0
"07","unit_152","market_152",11,0.840689076730538,1,1,7,0
"07","unit_152","market_152",12,0.797136665307789,1,1,7,0
"07","unit_153","market_153",1,0.0665050458530752,0,1,7,1
"07","unit_153","market_153",2,-0.209153310014766,0,1,7,1
"07","unit_153","market_153",3,-0.115698101953107,0,1,7,1
"07","unit_153","market_153",4,0.117320054241697,0,1,7,1
"07","unit_153","market_153",5,-0.0356754135739953,0,1,7,1
"07","unit_153","market_153",6,0.0968680860554098,0,1,7,1
"07","unit_153","market_153",7,0.379555554085508,1,1,7,1
"07","unit_153","market_153",8,0.472520720904164,1,1,7,1
"07","unit_153","market_153",9,0.541254944458922,1,1,7,1
"07","unit_153","market_153",10,0.704644220951782,1,1,7,1
"07","unit_153","market_153",11,0.746726071988114,1,1,7,1
"07","unit_153","market_153",12,0.698724861488343,1,1,7,1
"07","unit_154","market_154",1,0.188679985052539,0,0,,0
"07","unit_154","market_154",2,0.188472389458352,0,0,,0
"07","unit_154","market_154",3,0.395972099875726,0,0,,0
"07","unit_154","market_154",4,0.300882212624349,0,0,,0
"07","unit_154","market_154",5,0.419426277974209,0,0,,0
"07","unit_154","market_154",6,0.35308640702682,0,0,,0
"07","unit_154","market_154",7,0.397897354798207,0,0,,0
"07","unit_154","market_154",8,0.494395476034341,0,0,,0
"07","unit_154","market_154",9,0.324373077195957,0,0,,0
"07","unit_154","market_154",10,0.613718049234703,0,0,,0
"07","unit_154","market_154",11,0.237295051232276,0,0,,0
"07","unit_154","market_154",12,0.565212425301571,0,0,,0
"07","unit_155","market_155",1,0.361814929829069,0,1,7,0
"07","unit_155","market_155",2,0.306231760730971,0,1,7,0
"07","unit_155","market_155",3,0.374684329128985,0,1,7,0
"07","unit_155","market_155",4,0.416315675251117,0,1,7,0
"07","unit_155","market_155",5,0.343906447724778,0,1,7,0
"07","unit_155","market_155",6,0.273825126416113,0,1,7,0
"07","unit_155","market_155",7,0.52088971484249,1,1,7,0
"07","unit_155","market_155",8,0.552845127753609,1,1,7,0
"07","unit_155","market_155",9,0.480612847088842,1,1,7,0
"07","unit_155","market_155",10,0.695121157872391,1,1,7,0
"07","unit_155","market_155",11,0.696447976154604,1,1,7,0
"07","unit_155","market_155",12,0.85971059395992,1,1,7,0
"07","unit_156","market_156",1,0.162225736018958,0,0,,0
"07","unit_156","market_156",2,0.075854585394966,0,0,,0
"07","unit_156","market_156",3,0.0497456717808862,0,0,,0
"07","unit_156","market_156",4,0.151455614251595,0,0,,0
"07","unit_156","market_156",5,0.143784700884066,0,0,,0
"07","unit_156","market_156",6,0.180784419965845,0,0,,0
"07","unit_156","market_156",7,0.248466814078452,0,0,,0
"07","unit_156","market_156",8,0.410819119209089,0,0,,0
"07","unit_156","market_156",9,0.308808961729211,0,0,,0
"07","unit_156","market_156",10,0.225529115315238,0,0,,0
"07","unit_156","market_156",11,0.390596862206339,0,0,,0
"07","unit_156","market_156",12,0.260992443938776,0,0,,0
"07","unit_157","market_157",1,0.136328236188392,0,0,,0
"07","unit_157","market_157",2,0.183899962345755,0,0,,0
"07","unit_157","market_157",3,0.261675125744792,0,0,,0
"07","unit_157","market_157",4,0.10163409641078,0,0,,0
"07","unit_157","market_157",5,0.414501461233772,0,0,,0
"07","unit_157","market_157",6,0.428531916800264,0,0,,0
"07","unit_157","market_157",7,0.114957201759176,0,0,,0
"07","unit_157","market_157",8,0.267875678028213,0,0,,0
"07","unit_157","market_157",9,0.525186325062269,0,0,,0
"07","unit_157","market_157",10,0.543392806990815,0,0,,0
"07","unit_157","market_157",11,0.345657764046025,0,0,,0
"07","unit_157","market_157",12,0.376651508497143,0,0,,0
"07","unit_158","market_158",1,0.0116073111727409,0,0,,0
"07","unit_158","market_158",2,-0.204674423614264,0,0,,0
"07","unit_158","market_158",3,0.045828885691652,0,0,,0
"07","unit_158","market_158",4,0.215753629453126,0,0,,0
"07","unit_158","market_158",5,0.0134001672033449,0,0,,0
"07","unit_158","market_158",6,0.053734393226593,0,0,,0
"07","unit_158","market_158",7,0.0697046409500839,0,0,,0
"07","unit_158","market_158",8,0.254854468849729,0,0,,0
"07","unit_158","market_158",9,0.143165921109515,0,0,,0
"07","unit_158","market_158",10,0.115663258105328,0,0,,0
"07","unit_158","market_158",11,0.348943827013837,0,0,,0
"07","unit_158","market_158",12,0.270365761512991,0,0,,0
"07","unit_159","market_159",1,-0.132922942408538,0,1,7,1
"07","unit_159","market_159",2,-0.0153271525617978,0,1,7,1
"07","unit_159","market_159",3,-0.154332702521183,0,1,7,1
"07","unit_159","market_159",4,-0.0168555206244501,0,1,7,1
"07","unit_159","market_159",5,0.0567426382491338,0,1,7,1
"07","unit_159","market_159",6,0.0965371678850095,0,1,7,1
"07","unit_159","market_159",7,0.52882268999493,1,1,7,1
"07","unit_159","market_159",8,0.521192917005171,1,1,7,1
"07","unit_159","market_159",9,0.520386455192148,1,1,7,1
"07","unit_159","market_159",10,0.524928971787955,1,1,7,1
"07","unit_159","market_159",11,0.802018787370261,1,1,7,1
"07","unit_159","market_159",12,0.723960431064727,1,1,7,1
"07","unit_160","market_160",1,-0.763849351017062,0,1,7,0
"07","unit_160","market_160",2,-0.793837478931431,0,1,7,0
"07","unit_160","market_160",3,-0.887640134373773,0,1,7,0
"07","unit_160","market_160",4,-0.647421028013739,0,1,7,0
"07","unit_160","market_160",5,-0.724741295608496,0,1,7,0
"07","unit_160","market_160",6,-0.779167565782154,0,1,7,0
"07","unit_160","market_160",7,-0.466522388812182,1,1,7,0
"07","unit_160","market_160",8,-0.415667428191678,1,1,7,0
"07","unit_160","market_160",9,-0.461859272524843,1,1,7,0
"07","unit_160","market_160",10,-0.486818474659775,1,1,7,0
"07","unit_160","market_160",11,-0.296696225253768,1,1,7,0
"07","unit_160","market_160",12,-0.28839426417026,1,1,7,0
